0101;0;050;050;AA   Riehl                    ;Amsterdamer Str. 80-86        ;in Fahrtrichtung stadtauswärts     ;   ;
0102;6;010;010;AB   Brück                    ;Astrid-Lindgen-Allee Nr.3-35  ;in Fahrtrichtung Chr.Thomas-Weg    ;   ;
0103;0;030;030;AD   Weidenpesch              ;Etzelstr. Lat.Nr.106-150      ;in Fahrtrichtung A.D.Ginsterberg   ;   ;
0104;0;050;050;AC   Marienburg               ;Heinrich-Lüpke-Ufer Höhe P+R  ;in Fahrtrichtung Stadteinwärts     ;   ;
0105;2;030;030;AE   Bocklemünd/Mengenich     ;Mengenicher Str Höhe Haus 20  ;in Fahrtrichtung Untere Dorfstraße ;   ;
0107;2;030;030;AG   Mauenheim                ;Nibelungenstr. Haus Nr. 38/40 ;in Fahrtrichtung Merheimer Str.    ;   ;
0108;2;030;030;AH   Merheim                  ;Kieskaulerweg ggü. Haus Nr.65 ;in Fahrtrichtung Kratzweg          ;   ;
0109;2;030;030;AI   Sülz                     ;Berrenrather Str. Höhe 179    ;in Fahrtrichtung stadteinwärts     ;   ;
0110;2;030;030;AJ   Sülz                     ;Berrenrather Str. Höhe 194    ;in Fahrtrichtung stadtauswärts     ;   ;
0111;2;030;030;AK   Höhenhaus                ;Thuleweg ggü. Haus-Nr.42      ;in Fahrtrichtung Im Weidenbruch    ;   ;
0112;2;050;050;AL   Zündorf                  ;Wahner Str.64 bis Kirschweg   ;in FR. Schmittgasse                ;   ;
0113;0;050;050;AM   Zündorf                  ;Wahner Str. Laterne 33-Haus 73;in Fahrtrichtung Wahn              ;   ;
0114;0;050;050;AN   Neustadt/Nord            ;Riehler Straße, Haus Nr. 90   ;in Fahrtrichtung Zoobrücke         ;   ;
0115;2;030;030;AO   Bocklemünd/Mengenich     ;Mengenicher Straße Haus Nr. 21;in FR. Grevenbroicher Str.         ;   ;
0116;2;030;030;AP   Müngersdorf              ;Belvederestr. vor Haus Nr. 149;in Fahrtrichtung Wendelinstraße    ;   ;
0117;2;030;030;AQ   Müngersdorf              ;Belvederestr. vor Haus-Nr. 149;in Fahrtrichtung Gregor-Mendel-Ring;   ;
0118;2;030;030;AR   Ehrenfeld                ;Melatengürtel, Laterne 85-77  ;in Fahrtrichtung Weinsbergstraße   ;   ;
0119;0;050;050;AS   Ehrenfeld                ;Melatengürtel, Laterne 24-34  ;in Fahrtrichtung Fröbelstraße      ;   ;
0120;0;050;050;AT   Ehrenfeld                ;Melatengürtel, Laterne 33-27  ;in Fahrtrichtung Oskar-Jäger-Straße;   ;
0121;2;030;030;AU   Rondorf                  ;Reiherstr. vor Haus Nr. 19    ;in Fahrtrichtung Adlerstraße       ;   ;
0122;2;030;030;AV   Rondorf                  ;Reiherstr. ggü. Haus-Nr.19    ;in Fahrtrichtung Hahnenstraße      ;   ;
0123;2;030;030;AW   Bilderstöckchen          ;Escher Str. Haus-Nr. 146-150  ;in Fahrtrichtung Parkgürtel        ;   ;
0124;0;050;050;AX   Holweide                 ;Isenburger Kirchweg 18 a      ;in Fahrtrichtung Ostmerheimer Str. ;   ;
0125;0;050;050;AY   Holweide                 ;Isenburger Kirchweg, Nr. 36-40;in Fahrtrichtung Wichheimer Str.   ;   ;
0126;2;030;030;AZ   Weiden                   ;Breslauer Str., Laterne 6-14  ;in Fahrtrichtung Ostlandstraße     ;   ;
0127;2;030;030;BA   Weiden                   ;Breslauer Str., Laterne 14-6  ;in Fahrtrichtung Aachener Straße   ;   ;
0128;2;030;030;BB   Raderthal                ;Markusstr. vor Haus Nr 89-73  ;in Fahrtrichtung Brühler Straße    ;   ;
0129;2;030;030;BC   Raderthal                ;Markusstr. vor Haus Nr 92-112 ;in Fahrtrichtung Höninger Platz    ;   ;
0130;0;050;050;BD   Ensen                    ;Kölner Str. vor Haus Nr. 59   ;in Fahrtrichtung Porz-Zentrum      ;   ;
0131;0;050;050;BE   Ensen                    ;Kölner Str. Einf. Krankenhaus ;in Fahrtrichtung Porz-Westhoven    ;   ;
0132;0;030;030;BF   Heimersdorf              ;Nettesheimerstr.Hs.Nr.176-76a ;in Fahrtrichtung Stallagsweg       ;   ;
0133;2;030;030;BG   Bilderstöckchen          ;Longericher Straße 119-153    ;in Fahrtrichtung TÜV               ;   ;
0134;2;030;030;BH   Bilderstöckchen          ;Longericher Straße 153-115    ;in Fahrtrichtung Parkgürtel        ;   ;
0135;0;050;050;BI   Bickendorf               ;Mathias-Brüggen-Str./Mühlenweg;in Fahrtrichtung Hugo-Eckener-Str. ;   ;
0136;0;050;050;BJ   Ossendorf                ;Mathias-Brüggen-Str. Lat.61-45;in Fahrtrichtung Venloer Str.      ;   ;
0137;2;030;030;BK   Heimersdorf              ;Nettesheimerstr.Hs.Nr.76a-173 ;in Fahrtrichtung Chorweiler Zubr.  ;   ;
0138;0;050;050;BL   Deutz                    ;Im Hasenthal, Haus Nr. 18     ;in Fahrtrichtung Deutzer Ring      ;   ;
0139;2;030;030;BM   Widdersdorf              ;Hauptstr. vor Haus-Nr. 51-55  ;in Fahrtrichtung Lövenich          ;   ;
0140;2;030;030;BN   Widdersdorf              ;Hauptstraße, vor Haus Nr. 43  ;in Fahrtrichtung Venloer Straße    ;   ;
0141;2;030;030;BO   Widdersdorf              ;Leonhardsgasse, Haus-Nr. 24-28;in Fahrtrichtung Ortsausgang       ;   ;
0142;2;030;030;BP   Widdersdorf              ;Leonhardsgasse, Haus Nr. 18   ;in Fahrtrichtung Hauptstraße       ;   ;
0143;2;030;030;BQ   Zollstock                ;Kalscheurer Weg, Haus 25-31   ;in Fahrtrichtung Höninger Weg      ;   ;
0144;2;030;030;BR   Zollstock                ;Kalscheurer Weg vor Kita      ;in Fahrtrichtung Zollstockgürtel   ;   ;
0145;2;030;030;BS   Rath/Heumar              ;Röttgensweg, Haus Nr. 59-55   ;in Fahrtrichtung Rösrather Straße  ;   ;
0146;2;030;030;BT   Rath/Heumar              ;Röttgensweg vor Haus-Nr. 40-44;in Fahrtrichtung Forststraße       ;   ;
0147;2;030;030;BU   Dünnwald                 ;Prämonstratenserstr. Haus 78  ;in FR. Dünnwalder Kommunalweg      ;   ;
0148;2;030;030;BV   Niehl                    ;Nesselrodestr. vor Haus Nr. 9 ;in Fahrtrichtung Niehler Straße    ;   ;
0149;2;030;030;BW   Niehl                    ;Nesselrodestr. Haus Nr. 18-20 ;in Fahrtrichtung Amsterdamer Straße;   ;
0150;2;030;030;BX   Dellbrück                ;Berg. Gladbacher Str.837-791  ;in Fahrtrichtung stadteinwärts     ;   ;
0151;2;030;030;BY   Dellbrück                ;Berg. Gladbacher Str.858-900  ;in Fahrtrichtung stadtauswärts     ;   ;
0153;2;030;030;CA   Rath/Heumar              ;Forststr. vor Haus-Nr. 25a    ;in Fahrtrichtung Eiler Straße      ;   ;
0154;2;030;030;CB   Rath/Heumar              ;Forststr. vor Haus-Nr. 26a    ;in Fahrtrichtung Heumarer Mauspfad ;   ;
0155;3;050;050;CC   Junkersdorf              ;Dürener Str. Haus-Nr. 422-420 ;in Fahrtrichtung stadteinwärts     ;   ;
0156;0;050;050;CD   Buchheim                 ;Frankfurter Str. Laterne 81-89;in Fahrtrichtung Mülheim           ;   ;
0157;2;050;050;CE   Gremberghoven            ;Rather Str., Laterne Nr. 5    ;in Fahrtrichtung Frankfurter Straße;   ;
0158;2;030;030;CF   Höhenhaus                ;Imbacher Weg Hs.Nr.10-22      ;in Fahrtrichtung Zeisbuschweg      ;   ;
0161;2;030;030;CI   Höhenhaus                ;Imbacher Weg Hs.Nr.22-10      ;in Fahrtrichtung Lippeweg          ;   ;
0162;2;030;030;CJ   Finkenberg               ;Stresemannstr., Laterne 19-21 ;in Fahrtrichtung Theodor-Heuss-Str.;   ;
0163;0;050;050;CK   Zündorf                  ;Hauptstr. vor Haus Nr. 107-111;in Fahrtrichtung Langel            ;   ;
0164;0;050;050;CL   Urbach                   ;Mühlenweg vor Haus-Nr. 44-48  ;in Fahrtrichtung Friedensstraße    ;   ;
0165;2;030;030;CM   Grengel                  ;Friedensst. vor Haus Nr. 36   ;in Fahrtrichtung Akazienweg        ;   ;
0166;2;030;030;CN   Pesch                    ;Mengenicher Str., Haus Nr. 22 ;in Fahrtrichtung Pescher Weg       ;   ;
0167;2;030;030;CO   Pesch                    ;Mengenicher Str., Haus Nr. 39 ;in Fahrtrichtung Longericher Straße;   ;
0168;2;030;030;CP   Pesch                    ;Schulstr., vor Haus Nr. 77    ;in Fahrtrichtung Mengenicher Straße;   ;
0169;2;030;030;CQ   Merheim                  ;Kieskaulerweg vor Haus Nr. 55 ;in Fahrtrichtung Fußfallstraße     ;   ;
0170;2;030;030;CR   Merheim                  ;Kieskaulerweg vor Haus Nr. 55 ;in Fahrtrichtung Kratzweg          ;   ;
0171;0;050;050;CS   Holweide                 ;Isenburger Kirchweg, Nr. 36-42;in Fahrtrichtung Ostmerheimer Str. ;   ;
0172;0;050;050;CT   Niehl                    ;Niehler Damm, Haus Nr 149-187 ;in Fahrtrichtung Boltensternstraße ;   ;
0173;0;050;050;CU   Niehl                    ;Niehler Damm, Haus Nr 149-183 ;in Fahrtrichtung Sebastianstraße   ;   ;
0174;2;030;030;CV   Neubrück                 ;Europaring ggü. Haus-Nr. 9    ;in Fahrtrichtung Ernst-Reuter-Str. ;   ;
0175;2;030;030;CW   Neubrück                 ;Europaring, Haus-Nr. 108-88   ;in FR. Ludwig-Quidde-Platz         ;   ;
0176;2;030;030;CX   Vingst                   ;Lustheider Straße, Haus 50-24 ;in Fahrtrichtung Ostheimer Straße  ;   ;
0177;2;030;030;CY   Vingst                   ;Lustheider Straße, Haus 28-54 ;in Fahrtrichtung Vingster Ring     ;   ;
0178;2;030;030;CZ   Vingst                   ;Kuthstraße, Haus Nr. 84-86    ;in FR. Alter Deutzer Postweg       ;   ;
0179;2;030;030;DA   Vingst                   ;Kuthstraße, Haus-Nr. 84-90    ;in FR. Alter Deutzer Postweg       ;   ;
0180;2;030;030;DB   Vingst                   ;Kuthstr. Laterne 31-HausNr 103;in Fahrtrichtung Kampgasse         ;   ;
0181;0;050;050;DC   Langel                   ;Lülsdorfer Str.236 ggü Lat.83 ;in Fahrtrichtung Ortsausgang       ;   ;
0182;0;050;050;DD   Langel                   ;Lülsdorfer Str. 220-234a      ;in Fahrtrichtung Sandbergstraße    ;   ;
0183;2;030;030;DE   Bickendorf               ;Sandweg, ggü. Haus Nr. 27-33  ;in Fahrtrichtung Erlenweg          ;   ;
0184;2;030;030;DF   Bickendorf               ;Erlenweg, hinter Laterne 21   ;in Fahrtrichtung Venloer Straße    ;   ;
0185;2;030;030;DG   Ehrenfeld                ;Piusstr. Hs.Nr. 62-88         ;in Fahrtrichtung Weinsbergsttr.    ;   ;
0186;2;030;030;DH   Müngersdorf              ;Wendelinstr. vor der Schule   ;in Fahrtrichtung Vitalisstraße     ;   ;
0187;0;050;050;DI   Buchforst                ;Kalk-Mülheimer Str., Lat.38-36;in Fahrtrichtung Kalk              ;   ;
0188;0;050;050;DJ   Buchforst                ;Kalk-Mülheimer Str. 332-334   ;in Fahrtrichtung Rendsburger Platz ;   ;
0189;2;050;050;DK   Lind                     ;Linder Mauspfad, Haus 79-97   ;in Fahrtrichtung Spich             ;   ;
0190;0;050;050;DL   Lind                     ;Linder Mauspfad, Haus 71-87   ;in Fahrtrichtung Wahnheide         ;   ;
0191;2;030;030;DM   Rondorf                  ;Adlerstr., ggü. Haus-Nr. 34-38;in Fahrtrichtung Reiherstraße      ;   ;
0192;2;030;030;DN   Lindweiler               ;Marienberger Weg, Laterne 26e ;in Fahrtrichtung Unnauer Weg       ;   ;
0193;2;030;030;DO   Roggendorf/Thenhoven     ;Sinnersdorfer Str. 182        ;in Fahrtrichtung Baptiststraße     ;   ;
0194;2;030;030;DP   Worringen                ;An den Kaulen, Haus Nr. 50-60 ;in Fahrtrichtung Dornstraße        ;   ;
0195;2;030;030;DQ   Worringen                ;An den Kaulen, Haus Nr.61-45  ;in FR. Hackenbroicher Straße       ;   ;
0196;2;030;030;DR   Bilderstöckchen          ;Geldernstr., Haus Nr. 59-63   ;in Fahrtrichtung Escher Straße     ;   ;
0197;2;030;030;DS   Bilderstöckchen          ;Geldernstr., Haus 53-Lat.44   ;in Fahrtrichtung Parkgürtel        ;   ;
0198;2;030;030;DT   Worringen                ;Dornstr. vor Haus-Nr. 26-28   ;in Fahrtrichtung Dörnchensweg      ;   ;
0199;2;030;030;DU   Worringen                ;Dornstr. ggü. Haus-Nr. 36     ;in Fahrtrichtung Neusser Landstraße;   ;
0200;2;030;030;DV   Roggendorf/Thenhoven     ;Berrischstr. HausNr 114-132   ;in Fahrtrichtung Baptiststraße     ;   ;
0201;2;030;030;DW   Roggendorf/Thenhoven     ;Berrischstr. HausNr 114-118   ;in Fahrtrichtung Walter-Dodde-Weg  ;   ;
0202;2;030;030;DX   Bocklemünd/Mengenich     ;Ollenhauerring, Laterne 55-57 ;in Fahrtrichtung Gottschalkstraße  ;   ;
0203;2;030;030;DY   Bocklemünd/Mengenich     ;Ollenhauerring, Laterne 55-57 ;in Fahrtrichtung Militärringstraße ;   ;
0204;2;030;030;DZ   Volkhoven/Weiler         ;Volkhovener Weg, Haus Nr. 217 ;in Fahrtrichtung Merianstraße      ;   ;
0205;2;030;030;EA   Ehrenfeld                ;Piusstr. Hs. Nr. 88-62        ;in Fahrtrichtung Barthelstr.       ;   ;
0206;2;030;030;EB   Holweide                 ;Neufelder Str., vor Haus Nr. 7;in Fahrtrichtung Schwabstraße      ;   ;
0207;2;030;030;EC   Holweide                 ;Andersenstraße, Haus Nr. 5-9  ;in Fahrtrichtung Kreisverkehr      ;   ;
0208;2;030;030;ED   Neuehrenfeld             ;Baadenberger Str.Höhe Schule  ;in Fahrtrichtung Hadersleber Str.  ;   ;
0209;2;030;030;EE   Neuehrenfeld             ;Baadenberger Str.Höhe Schule  ;in Fahrtrichtung Ossendorfer Str.  ;   ;
0210;2;030;030;EF   Poll                     ;Auf dem Sandberg 25-29        ;in Fahrtrichtung Siegburger Straße ;   ;
0211;2;030;030;EG   Esch/Auweiler            ;Auweiler Straße, Laterne 45   ;in Fahrtrichtung Esch              ;   ;
0212;2;030;030;EH   Esch/Auweiler            ;Auweiler Straße vor Laterne 51;in Fahrtrichtung Auweiler          ;   ;
0213;2;030;030;EI   Dellbrück                ;Grafenmühlenweg, Haus 18-22   ;in Fahrtrichtung Auf der Jüchen    ;   ;
0214;2;030;030;EJ   Dellbrück                ;Grafenmühlenweg, Haus 29-19   ;in FR. Bergisch Gladbacher Straße  ;   ;
0215;0;050;050;EK   Poll                     ;Rolshover Kirchweg 68-68c     ;in Fahrtrichtung Am Grauen Stein   ;   ;
0216;0;050;050;EL   Poll                     ;Rolshover Kirchweg, Lat.10-12 ;in Fahrtrichtung Dr.-Simons-Straße ;   ;
0217;3;050;050;EM   Junkersdorf              ;Dürener Str. Am Helenentor 1  ;in Fahrtrichtung Marsdorf          ;   ;
0218;0;050;050;EN   Langel                   ;Sandbergstraße 109-9          ;in Fahrtrichtung Lülsdorfer Straße ;   ;
0219;0;050;050;EO   Humboldt-Gremberg        ;Rolshover Straße 129-133      ;in Fahrtrichtung Odenwaldstraße    ;   ;
0220;2;030;030;EP   Niehl                    ;Niehler Kirchweg, Lat. 38-36  ;in Fahrtrichtung Neusser Straße    ;   ;
0221;2;030;030;EQ   Bickendorf               ;Rochusstraße, Haus Nr. 80-106 ;in Fahrtrichtung Frohnhofstraße    ;   ;
0222;2;030;030;ER   Hoehenhaus               ;Honschaftsstraße 312          ;in Fahrtrichtung Am Pfropfbusch    ;   ;
0223;2;030;030;ES   Hoehenhaus               ;Honschaftsstraße 312          ;in Fahrtrichtung Im Weidenbruch    ;   ;
0224;0;050;050;ET   Niehl                    ;Friedrich-Karl-Straße 214-238 ;in Fahrtrichtung Amsterdamer Straße;   ;
0225;0;050;050;EU   Niehl                    ;Friedrich-Karl-Straße 251-241 ;in Fahrtrichtung Niehler Straße    ;   ;
0226;0;050;050;EV   Neustadt/Süd             ;Vorgebirgstraße, Laterne 21-29;in Fahrtrichtung Am Vorgebirgstor  ;   ;
0227;2;030;030;EW   Höhenhaus                ;Thuleweg ggüb.Hs.Nr.42        ;in Fahrtrichtung Sigwinstr.        ;   ;
0228;0;050;050;EX   Marienburg               ;Bonner Str.ggü.Nr.459a-475    ;in Fahrtrichtung Verteilerkreis    ;   ;
0229;6;010;010;EY   Merkenich                ;Merkenicher Ringstr. 137-149  ;in FR. Merkenicher Hauptstraße     ;   ;
0230;2;030;030;EZ   Sülz                     ;Berrenrather Straße Höhe 488  ;in Fahrtrichtung stadteinwärts     ;   ;
0231;2;030;030;FA   Sülz                     ;Berrenrather Straße Höhe 488  ;in Fahrtrichtung stadtauswärts     ;   ;
0232;2;030;030;FB   Höhenhaus                ;Am Springborn, BAB-brücke     ;in Fahrtrichtung Honschaftsstraße  ;   ;
0233;2;030;030;FC   Hoehenhaus               ;Malvenweg vor HausNr 31-37    ;in Fahrtrichtung Melissenweg       ;   ;
0234;2;030;030;FD   Hoehenhaus               ;Malvenweg vor HausNr 31-37    ;in Fahrtrichtung Honschaftsstraße  ;   ;
0235;2;030;030;FE   Hoehenhaus               ;Thymianweg 1 bis Laterne 5    ;in Fahrtrichtung Im Weidenbruch    ;   ;
0236;2;030;030;FF   Hoehenhaus               ;Thymianweg 1 bis Laterne 5    ;in Fahrtrichtung Am Springborn     ;   ;
0237;2;030;030;FG   Volkhoven/Weiler         ;Weilerweg vor Haus Nr. 68-70  ;in Fahrtrichtung Wezelostraße      ;   ;
0238;2;030;030;FH   Volkhoven/Weiler         ;Weilerweg ggü. Haus Nr. 58-60 ;in Fahrtrichtung Fühlinger Weg     ;   ;
0239;2;030;030;FI   Bickendorf               ;Ossendorfer Weg, Laterne 15   ;in FR. Mathias-Brüggen-Straße      ;   ;
0240;2;030;030;FJ   Holweide                 ;Neufelder Str. ggü. Haus 38   ;in Fahrtrichtung Dabringhauser Str.;   ;
0241;2;030;030;FK   Holweide                 ;Neufelder Straße 26-28        ;in Fahrtrichtung Krankenhaus       ;   ;
0242;0;050;050;FL   Riehl                    ;Boltensternstraße ggü. Haus 16;in Fahrtrichtung An der Schanz     ;   ;
0243;2;030;030;FM   Holweide                 ;Schwabstraße vor Haus Nr. 16  ;in Fahrtrichtung Kreisverkehr      ;   ;
0244;2;030;030;FN   Esch/Auweiler            ;Chobuschstr.Hs.Nr.46-44       ;in Fahrtrichtung Am Baggerfeld     ;   ;
0245;2;030;030;FO   Esch/Auweiler            ;Chorbuschstr.Hs.Nr.44-46      ;in Fahrtrichtung Klosterstraße     ;   ;
0246;2;030;030;FP   Lindenthal               ;Clarenbachstraße 5-15         ;in Fahrtrichtung Brucknerstraße    ;   ;
0247;0;030;030;FQ   Bilderstöckchen          ;Schiefersburger Weg 39-45     ;in Fahrtrichtung Escher Straße     ;   ;
0248;2;030;030;FR   Bilderstöckchen          ;Reutlinger Str., Laterne 21-19;in Fahrtrichtung Escher Straße     ;   ;
0249;2;030;030;FS   Zündorf                  ;Rosenhügel vor Haus Nr. 32-38 ;in Fahrtrichtung Irisweg           ;   ;
0250;2;030;030;FT   Zündorf                  ;Rosenhügel ggü. Haus Nr. 30-38;in Fahrtrichtung Hauptstraße       ;   ;
0251;2;050;050;FU   Riehl                    ;Boltensternstr. Haus Nr. 16   ;in Fahrtrichtung Barbarastraße     ;   ;
0252;2;030;030;FV   Rath/Heumar              ;Lützerathstraße 134 - 128     ;in Fahrtrichtung Rösrather Straße  ;   ;
0253;2;030;030;FW   Longerich                ;Longericher Hauptstr. Lat.40  ;in Fahrtrichtung Grethenstraße     ;   ;
0254;2;030;030;FX   Merkenich                ;Merkenicher Hauptstraße 73    ;in Fahrtrichtung Ivenshofweg       ;   ;
0255;2;030;030;FY   Dünnwald                 ;Dünnwalder Mauspfad 433       ;in Fahrtrichtung Berliner Straße   ;   ;
0256;2;030;030;FZ   Dünnwald                 ;Dünnwalder Mauspfad 388       ;in Fahrtrichtung Berliner Straße   ;   ;
0257;2;030;030;GA   Longerich                ;Paul-Humburg-Straße 24-8      ;in FR. Johannes-Rings-Straße       ;   ;
0258;2;030;030;GB   Longerich                ;Paul-Humburg-Straß4 8-24      ;in Fahrtrichtung Lohmüllerstraße   ;   ;
0259;2;030;030;GC   Longerich                ;Longericher Str. geg Nr.387   ;in Fahrtrichtung Lohmüllerstr.     ;   ;
0260;2;030;030;GD   Longerich                ;Longericher Str.geg Nr.387    ;in Fahrtrichtung Hansenstr.        ;   ;
0261;2;030;030;GE   Roggendorf/Thenhoven     ;Sinnersdorfer Straße 175      ;in Fahrtrichtung Baptiststraße     ;   ;
0262;2;030;030;GF   Lövenich                 ;Kölner Str. vor Schule        ;in Fahrtrichtung Brauweilerstraße  ;   ;
0263;2;030;030;GG   Lövenich                 ;Kölner Str. vor Schule        ;in Fahrtrichtung Industriegebiet   ;   ;
0264;2;030;030;GH   Poll                     ;Salmstr. in Höhe Laterne 16-20;in Fahrtrichtung Poller Hauptstraße;   ;
0265;2;030;030;GI   Meschenich               ;Brühler Landstraße 452-468    ;in Fahrtrichtung stadtauswärts     ;   ;
0266;2;030;030;GJ   Meschenich               ;Brühler Landstraße 509-441    ;in Fahrtrichtung stadteinwärts     ;   ;
0267;2;030;030;GK   Bilderstöckchen          ;Escher Straße vor Laterne 36  ;in Fahrtrichtung Geldernstraße     ;   ;
0268;2;030;030;GL   Raderthal                ;Brühler Str.Hs.Nr.279         ;in Fahrtrichtung Markusstr.        ;   ;
0269;2;030;030;GM   Raderthal                ;Brühler Str.HS.Nr.279         ;in Fahrtrichtung Militärringstr.   ;   ;
0270;2;030;030;GN   Ossendorf                ;Frohnhofstr. Haus Nr. 72-28   ;in Fahrtrichtung Margaretastraße   ;   ;
0271;2;030;030;GO   Ossendorf                ;Frohnhofstr. Haus Nr. 28-58   ;in Fahrtrichtung Rochusstraße      ;   ;
0272;2;030;030;GP   Widdersdorf              ;Hauptstraße ggü. Laterne 9    ;in Fahrtrichtung Ortsmitte         ;   ;
0273;2;030;030;GQ   Widdersdorf              ;Hauptstraße vor Haus-Nr. 3    ;in Fahrtrichtung Brauweiler        ;   ;
0274;0;050;050;GR   Mülheim                  ;Deutz-Mülheimer Str. 138-148  ;in Fahrtrichtung Mülheimer Brücke  ;   ;
0275;0;050;050;GS   Mülheim                  ;Deutz-Mülheimer Str. 148-138  ;in Fahrtrichtung Deutz             ;   ;
0276;2;030;030;GT   Mülheim                  ;Holweider Straße, Kindergarten;in Fahrtrichtung Zehntstraße       ;   ;
0277;2;030;030;GU   Mülheim                  ;Holweider Straße, Kindergarten;in Fahrtrichtung Keupstraße        ;   ;
0278;2;030;030;GV   Mülheim                  ;Holweider Straße, ggü. Schule ;in FR. Bergisch Gladbacher Straße  ;   ;
0279;2;030;030;GW   Mülheim                  ;Holweider Straße, ggü. Schule ;in Fahrtrichtung Keupstraße        ;   ;
0280;0;030;030;GX   Mülheim                  ;Danzierstraße, Höhe der Schule;in Fahrtrichtung Bergischer Ring   ;   ;
0281;0;030;030;GY   Mülheim                  ;Danzierstraße, Höhe der Schule;in FR. Deutz-Mülheimer-Straße      ;   ;
0282;2;030;030;GZ   Kalk                     ;Kalk-Mülheimer Str. Höhe Kita ;in Fahrtrichtung Heidelberger Str. ;   ;
0283;2;030;030;HA   Kalk                     ;Kalk-Mülheimer Str. Höhe Kita ;in Fahrtrichtung Wipperfürther Str.;   ;
0284;2;030;030;HB   Humboldt-Gremberg        ;Odenwaldstr. ggü. Haus Nr. 98 ;in Fahrtrichtung Poll-Vingster-Str.;   ;
0285;2;030;030;HC   Humboldt-Gremberg        ;Odenwaldstr. ggü. Haus Nr. 98 ;in Fahrtrichtung Lüderichstraße    ;   ;
0286;2;030;030;HD   Kalk                     ;Falckensteinstr., Höhe Schule ;in Fahrtrichtung Vereinsstraße     ;   ;
0287;2;030;030;HE   Kalk                     ;Falckensteinstraße, Spielplatz;in Fahrtrichtung Vereinsstraße     ;   ;
0288;2;030;030;HF   Mauenheim                ;Bergstrasse 26 bis Schule     ;in Fahrtrichtung Neue Kempener Str.;   ;
0289;2;030;030;HG   Mauenheim                ;Bergstrasse 26 bis Schule     ;in Fahrtrichtung Merheimer Straße  ;   ;
0290;2;030;030;HH   Gremberghoven            ;Hohenstaufenstr., Laterne 8-4 ;in Fahrtrichtung Frankenplatz      ;   ;
0291;2;030;030;HI   Gremberghoven            ;Hohenstaufenstr., Laterne 6-10;in Fahrtrichtung Steinstraße       ;   ;
0292;0;050;050;HJ   Niehl                    ;Boltensternstraße 343-345     ;in Fahrtrichtung Industriestraße   ;   ;
0293;0;050;050;HK   Niehl                    ;Boltensternstraße 345         ;in Fahrtrichtung Mülheimer Brücke  ;   ;
0294;0;050;050;HL   Riehl                    ;Amsterdamer Straße 103-107    ;in Fahrtrichtung Zoobrücke         ;   ;
0295;2;030;030;HM   Godorf                   ;Buchfinkenstraße 13           ;in FR. Am Godorfer Kirchweg        ;   ;
0296;2;030;030;HN   Godorf                   ;Buchfinkenstraße 11           ;in Fahrtrichtung Immendorfer Straße;   ;
0297;2;030;030;HO   Godorf                   ;Immendorfer Straße, Friedhof  ;in Fahrtrichtung Buchfinkenstraße  ;   ;
0298;2;030;030;HP   Godorf                   ;Immendorfer Straße, Friedhof  ;in Fahrtrichtung Autobahnbrücke    ;   ;
0299;2;030;030;HQ   Eil                      ;Pfaffenpfädchen 19-27         ;in Fahrtrichtung Frankfurter Straße;   ;
0300;2;030;030;HR   Eil                      ;Pfaffenpfädchen 13-19         ;in Fahrtrichtung Bergerstraße      ;   ;
0301;2;030;030;HS   Eil                      ;Mozartstraße 16-16B           ;in Fahrtrichtung Schubertstraße    ;   ;
0302;2;030;030;HT   Eil                      ;Mozartstraße 16-16B           ;in Fahrtrichtung Frankfurter Straße;   ;
0303;2;030;030;HU   Zündorf                  ;Hauptstr. vor Haus-Nr. 41     ;in Fahrtrichtung Langel            ;   ;
0304;2;030;030;HV   Zündorf                  ;Schmittgasse 144-120          ;in Fahrtrichtung Houdainer Straße  ;   ;
0305;2;030;030;HW   Zündorf                  ;Schmittgasse, 69-65           ;in Fahrtrichtung Wahner Straße     ;   ;
0306;2;030;030;HX   Zündorf                  ;Schmittgasse 50-46            ;in Fahrtrichtung Westfeldgasse     ;   ;
0307;2;030;030;HY   Dünnwald                 ;Auguste-Kowalski-Straße 88-98 ;in Fahrtrichtung Am Weißen Mönch   ;   ;
0308;2;030;030;HZ   Dünnwald                 ;Auguste-Kowalski-Str.,Lat.6-16;in Fahrtrichtung Leimbachweg       ;   ;
0309;2;030;030;IA   Weiden                   ;Bistritzer Straße 94-114      ;in Fahrtrichtung Kronstädter Straße;   ;
0310;2;030;030;IB   Weiden                   ;Bistritzer Str. Nr.114-94     ;in Fahrtrichtung Breslauer Straße  ;   ;
0311;2;030;030;IC   Lindenthal               ;Decksteiner Str. Haus Nr. 54  ;in Fahrtrichtung Bachemer Straße   ;   ;
0312;2;030;030;ID   Altstadt-Süd             ;Löwengasse, Haus Nr. 11       ;in Fahrtrichtung Weberstraße       ;   ;
0313;2;030;030;IE   Altstadt-Süd             ;Weberstr., Laterne 7          ;in Fahrtrichtung Follerstraße      ;   ;
0314;2;030;030;IF   Lövenich                 ;Saarstr., Lat.26 - Haus Nr.5  ;in Fahrtrichtung Am Heidstamm      ;   ;
0315;2;030;030;IG   Lövenich                 ;Saarstr. Haus Nr 38-42        ;in Fahrtrichtung Siegstraße        ;   ;
0316;2;030;030;IH   Dellbrück                ;Gierather Str., Höhe Haus 32a ;in Fahrtrichtung Refrather Straße  ;   ;
0317;2;030;030;II   Dellbrück                ;Gierather Str., Haus Nr.29-33 ;in Fahrtrichtung Strundener Straße ;   ;
0318;2;030;030;IJ   Dellbrück                ;Gierather Str., Haus Nr.62-64 ;in Fahrtrichtung Refrather Straße  ;   ;
0319;2;030;030;IK   Longerich                ;Heckweg, Haus Nr. 17-7        ;in Fahrtr. Longericher Hauptstraße ;   ;
0320;2;030;030;IL   Rondorf                  ;Rondorfer Hauptstraße 97-95   ;in Fahrtrichtung Giesdorfer Straße ;   ;
0321;2;030;030;IM   Rondorf                  ;Rondorfer Hauptstraße, Kita   ;in Fahrtrichtung Ortsausgang       ;   ;
0322;2;030;030;IN   Rondorf                  ;Am Höfchen, Haus Nr. 25-27    ;in FR. Rondorfer Hauptstraße       ;   ;
0323;2;030;030;IO   Rondorf                  ;Am Höfchen, Haus Nr. 31-33    ;in Fahrtrichtung Birkenweg         ;   ;
0324;0;050;050;IP   Zollstock                ;Vorgebirgstraße 205-211       ;in Fahrtrichtung stadteinwärts     ;   ;
0325;0;050;050;IQ   Zollstock                ;Vorgebirgstraße 171-193       ;in Fahrtrichtung stadtauswärts     ;   ;
0326;0;050;050;IR   Raderthal                ;Raderthalgürtel, Laterne 28   ;in Fahrtrichtung Vorgebirgstraße   ;   ;
0327;0;050;050;IS   Raderthal                ;Raderthalgürtel, Laterne 39   ;in Fahrtrichtung Brühler Straße    ;   ;
0328;2;030;030;IT   Urbach                   ;Mühlenweg, Laterne 20-22      ;in Fahrtrichtung Friedensstraße    ;   ;
0329;2;030;030;IU   Urbach                   ;Mühlenweg, Laterne 20-21      ;in Fahrtrichtung Pappelallee       ;   ;
0330;2;030;030;IV   Dellbrück                ;Gemarkenstraße, Haus Nr. 74-82;in Fahrtrichtung Otto-Kayser-Straße;   ;
0331;2;030;030;IW   Dellbrück                ;Gemarkenstraße, Haus Nr. 79-65;in Fahrtrichtung Thurner Straße    ;   ;
0332;2;030;030;IX   Pesch                    ;Escher Straße, Laterne 22     ;in Fahrtrichtung Pescher Holz      ;   ;
0333;2;030;030;IY   Heimersdorf              ;Volkhovener Weg, Laterne 59-57;in Fahrtrichtung Militärringstraße ;   ;
0334;0;030;030;IZ   Lindweiler               ;Unnauer Weg, Haus Nr. 96 A    ;in Fahrtrichtung Soldiner Straße   ;   ;
0335;0;030;030;JA   Lindweiler               ;Unnauer Weg, Haus Nr. 96 A    ;in Fahrtrichtung Pescher Weg       ;   ;
0336;2;030;030;JB   Lövenich                 ;An der Ronne, Spielplatz      ;in FR. Widdersdorfer Landstraße    ;   ;
0337;2;030;030;JC   Lövenich                 ;An der Ronne, Haus Nr. 16     ;in Fahrtrichtung Brauweilerstraße  ;   ;
0338;2;030;030;JD   Brück                    ;Pohlstadtsweg 469-475         ;in Fahrtrichtung Olpener Straße    ;   ;
0339;0;050;050;JE   Marienburg               ;Raderberggürtel Laterne 15-21 ;in Fahrtrichtung Brühler Straße    ;   ;
0340;0;050;050;JF   Marienburg               ;Raderberggürtel ggüb. Schule  ;in Fahrtrichtung Bonner Straße     ;   ;
0341;2;030;030;JG   Altstadt-Süd             ;Kartäuserwall, Hs.Nr. 18-28   ;in Fahrtrichtung Ulrichgasse       ;   ;
0342;0;050;050;JH   Mülheim                  ;Clevischer Ring 121           ;in Fahrtrichtung Dünnwalder Straße ;   ;
0343;2;030;030;JI   Rondorf                  ;Weißdornweg geg.Lindenweg     ;in Fahrtrichtung Rodenkirchen      ;   ;
0344;2;030;030;JJ   Rondorf                  ;Weißdornweg vor Birkenweg L18 ;in Fahrtrichtung Lindenweg         ;   ;
0345;3;050;050;JK   Roggendorf/Thenhoven     ;Sinnersdorfer Str AS Worringen;in Fahrtrichtung Thenhoven         ;   ;
0346;3;050;050;JL   Roggendorf/Thenhoven     ;Sinnersdorfer Str AS Worringen;in Fahrtrichtung Sinnersdorf       ;   ;
0347;0;050;050;JM   Riehl                    ;MülheimerBrücke Brückenpfeiler;in Fahrtrichtung Riehl             ;   ;
0348;0;050;050;JN   Mülheim                  ;Bergischer Ring 35-39         ;in Fahrtrichtung Deutz             ;   ;
0349;2;030;030;JO   Bilderstöckchen          ;Alzeyer Straße, Haus Nr. 25-29;in Fahrtrichtung Escher Straße     ;   ;
0350;2;030;030;JP   Bilderstöckchen          ;Alzeyer Straße, Haus Nr. 12d  ;in Fahrtrichtung Am Bilderstöckchen;   ;
0351;0;050;050;JQ   Nippes                   ;Xantener Str., Laterne 21-23  ;in Fahrtrichtung Amsterdamer Straße;   ;
0352;0;050;050;JR   Nippes                   ;Xantener Str., Laterne 21-23  ;in Fahrtrichtung Niehler Straße    ;   ;
0353;0;030;030;JS   Höhenhaus                ;Im Weidenbruch, ggü Laterne 36;in Fahrtrichtung Jungbornweg       ;   ;
0354;6;010;010;JT   Merkenich                ;Merkenicher Ringstr. 149-137  ;in Fahrtrichtung Jungbluthstraße   ;   ;
0355;2;030;030;JU   Dellbrück                ;Dellbrücker Hauptstraße 12    ;in Fahrtrichtung Hatzfeldstraße    ;   ;
0356;2;030;030;JV   Dellbrück                ;Dellbrücker Hauptstraße 21-25 ;in Fahrtrichtung Hatzfeldstraße    ;   ;
0357;2;030;030;JW   Dellbrück                ;Dellbrücker Hauptstr. 26-30   ;in Fahrtrichtung Thurner Straße    ;   ;
0358;2;050;050;JX   Deutz                    ;Gummersbacher Straße Laterne 5;in FR. Deutz-Kalker Straße         ;   ;
0359;2;030;030;JY   Vogelsang                ;Vogelsanger Straße, Nr. 458   ;in Fahrtrichtung Entenweg          ;   ;
0360;2;030;030;JZ   Nippes                   ;Niehler Kirchweg, Lat. 26-14  ;in Fahrtrichtung Neusser Straße    ;   ;
0361;2;030;030;KA   Nippes                   ;Niehler Kirchweg, Lat. 20-26  ;in FR. Friedrich-Karl-Straße       ;   ;
0362;2;030;030;KB   Heimersdorf              ;Stallagsweg, Haus Nr. 163-169 ;in Fahrtrichtung Zedernweg         ;   ;
0363;2;030;030;KC   Heimersdorf              ;Stallagsweg, Haus Nr. 179-163 ;in Fahrtrichtung Volkhovener Weg   ;   ;
0364;2;030;030;KD   Niehl                    ;Sebastianstrasse 203-207      ;in Fahrtrichtung Niehler Strasse   ;   ;
0365;2;030;030;KE   Niehl                    ;Sebastianstrasse 96 a - 102   ;in Fahrtrichtung Niehler Damm      ;   ;
0366;2;030;030;KF   Volkhoven/Weiler         ;Fühlinger Weg, Höhe Schule    ;in Fahrtrichtung Weiler Weg        ;   ;
0367;2;030;030;KG   Volkhoven/Weiler         ;Fühlinger Weg, Höhe Schule    ;in Fahrtrichtung Thujaweg          ;   ;
0368;2;030;030;KH   Holweide                 ;Piccoloministr., Höhe Haus 283;in Fahrtrichtung Honschaftsstraße  ;   ;
0369;2;030;030;KI   Holweide                 ;Piccoloministr., geg. Haus 264;in Fahrtrichtung Buschfeldstraße   ;   ;
0370;2;030;030;KJ   Altstadt-Nord            ;Kyotostr., Lat.2 - Gereonswall;in Fahrtrichtung Hansaring         ;   ;
0371;2;030;030;KK   Altstadt-Nord            ;Kyotostraße, Lat.7 bis Haus 1 ;in Fahrtrichtung Victoriastraße    ;   ;
0372;2;030;030;KL   Niehl                    ;Sebastianstraße 215-217       ;in Fahrtrichtung Niehler Damm      ;   ;
0373;2;030;031;KM   Heimersdorf              ;Volkhovener Weg, Laterne 59-61;in Fahrtrichtung Fritz-Wacker-Str. ;   ;
0374;0;050;050;KN   Höhenhaus                ;Berliner Straße 488-486       ;in Fahrtrichtung stadteinwärts     ;   ;
0375;0;050;050;KO   Höhenhaus                ;Berliner Str. Haus Nr. 398    ;in Fahrtrichtung stadtauswärts     ;   ;
0376;0;050;050;KP   Zollstock                ;Vorgebirgstr. Haus Nr. 149-159;in Fahrtrichtung stadteinwärts     ;   ;
0377;0;050;050;KQ   Zollstock                ;Vorgebirgstr. Haus Nr. 106-120;in Fahrtrichtung stadtauswärts     ;   ;
0378;0;030;030;KR   Worringen                ;Bitterstr. Höhe Haus 17-11    ;in Fahrtrichtung Hackhauser Weg    ;   ;
0379;0;030;030;KS   Worringen                ;Bitterstr. Höhe Haus 13-21    ;in FR. Hackenbroicher Straße       ;   ;
0380;0;050;050;KT   Lindenthal               ;Kitschburger Str., Laterne 23 ;in Fahrtrichtung Maarweg           ;   ;
0381;0;050;050;KU   Lindenthal               ;Kitschburger Str., Wildpark   ;in Fahrtrichtung Dürener Straße    ;   ;
0382;0;050;050;KV   Sülz                     ;Sülzgürtel, Laterne 31-25     ;in Fahrtrichtung Zollstock         ;   ;
0383;2;030;030;KW   Fühlingen                ;Neusser Landstraße 71         ;in Fahrtrichtung Seeberg           ;   ;
0384;2;030;030;KX   Ensen                    ;Urbacher Weg, Lat.35 - PSA1548;in Fahrtrichtung Steinstraße       ;   ;
0385;2;030;030;KY   Porz                     ;Urbacher Weg, Laterne 21 - 25 ;in Fahrtrichtung Kölner Straße     ;   ;
0386;0;050;050;KZ   Neustadt-Süd             ;Agrippinaufer, Haus Nr 10     ;in Fahrtrichtung Bayenthal         ;   ;
0387;2;030;030;LA   Bayenthal                ;Alteburger Str., Haus Nr. 343 ;in Fahrtrichtung Tacitusstraße     ;   ;
0388;0;050;050;LB   Stammheim                ;Stammheimer Ring, Nr.145-165  ;in Fahrtrichtung Flittard          ;   ;
0389;0;050;050;LC   Stammheim                ;Stammheimer Ring, Nr. 165-165 ;in Fahrtrichtung Schloßstraße      ;   ;
0390;3;080;080;LD   Zündorf                  ;Wahner Str., hinter Reithalle ;in Fahrtrichtung Libur             ;   ;
0391;3;080;080;LE   Libur                    ;Wahner Straße, vor Holzweg    ;in Fahrtrichtung Zündorf           ;   ;
0392;2;030;030;LF   Ehrenfeld                ;Venloer Straße 376-436        ;in Fahrtrichtung stadtauswärts     ;   ;
0393;2;030;030;LG   Ehrenfeld                ;Venloer Straße 437-425        ;in Fahrtrichtung stadteinwärts     ;   ;
0394;0;050;050;LH   Ehrenfeld                ;Weinsbergerstraße, Lat. 42-46 ;in Fahrtrichtung stadtauswärts     ;   ;
0395;0;050;050;LI   Ehrenfeld                ;Weinsbergerstraße, Lat. 42-46 ;in Fahrtrichtung stadteinwärts     ;   ;
0396;0;050;050;LJ   Lindenthal               ;Gleueler Straße, Lat.38 bis 46;in Fahrtrichtung stadtauswärts     ;   ;
0397;0;050;050;LK   Rodenkirchen             ;Schillingsrotter Straße 39-45 ;in Fahrtrichtung Maternusplatz     ;   ;
0398;0;050;050;LL   Rodenkirchen             ;Schillingsrotter Straße 39-45 ;in Fahrtrichtung Römerstraße       ;   ;
0399;2;030;030;LM   Dünnwald                 ;Leuchterstraße 39-31          ;in Fahrtrichtung Berliner Straße   ;   ;
0400;0;050;050;LN   Zollstock                ;Vorgebirgstraße 202 - 212     ;in Fahrtrichtung stadtauswärts     ;   ;
0401;3;060;060;LO   Eil                      ;Heumarer Mauspfad/Hirschgraben;in Fahrtrichtung Grengel           ;   ;
0402;3;050;050;LP   Godorf                   ;Industriestraße/Bunsenstraße  ;in Fahrtrichtung Wesseling         ;   ;
0403;3;050;050;LQ   Deutz                    ;Deutzer Ring ggü. Laterne Nr.4;in Fahrtrichtung Kalk              ;   ;
0404;2;030;030;LR   Lindenthal               ;Bachemer Straße 90-84         ;in Fahrtrichtung stadteinwärts     ;   ;
0405;2;030;030;LS   Lindenthal               ;Bachemer Straße 69-85         ;in Fahrtrichtung stadtauswärts     ;   ;
0406;2;030;030;LT   Lindenthal               ;Bachemer Straße 124-110       ;in Fahrtrichtung stadteinwärts     ;   ;
0407;2;030;030;LU   Lindenthal               ;Bachemer Straße 125-137       ;in Fahrtrichtung stadtauswärts     ;   ;
0408;2;030;030;LV   Lindenthal               ;Theresienstraße 26-30         ;in Fahrtrichtung Dürener Straße    ;   ;
0409;2;030;030;LW   Lindenthal               ;Theresienstraße 27-30         ;in Fahrtrichtung Leibplatz         ;   ;
0410;0;050;050;LX   Lindenthal               ;Gleueler Straße 127-109       ;in Fahrtrichtung stadteinwärts     ;   ;
0411;0;050;050;LY   Lindenthal               ;Gleueler Straße 117-135       ;in Fahrtrichtung stadtauswärts     ;   ;
0412;2;030;030;LZ   Lindenthal               ;Geibelstraße 12-22            ;in Fahrtrichtung Dürener Straße    ;   ;
0413;2;030;030;MA   Lindenthal               ;Geibelstraße 25-17            ;in Fahrtrichtung Gleueler Straße   ;   ;
0414;6;010;010;MB   Merheim                  ;Kratzweg gegenüber Haus Nr. 12;in Fahrtrichtung Hohensyburgstraße ;   ;
0415;6;010;010;MC   Merheim                  ;Kratzweg neben Haus Nr. 10    ;in Fahrtrichtung Ostmerheimer Str. ;   ;
0416;2;030;030;MD   Rath/Heumar              ;Rather Mauspfad 16-18         ;in Fahrtrichtung Brück             ;   ;
0417;2;030;030;ME   Rath/Heumar              ;Rather Mauspfad 24            ;in Fahrtrichtung Porz              ;   ;
0418;2;030;030;MF   Nippes                   ;Hartwichstraße 70-62          ;in Fahrtrichtung Merheimer Str.    ;   ;
0419;2;030;030;MG   Neuehrenfeld             ;Takustraße vor Haus Nr. 81-75 ;in Fahrtrichtung Ehrenfeld         ;   ;
0420;2;030;030;MH   Neuehrenfeld             ;Takustraße vor Haus Nr. 44-62 ;in Fahrtrichtung Iltisstraße       ;   ;
0421;0;050;050;MI   Zollstock                ;Am Vorgebirgstor, Lat. 10-12  ;in Fahrtrichtung Sülz              ;   ;
0422;2;030;030;MJ   Buchheim                 ;Berg.Gladbacher Str.Laterne 38;in Fahrtrichtung Holweide          ;   ;
0423;0;050;050;MK   Ossendorf                ;Mathias-Brüggen-Straße 59     ;in Fahrtrichtung Militärringstraße ;   ;
0424;0;050;050;ML   Ossendorf                ;Mathias-Brüggen-Straße 71     ;in Fahrtrichtung Bickendorf        ;   ;
0425;2;030;030;MM   Porz                     ;Humboldtstr., Don-Bosco-Schule;in Fahrtrichtung Siemensstraße     ;   ;
0426;2;030;030;MN   Porz                     ;Humboldtstr., Don-Bosco-Schule;in Fahrtrichtung Bonner Straße     ;   ;
0427;2;030;030;MO   Porz                     ;Königsberger Straße, Höhe KITA;in Fahrtrichtung Breslauer Straße  ;   ;
0428;2;030;030;MP   Porz                     ;Königsberger Straße 11        ;in Fahrtrichtung Humboldtstraße    ;   ;
0429;2;030;030;MQ   Wahn                     ;Nachtigallenstraße, Haus 19   ;in Fahrtrichtung Albin-Köbis-Straße;   ;
0430;2;030;030;MR   Wahn                     ;Nachtigallenstraße, Haus 19   ;in Fahrtrichtung Frankfurter Straße;   ;
0431;0;050;050;MS   Mülheim                  ;Clevischer Ring 130-134       ;in Fahrtrichtung von-Sparr-Straße  ;   ;
0432;2;050;050;MT   Mülheim                  ;Clevischer Ring 176           ;in FR. Mülheimer Zubringer         ;   ;
0433;0;050;050;MU   Lind                     ;Frankfurter Str./Linder Kreuz ;in Fahrtrichtung Troisdorf         ;   ;
0434;3;050;050;MV   Lind                     ;Frankfurter Straße, BAB-Brücke;in Fahrtrichtung Troisdorf         ;   ;
0435;3;050;050;MW   Lind                     ;Frankfurter Straße, BAB-Brücke;in Fahrtrichtung Wahn              ;   ;
0436;2;030;030;MX   Dellbrück                ;Dellbrücker Mauspfad 245      ;in Fahrtrichtung Brück             ;   ;
0437;2;030;030;MY   Dellbrück                ;Dellbrücker Mauspfad/Spielpl. ;in Fahrtrichtung Brück             ;   ;
0438;2;030;030;MZ   Dellbrück                ;Dellbrücker Mauspfad 214      ;in FR. Berg.-Gladbacher-Straße     ;   ;
0439;2;030;030;NA   Sülz                     ;Berrenrather Straße 352       ;in Fahrtrichtung stadteinwärts     ;   ;
0440;2;030;030;NB   Sülz                     ;Berrenrather Straße 352       ;in Fahrtrichtung stadtauswärts     ;   ;
0441;2;030;030;NC   Junkersdorf              ;Kölner Weg, Haus Nr. 4-14     ;in Fahrtrichtung Kirchweg          ;   ;
0442;2;030;030;ND   Junkersdorf              ;Kölner Weg, Haus Nr. 14-2     ;in Fahrtrichtung Am Römerhof       ;   ;
0443;3;050;050;NE   Gremberghoven            ;Frankfurter Str., S-Bahnbrücke;in Fahrtrichtung Eil               ;   ;
0444;3;050;050;NF   Gremberghoven            ;Frankfurter Straße, Bayer-AG  ;in Fahrtrichtung Eil               ;   ;
0445;3;050;050;NG   Gremberghoven            ;Frankfurter Straße, ABC-Tower ;in Fahrtrichtung Eil               ;   ;
0446;3;050;050;NH   Gremberghoven            ;Frankfurter Straße, ABC-Tower ;in Fahrtrichtung Ostheim           ;   ;
0447;3;050;050;NI   Gremberghoven            ;Frankfurter Straße, BAB-Brücke;in Fahrtrichtung Eil               ;   ;
0448;2;030;030;NJ   Sürth                    ;Am Feldrain / Hagebuttenweg   ;in Fahrtrichtung Hammerschmidtstr. ;   ;
0449;2;030;030;NK   Sürth                    ;Hammerschmidtstraße 60-68     ;in Fahrtrichtung Am Feldrain       ;   ;
0450;2;030;030;NL   Weiß                     ;Auf dem Klemberg 55-57        ;in Fahrtrichtung Hammerschmidtstr. ;   ;
0451;0;050;050;NM   Weiß                     ;Hammerschmidtstr., Lat.30     ;in Fahrtrichtung Am Feldrain       ;   ;
0452;2;030;030;NN   Dellbrück                ;von-Quad-Str., Höhe Altenheim ;in FR. Untereschbacher Straße      ;   ;
0453;2;030;030;NO   Finkenberg               ;Theodor-Heuss-Str.,Lat.10-20  ;in Fahrtrichtung Humboldtstraße    ;   ;
0454;2;030;030;NP   Finkenberg               ;Theodor-Heuss-Straße vor Kita ;in Fahrtrichtung Steinstraße       ;   ;
0455;2;030;030;NQ   Finkenberg               ;Theodor-Heuss-Str.Fußgängerbr.;in Fahrtrichtung Humboldtstraße    ;   ;
0456;3;060;060;NR   Eil                      ;Bensbergerstr. L489 0,24-0,290;in Fahrtrichtung Rösrather Straße  ;   ;
0457;3;060;060;NS   Eil                      ;Bensberger Straße BAB-Brücke  ;in Fahrtrichtung Rösrather Straße  ;   ;
0458;3;060;060;NT   Eil                      ;Bensberger Straße BAB-Brücke  ;in Fahrtrichtung Grengel           ;   ;
0459;3;060;060;NU   Eil                      ;Bensbergerstr.L 489 0,29-0,240;in Fahrtrichtung Grengel           ;   ;
0460;2;060;060;NV   Vingst                   ;Vingster Ring Höhe Hövilandweg;in Fahrtrichtung Ostheimer Str.    ;   ;
0461;0;050;050;NW   Ostheim                  ;Ostheimer Straße ggü. Haus 178;in Fahrtrichtung Vingst            ;   ;
0462;0;050;050;NX   Ostheim                  ;Ostheimer Straße 182          ;in Fahrtrichtung Heumar            ;   ;
0463;2;030;030;NY   Rath/Heumar              ;Gröppersgasse Haus Nr. 32-34  ;in Fahrtrichtung Lützerathstraße   ;   ;
0464;2;030;030;NZ   Rath/Heumar              ;Gröppersgasse Haus Nr. 5-15   ;in Fahrtrichtung Rösrather Straße  ;   ;
0465;0;050;050;OA   Vingst                   ;Ostheimer Straße 107-125      ;in Fahrtrichtung Kalk              ;   ;
0466;0;050;050;OB   Vingst                   ;Ostheimer Straße 107-125      ;in Fahrtrichtung Ostheim           ;   ;
0467;2;030;030;OC   Weiß                     ;Heinrichstraße, Haus Nr. 31-35;in Fahrtrichtung Weißer Hauptstraße;   ;
0468;2;030;030;OD   Weiß                     ;Heinrichstraße, Haus Nr. 6    ;in Fahrtrichtung Hammerschmidtstr. ;   ;
0469;2;030;030;OE   Weiß                     ;Heinrichstr., Laterne 10-14   ;in Fahrtrichtung Hammerschmidtstr. ;   ;
0470;2;030;030;OF   Poll                     ;Am Altenberger Kreuz 14-18    ;in Fahrtrichtung Rolshover Kirchweg;   ;
0471;2;030;030;OG   Poll                     ;Am Altenberger Kreuz 14-16    ;in Fahrtrichtung Siegburger Straße ;   ;
0472;2;030;030;OH   Immendorf                ;Godorfer Straße 58 bis Lat.19 ;in Fahrtrichtung Godorf            ;   ;
0473;2;030;030;OI   Immendorf                ;Godorfer Str., Haus Nr. 54-52 ;in Fahrtrichtung Rondorf           ;   ;
0474;2;030;030;OJ   Riehl                    ;Hertha-Kraus-Str., Haus Nr. 33;in Fahrtrichtung Niehl             ;   ;
0475;2;030;030;OK   Riehl                    ;Hertha-Kraus-Str., Haus Nr. 33;in Fahrtrichtung Slabystraße       ;   ;
0476;2;030;030;OL   Poll                     ;Mendener Straße 16-18         ;in Fahrtrichtung Geislarer Straße  ;   ;
0477;2;030;030;OM   Poll                     ;Mendener Straße 3-9           ;in Fahrtrichtung Kielsweg          ;   ;
0478;2;030;030;ON   Poll                     ;Am Kielshof, Haus Nr. 9-11    ;in Fahrtrichtung Poller Hauptstraße;   ;
0479;2;030;030;OO   Neustadt-Nord            ;Kaiser-Wilhelm-Ring, Lat.13-5 ;in Fahrtrichtung Hohenzollernring  ;   ;
0480;2;030;030;OP   Neustadt-Nord            ;Hohenzollernring 72-80        ;in Fahrtrichtung Kaiser-Wilh.-Ring ;   ;
0481;2;030;030;OQ   Mülheim                  ;Düsseldorfer Str., Lat.116-120;in Fahrtrichtung Leverkusen        ;   ;
0482;2;030;030;OR   Mülheim                  ;Düsseldorfer Str. 157-147     ;in Fahrtrichtung Keupstr.          ;   ;
0483;2;030;030;OS   Dellbrück                ;Grafenmühlenweg, 154-156      ;in FR. Bensberger Marktweg         ;   ;
0484;2;030;030;OT   Dellbrück                ;Grafenmühlenweg 115-113       ;in Fahrtrichtung Hatzfeldstraße    ;   ;
0485;2;030;030;OU   Grengel                  ;Friedensstraße, Haus Nr. 53   ;in Fahrtrichtung Grengeler Mauspfad;   ;
0486;2;030;030;OV   Grengel                  ;Hermann-Löns-Str., Laterne 83 ;in Fahrtrichtung Elsdorf           ;   ;
0487;2;030;030;OW   Grengel                  ;Hermann-Löns-Str., Lat. 81-83 ;in Fahrtrichtung Grengeler Mauspfad;   ;
0488;2;030;030;OX   Grengel                  ;Hermann-Löns-Str., Lat. 69-71 ;in Fahrtrichtung Grengeler Mauspfad;   ;
0489;2;030;030;OY   Grengel                  ;Hermann-Löns-Str., Lat. 73-71 ;in Fahrtrichtung Elsdorf           ;   ;
0490;2;030;030;OZ   Immendorf                ;Immendorfer Hauptstr. 22      ;in Fahrtrichtung Rondorf           ;   ;
0491;2;030;030;PA   Immendorf                ;Immendorfer Hauptstr. 27      ;in Fahrtrichtung Rondorf           ;   ;
0492;2;030;030;PB   Immendorf                ;Immendorfer Hauptstr. 23      ;in Fahrtrichtung Godorf            ;   ;
0493;2;030;030;PC   Rondorf                  ;Rodenkirchener Str. 160       ;in Fahrtrichtung Immendorf         ;   ;
0494;2;030;030;PD   Rondorf                  ;Rodenkirchener Str. 172       ;in Fahrtrichtung Immendorf         ;   ;
0495;2;030;030;PE   Müngersdorf              ;Am Lindenweg, Laterne 14-4    ;in Fahrtrichtung Gregor-Mendel-Ring;   ;
0496;2;030;030;PF   Weidenpesch              ;Schmiedegasse, Laterne 28-22  ;in Fahrtrichtung Neusser Straße    ;   ;
0497;2;030;030;PG   Weidenpesch              ;Schmiedegasse, Laterne 14-24  ;in Fahrtrichtung Etzelstraße       ;   ;
0498;2;030;030;PH   Weidenpesch              ;Neusser Straße 604-620        ;in Fahrtrichtung stadtauswärts     ;   ;
0499;2;030;030;PI   Weidenpesch              ;Neusser Straße 613-589        ;in Fahrtrichtung stadteinwärts     ;   ;
0500;0;050;050;PJ   Lindenthal               ;Aachener Straße 234-244       ;in Fahrtrichtung stadtauswärts     ;   ;
0501;0;050;050;PK   Braunsfeld               ;Aachener Straße 445-425       ;in Fahrtrichtung stadteinwärts     ;   ;
0502;0;050;050;PL   Braunsfeld               ;Aachener Straße 358-360       ;in Fahrtrichtung stadtauswärts     ;   ;
0503;0;050;050;PM   Braunsfeld               ;Aachener Straße 537-509       ;in Fahrtrichtung stadteinwärts     ;   ;
0504;0;050;050;PN   Lindenthal               ;Gleueler Straße, Altenzentrum ;in Fahrtrichtung stadteinwärts     ;   ;
0505;2;030;030;PO   Holweide                 ;Berg. Gladbacher Str.454-538  ;in Fahrtrichtung stadtauswärts     ;   ;
0506;2;030;030;PP   Holweide                 ;Berg. Gladbacher Str.529-503  ;in Fahrtrichtung stadteinwärts     ;   ;
0507;2;030;030;PQ   Mülheim                  ;Berg. Gladbacher Str.Lat.11-9 ;in Fahrtrichtung stadteinwärts     ;   ;
0508;2;030;030;PR   Holweide                 ;Piccoloministraße 326-328     ;in Fahrtrichtung stadtauswärts     ;   ;
0509;2;030;030;PS   Holweide                 ;Piccoloministraße 344-352     ;in Fahrtrichtung stadtauswärts     ;   ;
0510;2;030;030;PT   Holweide                 ;Piccoloministraße 376-374     ;in Fahrtrichtung stadteinwärts     ;   ;
0511;2;030;030;PU   Holweide                 ;Piccoloministraße Lat.35-33   ;in Fahrtrichtung stadteinwärts     ;   ;
0512;2;030;030;PV   Fühlingen                ;Neusser Landstraße 130        ;in Fahrtrichtung stadtauswärts     ;   ;
0513;0;050;050;PW   Ensen                    ;Kölner Straße 162-178         ;in Fahrtrichtung Westhoven         ;   ;
0514;0;050;050;PX   Ensen                    ;Kölner Straße 189-185         ;in Fahrtrichtung Porz              ;   ;
0515;2;030;030;PY   Bilderstöckchen          ;Escher Straße, Laterne 90-86  ;in Fahrtrichtung Parkgürtel        ;   ;
0516;2;030;030;PZ   Bilderstöckchen          ;Escher Straße, Laterne 80-84  ;in FR. Schiefersburger Weg         ;   ;
0517;2;030;030;QA   Nippes                   ;Escher Straße, Haus Nr. 17a-21;in Fahrtrichtung Liebigstraße      ;   ;
0518;2;030;030;QB   Rath/Heumar              ;Lützerathstraße 181-179       ;in Fahrtrichtung Rösrather Straße  ;   ;
0519;2;030;030;QC   Rath/Heumar              ;Lützerathstraße 158           ;in Fahrtrichtung Rather Mauspfad   ;   ;
0520;2;030;030;QD   Holweide                 ;Friedlandstraße 16-14         ;in Fahrtrichtung Buschfeldstraße   ;   ;
0521;2;030;030;QE   Holweide                 ;Friedlandstraße, ggüb. Haus 18;in Fahrtrichtung Piccoloministraße ;   ;
0522;2;030;030;QF   Lind                     ;Viehtrift, Haus Nr. 4-14      ;in Fahrtrichtung Linder Mauspfad   ;   ;
0523;2;030;030;QG   Lind                     ;Viehtrift, Haus Nr. 6-4       ;in Fahrtrichtung Am Linder Kreuz   ;   ;
0524;0;050;050;QH   Mülheim                  ;Graf-Adolf-Straße 14/16-24    ;in Fahrtrichtung Frankfurter Straße;   ;
0525;0;050;050;QI   Mülheim                  ;Graf-Adolf-Straße 57-51       ;in Fahrtrichtung Rendsburger Platz ;   ;
0526;0;050;050;QJ   Mülheim                  ;Kieler Straße, Haus Nr. 22-30 ;in Fahrtrichtung Holsteinstraße    ;   ;
0527;0;050;050;QK   Mülheim                  ;Kieler Straße, Hs Nr. 13-3    ;in Fahrtrichtung Rendsburger Platz ;   ;
0528;2;030;030;QL   Wahnheide                ;Guntherstraße, Haus Nr. 55-9  ;in Fahrtrichtung Nibelungenstraße  ;   ;
0529;2;030;030;QM   Wahnheide                ;Guntherstraße, Haus Nr. 30-78 ;in Fahrtrichtung Heidestraße       ;   ;
0530;3;070;060;QN   Dellbrück                ;Höhenfelder Mauspfad vor Kurve;in Fahrtrichtung stadteinwärts     ;   ;
0531;2;030;030;QO   Ossendorf                ;Frohnhofstr., Haus Nr. 134-138;in Fahrtrichtung Mühlenweg         ;   ;
0532;2;030;030;QP   Ossendorf                ;Frohnhofstr., Haus Nr. 213-159;in Fahrtrichtung Emilstraße        ;   ;
0533;2;030;030;QQ   Ossendorf                ;Rochusstraße, Laterne 31B-23  ;in Fahrtrichtung Subbelrather Str. ;   ;
0534;2;030;030;QR   Ossendorf                ;Rochusstraße, Laterne 27-31B  ;in Fahrtrichtung Frohnhofstraße    ;   ;
0535;2;030;030;QS   Ehrenfeld                ;Alpener Straße, Haus Nr. 16-24;in Fahrtrichtung Subbelrather Str. ;   ;
0536;2;030;030;QT   Ehrenfeld                ;Alpener Straße, Haus Nr. 27-21;in Fahrtrichtung Venloer Str.      ;   ;
0537;2;030;030;QU   Neubrück                 ;Europaring, Haus Nr. 98a-138  ;in Fahrtrichtung Georgestraße      ;   ;
0538;2;030;030;QV   Neubrück                 ;Europaring, Haus Nr. 64-72    ;in Fahrtrichtung Bergengruenstraße ;   ;
0539;2;030;030;QW   Neubrück                 ;Europaring, Haus Nr. 49-35    ;in FR. Romain-Rolland-Straße       ;   ;
0540;2;030;030;QX   Neubrück                 ;Europaring, Haus Nr. 44-26    ;in FR. Andreas-Hermes-Straße       ;   ;
0541;2;030;030;QY   Buchforst                ;Kalk-Mülheimer Str., Lat.61-69;in Fahrtrichtung Heidelberger Str. ;   ;
0542;2;030;030;QZ   Buchforst                ;Kalk-Mülheimer Str., Lat.67-59;in Fahrtrichtung Autobahnbrücke    ;   ;
0543;2;030;030;RA   Nippes                   ;Escher Straße, Haus Nr. 17-15 ;in Fahrtrichtung Innere Kanalstraße;   ;
0544;2;030;030;RB   Porz                     ;Josefstraße, Haus Nr. 26-44   ;in Fahrtrichtung Bergerstraße      ;   ;
0545;2;030;030;RC   Porz                     ;Josefstraße, Haus Nr. 38      ;in Fahrtrichtung Karlstraße        ;   ;
0546;2;030;030;RD   Neustadt-Nord            ;Innere Kanalstr.,Lat.149A-159A;in Fahrtrichtung Neusser Straße    ;   ;
0547;2;050;050;RE   Niehl                    ;Emdener Straße, Laterne 17    ;in Fahrtrichtung Merkenich         ;   ;
0548;0;050;050;RF   Eil                      ;Frankfurter Str., Lat.419-411 ;in Fahrtrichtung Gremberghoven     ;   ;
0549;0;050;050;RG   Eil                      ;Frankfurter Str., Lat.413-419 ;in Fahrtrichtung Urbach            ;   ;
0550;2;030;030;RH   Neustadt-Nord            ;Venloer Wall, Laterne 25-9    ;in Fahrtrichtung Venloer Straße    ;   ;
0551;0;050;050;RI   Lindenthal               ;Aachener Straße 327-285       ;in Fahrtrichtung stadteinwärts     ;   ;
0552;0;050;050;RJ   Buchheim                 ;Frankfurter Straße, Lat. 78-86;in Fahrtrichtung Höhenberg         ;   ;
0553;3;050;050;RK   Zollstock                ;Militärringstraße, Bahnbrücke ;in Fahrtrichtung Raderthal         ;   ;
0554;3;070;060;RL   Zollstock                ;Militärringstr. L34, km 1,200 ;in Fahrtrichtung Klettenberg       ;   ;
0555;0;050;050;RM   Höhenberg                ;Frankfurter Straße 274-304    ;in Fahrtrichtung Ostheim           ;   ;
0556;0;050;050;RN   Höhenberg                ;Frankfurter Straße, Friedhof  ;in Fahrtrichtung Buchheim          ;   ;
0557;0;050;050;RO   Wahn                     ;Frankfurter Straße 88-100     ;in Fahrtrichtung Urbach            ;   ;
0558;0;050;050;RP   Wahn                     ;Frankfurter Straße 127-119    ;in Fahrtrichtung Lind              ;   ;
0559;0;050;050;RQ   Ostheim                  ;Frankfurter Str., Lat.205-215 ;in Fahrtrichtung Porz              ;   ;
0560;0;050;050;RR   Ostheim                  ;Frankfurter Str., Lat.237-205 ;in Fahrtrichtung Höhenberg         ;   ;
0561;6;010;010;RS   Kalk                     ;Steprathstraße, Haus Nr. 28-32;in Fahrtrichtung Markt             ;   ;
0562;6;010;010;RT   Kalk                     ;Steprathstraße, Haus Nr. 18-12;in Fahrtrichtung Kalker Hauptstraße;   ;
0563;6;010;010;RU   Merheim                  ;Kratzweg, Laterne 9           ;in Fahrtrichtung Ostmerheimer Str. ;   ;
0564;6;010;010;RV   Merheim                  ;Kratzweg, Laterne 12-10       ;in Fahrtrichtung Hohensyburgstraße ;   ;
0565;2;030;030;RW   Dellbrück                ;Gierather Straße, Haus Nr. 42 ;in Fahrtrichtung Refrather Straße  ;   ;
0566;2;030;030;RX   Dellbrück                ;Gierather Straße, Haus Nr. 43 ;in Fahrtrichtung Strundener Weg    ;   ;
0567;2;030;030;RY   Buchheim                 ;Wuppertaler Straße, Laterne 4 ;in Fahrtrichtung Dellbrücker Straße;   ;
0568;2;030;030;RZ   Buchheim                 ;Wuppertaler Straße, Lat. 4-6  ;in Fahrtrichtung Herler Ring       ;   ;
0569;2;030;030;SA   Buchheim                 ;Wuppertaler Straße 15-13      ;in Fahrtrichtung Johanniterstraße  ;   ;
0570;2;030;030;SB   Buchheim                 ;Wuppertaler Straße 15-15a     ;in Fahrtrichtung Herler Ring       ;   ;
0571;2;030;030;SC   Buchheim                 ;Dellbrücker Str.,Laterne 18-24;in Fahrtrichtung Wuppertaler Straße;   ;
0572;2;030;030;SD   Buchheim                 ;Dellbrücker Str.,Laterne 22-18;in Fahrtrichtung Ackerstraße       ;   ;
0573;6;010;010;SE   Nippes                   ;Werkstattstraße 100-100a      ;in Fahrtrichtung Wendekreis        ;   ;
0574;2;030;030;SF   Neustadt-Nord            ;Gilbachstraße, Haus Nr. 5-27  ;in Fahrtrichtung Gladbacher Straße ;   ;
0575;0;050;050;SG   Altstadt-Süd             ;Rothgerberbach, Laterne 6-5   ;in Fahrtrichtung Blaubach          ;   ;
0576;2;030;030;SH   Neustadt-Nord            ;Theodor-Heuss-Ring 12-52      ;in FR. Konrad-Adenauer-Ufer        ;   ;
0577;0;030;030;SI   Sülz                     ;Luxemburger Straße 195-189    ;in Fahrtrichtung stadteinwärts     ;   ;
0578;0;030;030;SJ   Sülz                     ;Luxemburger Straße 120-136    ;in Fahrtrichtung stadtauswärts     ;   ;
0579;0;050;050;SK   Sülz                     ;Weißhausstraße, Haus Nr. 22-28;in Fahrtrichtung Luxemburger Straße;   ;
0580;0;030;030;SL   Sülz                     ;Luxemburger Straße 249-245    ;in Fahrtrichtung stadteinwärts     ;   ;
0581;0;030;030;SM   Sülz                     ;Luxemburger Straße 202-208    ;in Fahrtrichtung stadtauswärts     ;   ;
0582;0;030;030;SN   Klettenberg              ;LuxemburgerStr.Klettenbergpark;in Fahrtrichtung stadteinwärts     ;   ;
0583;0;030;030;SO   Klettenberg              ;Luxemburger Straße 308-346    ;in Fahrtrichtung stadtauswärts     ;   ;
0584;2;030;030;SP   Mülheim                  ;Deutz-Mülheimer Str. 260-288  ;in Fahrtrichtung Mülheimer Brücke  ;   ;
0585;2;030;030;SQ   Mülheim                  ;Deutz-Mülheimer Str. 221-213  ;in Fahrtrichtung Deutz             ;   ;
0586;2;030;030;SR   Mülheim                  ;Deutz-Mülheimer Str. 310-298  ;in Fahrtrichtung Deutz             ;   ;
0587;2;030;030;SS   Mülheim                  ;Deutz-Mülheimer Str. 284-260  ;in Fahrtrichtung Deutz             ;   ;
0588;2;030;030;ST   Weiden                   ;Frechener Weg, Haus Nr. 69-57 ;in Fahrtrichtung Aachener Straße   ;   ;
0589;0;030;030;SU   Weiden                   ;Frechener Weg, Haus Nr. 28a-30;in Fahrtrichtung Bonnstraße        ;   ;
0590;2;030;030;SV   Weiden                   ;Ostlandstraße, Haus Nr. 74-104;in Fahrtrichtung Frechener Weg     ;   ;
0591;2;030;030;SW   Weiden                   ;Ostlandstraße, Haus Nr. 59-55a;in Fahrtrichtung An der Alten Post ;   ;
0592;2;030;030;SX   Weiden                   ;Schulstraße, Haus Nr. 32-28   ;in Fahrtrichtung Ostlandstraße     ;   ;
0593;2;030;030;SY   Weiden                   ;Schulstraße, Haus Nr. 43-37   ;in Fahrtrichtung Aachener Straße   ;   ;
0594;2;030;030;SZ   Weiden                   ;Gertrudisstraße, Haus Nr. 12  ;in Fahrtrichtung Frechener Weg     ;   ;
0595;2;030;030;TA   Müngersdorf              ;Vitalisstraße  330-348        ;in Fahrtrichtung Wendelinstraße    ;   ;
0596;2;030;030;TB   Müngersdorf              ;Vitalisstraße  345-319        ;in Fahrtrichtung Widdersdorfer Str.;   ;
0597;3;050;050;TC   Fühlingen                ;Neusser Landstr., Lat. 108-106;in Fahrtrichtung stadteinwärts     ;   ;
0598;2;030;030;TD   Ehrenfeld                ;Venloer Str. gegenüber 515-529;in Fahrtrichtung Äußere Kanalstraße;   ;
0599;2;030;030;TE   Ehrenfeld                ;Venloer Straße 523-549        ;in Fahrtrichtung Äußere Kanalstraße;   ;
0600;0;050;050;TF   Ehrenfeld                ;Äußere Kanalstraße 28-40      ;in Fahrtrichtung Venloer Straße    ;   ;
0601;0;050;050;TG   Ehrenfeld                ;Äußere Kanalstraße 74-82      ;in Fahrtrichtung Subbelrather Str. ;   ;
0602;2;030;030;TH   Neustadt-Süd             ;Alteburger Straße 127         ;in Fahrtrichtung stadteinwärts     ;   ;
0603;2;030;030;TI   Neustadt-Süd             ;Alteburger Straße 127         ;in Fahrtrichtung stadtauswärts     ;   ;
0604;2;030;030;TJ   Ehrenfeld                ;Venloer Straße 543-507        ;in Fahrtrichtung stadteinwärts     ;   ;
0605;2;030;030;TK   Ehrenfeld                ;Venloer Straße 208-280        ;in Fahrtrichtung Ehrenfeldgürtel   ;   ;
0606;2;030;030;TL   Ehrenfeld                ;Venloer Straße 277-213        ;in Fahrtrichtung Innere Kanalstraße;   ;
0607;0;050;050;TM   Sülz                     ;Zülpicher Straße 400-417      ;in Fahrtrichtung Gleueler Straße   ;   ;
0608;0;050;050;TN   Lindenthal               ;Gleueler Straße 310-294       ;in Fahrtrichtung stadteinwärts     ;   ;
0609;0;050;050;TO   Lindenthal               ;Gleueler Straße 262-268       ;in Fahrtrichtung stadteinwärts     ;   ;
0610;0;050;050;TP   Lindenthal               ;Gleueler Straße 273-277       ;in Fahrtrichtung stadtauswärts     ;   ;
0611;0;050;050;TQ   Lindenthal               ;Dürener Straße 328-320        ;in Fahrtrichtung stadteinwärts     ;   ;
0612;0;050;050;TR   Lindenthal               ;Dürener Straße 270-292        ;in Fahrtrichtung stadtauswärts     ;   ;
0613;2;030;030;TS   Lindenthal               ;Decksteiner Straße 18-2       ;in Fahrtrichtung Dürener Straße    ;   ;
0614;2;030;030;TT   Lindenthal               ;Decksteiner Straße 1-15       ;in Fahrtrichtung Bachemer Straße   ;   ;
0615;2;030;030;TU   Lindenthal               ;Decksteiner Str., Lat. 15-21  ;in Fahrtrichtung Gleueler Straße   ;   ;
0616;2;030;030;TV   Lindenthal               ;Decksteiner Str., Lat. 27-15  ;in Fahrtrichtung Bachemer Straße   ;   ;
0617;2;030;030;TW   Ehrenfeld                ;Klarastraße, Haus Nr. 5-35    ;in Fahrtrichtung Stammstraße       ;   ;
0618;2;030;030;TX   Höhenberg                ;Germaniastraße 124-96         ;in Fahrtrichtung Vingst            ;   ;
0619;2;030;030;TY   Höhenberg                ;Germaniastraße 96-124         ;in Fahrtrichtung Buchheim          ;   ;
0620;2;030;030;TZ   Höhenberg                ;Germaniastraße 50-76          ;in Fahrtrichtung Buchheim          ;   ;
0621;0;050;050;UA   Vogelsang                ;Venloer Straße, Lat. 275-263  ;in Fahrtrichtung stadteinwärts     ;   ;
0622;0;050;050;UB   Vogelsang                ;Venloer Straße, Lat. 263-273  ;in Fahrtrichtung stadtauswärts     ;   ;
0623;3;050;050;UC   Gremberghoven            ;Maarhäuser Weg, BAB-Brücke    ;in Fahrtrichtung Rath/Heumar       ;   ;
0624;0;050;050;UD   Weidenpesch              ;Scheibenstraße, Laterne 8-28  ;in Fahrtrichtung Sebastianstraße   ;   ;
0625;0;050;050;UE   Weidenpesch              ;Scheibenstraße, Laterne 30-18 ;in Fahrtrichtung Neusser Straße    ;   ;
0626;0;050;050;UF   Porz                     ;Hauptstraße, Laterne 224-228  ;in Fahrtrichtung Ensen             ;   ;
0627;0;050;050;UG   Porz                     ;Hauptstraße, Laterne 228-224  ;in Fahrtrichtung Zündorf           ;   ;
0628;2;030;030;UH   Buchheim                 ;Modemannstraße, Lat. 17-13    ;in Fahrtrichtung Beuthener Straße  ;   ;
0629;2;030;030;UI   Buchheim                 ;Modemannstraße, Lat. 13-17    ;in Fahrtrichtung Rybniker Straße   ;   ;
0630;2;030;030;UJ   Buchheim                 ;Modemannstraße, Lat. 29-33    ;in Fahrtrichtung Rybniker Straße   ;   ;
0631;2;030;030;UK   Buchheim                 ;Modemannstraße, Lat. 31-27    ;in Fahrtrichtung Beuthener Straße  ;   ;
0632;2;030;030;UL   Neustadt-Süd             ;Sachsenring, Laterne 42-50    ;in Fahrtrichtung Barbarossaplatz   ;   ;
0633;2;030;030;UM   Neustadt-Nord            ;Neusser Wall, Haus Nr. 32-30  ;in Fahrtrichtung Hülchrather Straße;   ;
0634;2;030;030;UN   Neustadt-Nord            ;Neusser Wall, Haus Nr. 28-34  ;in Fahrtrichtung Merlotstraße      ;   ;
0635;2;030;030;UO   Deutz                    ;Helenenwallstraße  30-34      ;in Fahrtrichtung Rupertusstraße    ;   ;
0636;6;010;010;UP   Meschenich               ;Auf dem Rosenhügel 9          ;in Fahrtrichtung Brühler Landstraße;   ;
0637;0;050;050;UQ   Urbach                   ;Frankfurter Straße 470-480    ;in Fahrtrichtung Eil               ;   ;
0638;0;050;050;UR   Urbach                   ;Frankfurter Straße 489-471    ;in Fahrtrichtung Wahn              ;   ;
0639;0;050;050;US   Mülheim                  ;Clevischer Ring, Esso-Tankst. ;in Fahrtrichtung stadteinwärts     ;   ;
0640;0;050;050;UT   Mülheim                  ;Clevischer Ring, Laterne 51   ;in Fahrtrichtung stadteinwärts     ;   ;
0641;2;030;030;UU   Mülheim                  ;Tiefentalstraße, Laterne 2A-20;in FR. Mülheimer Zubringer         ;   ;
0642;2;030;030;UV   Mülheim                  ;Tiefentalstraße, Laterne 18-2A;in Fahrtrichtung Berliner Straße   ;   ;
0643;0;050;050;UW   Ehrenfeld                ;Äußere Kanalstr., Lat. 72-64  ;in Fahrtrichtung Venloer Straße    ;   ;
0644;0;050;050;UX   Ehrenfeld                ;Äußere Kanalstraße 33-23      ;in Fahrtrichtung Maarweg           ;   ;
0645;0;050;050;UY   Ensen                    ;Kölner Straße, Haus Nr. 110   ;in Fahrtrichtung Westhoven         ;   ;
0646;0;050;050;UZ   Ensen                    ;Kölner Straße 149-147         ;in Fahrtrichtung Porz              ;   ;
0647;2;030;030;VA   Sürth                    ;Kölnstraße, Laterne 28-30     ;in Fahrtrichtung Rodenkirchen      ;   ;
0648;0;050;050;VB   Eil                      ;Hirschgraben, Höhe ICE-Trasse ;in Fahrtrichtung Grengeler Mauspfad;   ;
0649;3;050;050;VC   Gremberghoven            ;Maarhäuser Weg, BAB-Brücke    ;in Fahrtrichtung Porz              ;   ;
0650;0;050;050;VD   Ensen                    ;Kölner Straße, Laterne 128-130;in Fahrtrichtung westhoven         ;   ;
0651;0;050;050;VE   Ensen                    ;Kölner Straße, Laterne 99-93  ;in Fahrtrichtung Porz              ;   ;
0652;0;050;050;VF   Ensen                    ;Kölner Straße, Haus Nr. 48    ;in Fahrtrichtung Westhoven         ;   ;
0653;0;050;050;VG   Marienburg               ;Bonner Straße 489-457         ;in Fahrtrichtung stadteinwärts     ;   ;
0654;0;050;050;VH   Marienburg               ;Bonner Straße 449-447         ;in Fahrtrichtung stadteinwärts     ;   ;
0655;0;050;050;VI   Marienburg               ;Bonner Straße, Laterne 100-106;in Fahrtrichtung stadtauswärts     ;   ;
0656;0;050;050;VJ   Marienburg               ;Bonner Straße,ggü. Lat.111-115;in Fahrtrichtung stadtauswärts     ;   ;
0657;2;030;030;VK   Merheim                  ;Ostmerheimer Straße 399-423   ;in Fahrtrichtung Fußfallstraße     ;   ;
0658;2;030;030;VL   Merheim                  ;Ostmerheimer Straße 399-397   ;in Fahrtrichtung Kratzweg          ;   ;
0659;0;050;050;VM   Wahn                     ;Frankfurter Straße 150-164    ;in Fahrtrichtung Urbach            ;   ;
0660;0;050;050;VN   Dellbrück                ;Dellbrücker Mauspfad 143-135  ;in Fahrtrichtung Brück             ;   ;
0661;0;050;050;VO   Ossendorf                ;Mathias-Brüggen-Str.,Lat.90-98;in Fahrtrichtung Militärringstr.   ;   ;
0662;0;050;050;VP   Weiden                   ;Aachener Straße 1397 - 1377   ;in Fahrtrichtung stadteinwärts     ;   ;
0663;0;050;050;VQ   Rodenkirchen             ;Weißer Straße, Haus-Nr. 89-41 ;in Fahrtrichtung Siegfriedstr.     ;   ;
0664;0;050;050;VR   Rodenkirchen             ;Weißer Straße, Haus-Nr. 34-60 ;in Fahrtrichtung Siegstr.          ;   ;
0665;0;050;050;VS   Rodenkirchen             ;Weißer Straße, Haus-Nr. 40-46 ;in Fahrtrichtung Grüngürtelstraße  ;   ;
0666;0;030;030;VT   Rodenkirchen             ;Sürther Straße 274-270        ;in Fahrtrichtung Grüngürtelstraße  ;   ;
0667;0;050;050;VU   Rodenkirchen             ;Sürther Straße, Laterne 11    ;in Fahrtrichtung Grüngürtelstraße  ;   ;
0668;0;050;050;VV   Rodenikrchen             ;Sürther Straße, Laterne 96-98 ;in Fahrtrichtung Kölnstraße        ;   ;
0669;2;030;030;VW   Rodenkirchen             ;Sürther Straße, Laterne 38a-32;in Fahrtrichtung Siegfriedstraße   ;   ;
0670;2;030;030;VX   Rodenkirchen             ;Sürther Straße, Haus Nr. 65-61;in Fahrtrichtung Siegfriedstraße   ;   ;
0671;2;030;030;VY   Rodenkirchen             ;Sürther Straße, Laterne 32-38a;in Fahrtrichtung Ringstraße        ;   ;
0672;2;030;030;VZ   Rodenkirchen             ;Sürther Straße, Haus Nr. 61-65;in Fahrtrichtung Ringstraße        ;   ;
0673;2;030;030;WA   Rodenkirchen             ;Sürther Straße, Haus Nr. 14-20;in Fahrtrichtung Nibelungenweg     ;   ;
0674;2;030;030;WB   Sürth                    ;Grüner Weg, Laterne 6-16      ;in Fahrtrichtung Am Feldrain       ;   ;
0675;2;030;030;WC   Sürth                    ;Grüner Weg, Laterne 26-6      ;in Fahrtrichtung Kölnstraße        ;   ;
0676;2;030;030;WD   Lindenthal               ;Freiligrathstr. 47-40         ;in Fahrtrichtung Lindauer Straße   ;   ;
0677;2;030;030;WE   Lindenthal               ;Freiligrathstraße 12-10       ;in Fahrtrichtung Gleueler Straße   ;   ;
0678;2;030;030;WF   Lindenthal               ;Freiligrathstraße 27-31       ;in Fahrtrichtung Schlegelstraße    ;   ;
0679;2;030;030;WG   Lindenthal               ;Freiligrathstraße 44-47       ;in Fahrtrichtung Bachemer Straße   ;   ;
0680;0;050;050;WH   Rodenkirchen             ;Weißer Straße 144-136b        ;in Fahrtrichtung Hammerschmidtstr. ;   ;
0681;0;050;050;WI   Rodenkirchen             ;Weißer Straße 136-144         ;in Fahrtrichtung Weiß              ;   ;
0682;2;050;050;WJ   Eil                      ;Hirschgraben, Höhe BAB-Brücke ;in Fahrtrichtung Frankfurter Straße;   ;
0683;0;050;050;WK   Eil                      ;Hirschgraben 30-42/44         ;in Fahrtrichtung Grengeler Mauspfad;   ;
0684;0;050;050;WL   Holweide                 ;Schlagbaumsweg 166-214        ;in Fahrtrichtung Colonia-Allee     ;   ;
0685;0;050;050;WM   Holweide                 ;Schlagbaumsweg 214-166        ;in Fahrtrichtung Buchheimer Ring   ;   ;
0686;0;050;050;WN   Höhenberg                ;Frankfurter Straße 328-342    ;in Fahrtrichtung Ostheim           ;   ;
0687;2;050;050;WO   Holweide                 ;Berg. Gladbacher Str.Laterne60;in Fahrtrichtung stadtauswärts     ;   ;
0688;2;030;030;WP   Buchheim                 ;Berg. Gladbacher Str.Lat.61-55;in Fahrtrichtung stadteinwärts     ;   ;
0689;2;030;030;WQ   Porz                     ;Poststraße, Haus Nr. 29-13/15 ;in Fahrtrichtung stadteinwärts     ;   ;
0690;2;030;030;WR   Porz                     ;Poststraße, Haus Nr. 10-48    ;in Fahrtrichtung stadtauswärts     ;   ;
0691;3;050;050;WS   Gremberghoven            ;Frankfurter Str. S-Bahnbrücke ;in Fahrtrichtung Ostheim           ;   ;
0692;3;050;050;WT   Gremberghoven            ;Frankfurter Str. S-Bahnbrücke ;in Fahrtrichtung Ostheim           ;   ;
0693;0;050;050;WU   Zollstock                ;Am Vorgebirgstor, Lat. 11-14  ;in Fahrtrichtung Höninger Weg      ;   ;
0694;0;050;050;WV   Zollstock                ;Höninger Weg, Laterne 20-28   ;in Fahrtrichtung Pohligstraße      ;   ;
0695;0;050;050;WW   Zollstock                ;Höninger Weg, Laterne 22-20   ;in Fahrtrichtung Eifelstraße       ;   ;
0696;0;030;030;WX   Bilderstöckchen          ;Schiefersburger Weg, Lat.17-15;in Fahrtrichtung Longericher Straße;   ;
0697;2;030;030;WY   Höhenberg                ;Weimarer Straße 69-51         ;in Fahrtrichtung Koburger Platz    ;   ;
0698;2;030;030;WZ   Höhenberg                ;Weimarer Straße 36-34         ;in Fahrtrichtung Weimarer Platz    ;   ;
0699;2;030;030;XA   Höhenberg                ;Weimarer Straße 25-17         ;in Fahrtrichtung Kösener Weg       ;   ;
0700;2;030;030;XB   Höhenberg                ;Weimarer Straße 11-1          ;in Fahrtrichtung Geraer Platz      ;   ;
0701;6;010;010;XC   Mülheim                  ;Regentenstraße 68-30          ;in Fahrtrichtung Seidenstraße      ;   ;
0702;3;050;050;XD   Müngersdorf              ;Egelspfad/Gregor-Mendel-Ring  ;in Fahrtrichtung Gregor-Mendel-Ring;   ;
0703;3;050;050;XE   Müngersdorf              ;Gregor-Mendel-Ring/Egelspfad  ;in Fahrtrichtung Lise-Meitner-Ring ;   ;
0704;3;050;050;XF   Müngersdorf              ;Lise-Meitner-Ring/Egelspfad   ;in Fahrtrichtung Gregor-Mendel-Ring;   ;
0705;2;030;030;XG   Lövenich                 ;Widdersdorfer Landstr.Lat.13-9;in Fahrtrichtung stadteinwärts     ;   ;
0706;2;030;030;XH   Lövenich                 ;Widdersdorfer Landstr.Lat11-13;in Fahrtrichtung stadtauswärts     ;   ;
0707;2;030;030;XI   Porz                     ;Siemensstraße Laterne 12-6    ;in Fahrtrichtung Ohmstraße         ;   ;
0708;2;030;030;XJ   Porz                     ;Siemensstraße Laterne 6-12    ;in Fahrtrichtung Humboldtstraße    ;   ;
0709;0;050;050;XK   Eil                      ;Bergerstraße Laterne 60-62    ;in Fahrtrichtung Frankfurter Straße;   ;
0710;0;050;050;XL   Eil                      ;Bergerstraße LAterne 75-77    ;in Fahrtrichtung Frankfurter Straße;   ;
0711;2;030;030;XM   Weiden                   ;Moltkestraße Laterne 22-24    ;in Fahrtrichtung Brauweiler Straße ;   ;
0712;2;030;030;XN   Weiden                   ;Moltkestraße Laterne 22-20    ;in Fahrtrichtung Aachener Straße   ;   ;
0713;0;050;050;XO   Raderthal                ;Brühler Straße 309-293        ;in Fahrtrichtung stadteinwärts     ;   ;
0714;0;050;050;XP   Raderthal                ;Brühler Straße 239a-257       ;in Fahrtrichtung stadtauswärts     ;   ;
0715;0;050;050;XQ   Junkersdorf              ;Vogelsanger Weg 93-83a        ;in Fahrtrichtung Aachener Straße   ;   ;
0716;0;050;050;XR   Junkersdorf              ;Vogelsanger Weg, Laterne 7-9  ;in Fahrtrichtung Egelspfad         ;   ;
0717;2;030;030;XS   Porz                     ;Rathausstraße, Haus Nr. 30-2  ;in FR. Friedrich-Ebert-Ufer        ;   ;
0718;2;030;030;XT   Bickendorf               ;Feltenstraße, Haus Nr. 106-133;in Fahrtrichtung Sandweg           ;   ;
0719;2;030;030;XU   Weiden                   ;Stormstraße, Laterne 22-16    ;in Fahrtrichtung Hölderlinstraße   ;   ;
0720;2;030;030;XV   Weiden                   ;Stormstraße, Laterne 16-22    ;in Fahrtrichtung Ludwig-Jahn-Straße;   ;
0721;2;030;030;XW   Rodenkirchen             ;Sürther Straße, Haus Nr. 11-1 ;in Fahrtrichtung Hauptstraße       ;   ;
0722;2;030;030;XX   Raderberg                ;Annastraße, Haus Nr. 50-53    ;in Fahrtrichtung Bonner Straße     ;   ;
0723;2;030;030;XY   Urbach                   ;Elsdorfer Straße 26-11        ;in Fahrtrichtung Zündorfer Straße  ;   ;
0724;2;030;030;XZ   Dünnwald                 ;Leuchterstraße, Haus Nr. 10-30;in FR. Dünnwalder Mauspfad         ;   ;
0725;0;050;050;YA   Nippes                   ;Kempener Straße, Laterne 8    ;in Fahrtrichtung stadtauswärts     ;   ;
0726;0;050;050;YB   Nippes                   ;Kempener Straße, Haus Nr.38-74;in Fahrtrichtung stadtauswärts     ;   ;
0727;0;050;050;YC   Nippes                   ;Kempener Straße 115-73        ;in Fahrtrichtung stadteinwärts     ;   ;
0728;0;050;050;YD   Braunsfeld               ;Friedrich-Schmidt-Str.56-52   ;in Fahrtrichtung stadteinwärts     ;   ;
0729;0;050;050;YE   Braunsfeld               ;Friedrich-Schmidt-Straße 48-58;in Fahrtrichtung stadtauswärts     ;   ;
0730;0;050;050;YF   Braunsfeld               ;Friedrich-Schmidt-Str., Lat.56;in Fahrtrichtung stadtauswärts     ;   ;
0731;2;030;030;YG   Weidenpesch              ;Rennbahnstraße, Haus Nr. 10-20;in Fahrtrichtung Scheibenstraße    ;   ;
0732;2;030;030;YH   Weiden                   ;Frechener Weg, Haus Nr. 11-7  ;in Fahrtrichtung Aachener Straße   ;   ;
0733;2;030;030;YI   Weiden                   ;Frechener Weg, Haus Nr. 54-58 ;in Fahrtrichtung Bonnstraße        ;   ;
0734;2;030;030;YJ   Wahn                     ;St.-Ägidius-Str., Laterne 11-1;in Fahrtrichtung Heidestraße       ;   ;
0735;2;030;030;YK   Wahn                     ;St.-Ägidius-Str. Laterne 5-11 ;in Fahrtrichtung Nachtigallenstraße;   ;
0736;2;030;030;YL   Wahn                     ;St.-Ägidius-Straße 21-13c     ;in Fahrtrichtung Heidestraße       ;   ;
0737;2;030;030;YM   Wahn                     ;St.-Ägidius-Straße, Lat. 10-14;in Fahrtrichtung Nachtigallenstraße;   ;
0738;0;050;050;YN   Dünnwald                 ;Berliner Straße, Haus Nr. 1023;in Fahrtrichtung stadteinwärts     ;   ;
0739;2;030;030;YO   Dünnwald                 ;Amselstraße, Haus Nr. 47-3    ;in Fahrtrichtung Leuchterstraße    ;   ;
0740;2;030;030;YP   Dünnwald                 ;Amselstraße, Haus Nr. 6-22    ;in Fahrtrichtung Odenthaler Straße ;   ;
0741;2;030;030;YQ   Buchheim                 ;Alte Wipperfürther Str. 20-22 ;in Fahrtrichtung Malteserstraße    ;   ;
0742;2;030;030;YR   Buchheim                 ;Alte Wipperfürther Str. 50-70 ;in Fahrtrichtung Herler Straße     ;   ;
0743;2;030;030;YS   Buchheim                 ;Alte Wipperfürther Str. 60-56 ;in Fahrtrichtung Frankfurter Straße;   ;
0744;2;030;030;YT   Buchheim                 ;Alte Wipperfürther Str. 56-50 ;in Fahrtrichtung Frankfurter Straße;   ;
0745;6;010;010;YU   Widdersdorf              ;Indianapolisstraße, Haus Nr.45;in FR. Unter Gottes Gnaden         ;   ;
0746;6;010;010;YV   Widdersdorf              ;Indianapolisstraße, Haus Nr.39;in Fahrtrichtung Hauptstraße       ;   ;
0747;2;030;030;YW   Flittard                 ;Roggendorfstraße, Laterne 13-9;in Fahrtrichtung Düsseldorfer Str. ;   ;
0748;2;030;030;YX   Pesch                    ;Schulstraße, Haus Nr. 73-75a  ;in Fahrtrichtung Montessoristraße  ;   ;
0749;2;030;030;YY   Pesch                    ;Schulstraße, Haus Nr. 75a-55  ;in Fahrtrichtung Mengenicher Straße;   ;
0750;2;030;030;YZ   Pesch                    ;Schulstraße, Laterne Nr. 32   ;in Fahrtrichtung Fröbelstraße      ;   ;
0751;2;030;030;ZA   Junkersdorf              ;Blumenallee, Laterne 29-41    ;in Fahrtrichtung Vogelsanger Weg   ;   ;
0752;2;030;030;ZB   Junkersdorf              ;Blumenallee, Laterne 41-33    ;in Fahrtrichtung Birkenallee       ;   ;
0753;2;030;030;ZC   Bayenthal                ;Goltsteinstraße, Haus Nr.47-61;in Fahrtrichtung Tacitusstraße     ;   ;
0754;2;030;030;ZD   Bayenthal                ;Goltsteinstraße, Haus Nr.71-77;in Fahrtrichtung Tacitusstraße     ;   ;
0755;2;030;030;ZE   Bayenthal                ;Goltsteinstr., Haus Nr.108-114;in Fahrtrichtung Cäsarstraße       ;   ;
0756;2;030;030;ZF   Rondorf                  ;Kapellenstraße, Laterne 26-32 ;in Fahrtrichtung Brühler Landstraße;   ;
0757;2;030;030;ZG   Rondorf                  ;Kapellenstraße, Laterne 32-26 ;in FR. Rondorfer Hauptstraße       ;   ;
0758;2;030;030;ZH   Rondorf                  ;Kapellenstraße, Laterne 32    ;in FR. Rondorfer Hauptstraße       ;   ;
0759;0;050;050;ZI   Porz                     ;Hauptstraße, Laterne 192-196  ;in Fahrtrichtung Bergerstraße      ;   ;
0760;0;050;050;ZJ   Porz                     ;Hauptstraße, Haus Nr. 407-397 ;in Fahrtrichtung Karlstraße        ;   ;
0761;0;050;050;ZK   Porz                     ;Hauptstraße, Haus Nr. 439-435 ;in Fahrtrichtung Rathausstraße     ;   ;
0762;0;050;050;ZL   Porz                     ;Friedrichstraße, Haus Nr. 13-5;in Fahrtrichtung Bahnhofstraße     ;   ;
0763;0;050;050;ZM   Porz                     ;Bergerstraße, Haus Nr. 125-111;in Fahrtrichtung Hauptstraße       ;   ;
0764;0;050;050;ZN   Höhenberg                ;Fuldaer Straße, Haus Nr. 69-59;in Fahrtrichtung Olpener Straße    ;   ;
0765;0;050;050;ZO   Höhenberg                ;Fuldaer Straße, Haus Nr. 66-76;in Fahrtrichtung Frankfurter Straße;   ;
0766;0;050;050;ZP   Neustadt/Nord            ;Krefelder Straße 101-73       ;in Fahrtrichtung Hansaring         ;   ;
0767;0;050;050;ZQ   Neustadt/Nord            ;Krefelder Straße 66-82        ;in Fahrtrichtung Innere Kanalstraße;   ;
0768;0;050;050;ZR   Neustadt/Nord            ;Krefelder Straße 22-42        ;in Fahrtrichtung Balthasarstraße   ;   ;
0769;0;050;050;ZS   Höhenhaus                ;Sigwinstraße, Haus Nr. 12-26  ;in Fahrtrichtung Thuleweg          ;   ;
0770;0;050;050;ZT   Höhenhaus                ;Sigwinstraße, Haus Nr. 26-12  ;in Fahrtruchtung Honschaftsstraße  ;   ;
0771;2;030;030;ZU   Stammheim                ;Gisbertstraße, Haus Nr. 79-21 ;in FR. Stammheimer Hauptstraße     ;   ;
0772;2;030;030;ZV   Stammheim                ;Wolfskaul, Haus Nr. 4         ;in Fahrtrichtung Reichenbachstraße ;   ;
0773;2;030;030;ZW   Stammheim                ;Wolfskaul, Haus Nr. 12        ;in Fahrtrichtung Gerstenkamp       ;   ;
0774;0;050;050;ZX   Wahn                     ;Frankfurter Straße 323-307    ;in Fahrtrichtung Lind              ;   ;
0775;0;050;050;ZY   Wahn                     ;Frankfurter Str., Lat.533-523 ;in Fahrtrichtung Urbach            ;   ;
0776;2;030;030;ZZ   Dünnwald                 ;An der Walkmühle 20-72        ;in Fahrtrichtung Leuchterstraße    ;   ;
0777;2;030;030;A0   Höhenberg                ;Oranienstraße, Haus Nr.155-131;in Fahrtrichtung Burgstraße        ;   ;
0778;2;030;030;A1   Höhenberg                ;Oranienstraße, Haus Nr. 96-160;in Fahrtrichtung Olpener Straße    ;   ;
0779;2;030;030;A2   Vingst                   ;Oranienstraße, Laterne 10-12  ;in Fahrtrichtung Olpener Straße    ;   ;
0780;2;030;030;A3   Zündorf                  ;Heerstraße, Haus Nr. 47-25    ;in Fahrtrichtung Schulzentrum      ;   ;
0781;2;030;030;A4   Zündorf                  ;Heerstraße, Haus Nr. 29-39    ;in Fahrtrichtung Wahner Straße     ;   ;
0782;2;030;030;A5   Vingst                   ;Heßhofstraße, Haus Nr. 12-30  ;in Fahrtrichtung Amtsstraße        ;   ;
0783;2;030;030;A6   Zollstock                ;Höninger Weg, Haus Nr. 243-239;in Fahrtrichtung Gottesweg         ;   ;
0784;2;030;030;A7   Zollstock                ;Höninger Weg, Haus Nr. 208-210;in Fahrtrichtung Bernkasteler Str. ;   ;
0785;0;050;050;A8   Zollstock                ;Höninger weg, Haus Nr. 259-251;in Fahrtrichtung Zollstocksweg     ;   ;
0786;0;050;050;A9   Zollstock                ;Höninger Weg, Haus Nr. 255-263;in Fahrtrichtung Kalscheurer Weg   ;   ;
0787;0;050;050;B0   Zollstock                ;Höninger Weg, Haus Nr. 273-267;in Fahrtrichtung Walberberger Str. ;   ;
0788;2;030;030;B1   Mülheim                  ;Montanusstraße, Haus Nr.43-83 ;in FR. Bergisch Gladbacher Straße  ;   ;
0789;2;030;030;B2   Mülheim                  ;Montanusstraße 107-113        ;in FR. Bergisch Gladbacher Straße  ;   ;
0790;2;030;030;B3   Mülheim                  ;Montanusstraße 113-97a        ;in Fahrtrichtung Frankfurter Straße;   ;
0791;2;030;030;B4   Mülheim                  ;Montanusstraße, Haus Nr. 87-39;in Fahrtrichtung Frankfurter Straße;   ;
0792;0;050;050;B5   Riehl                    ;Amsterdamer Straße 81-77      ;in Fahrtrichtung Zoobrücke         ;   ;
0793;0;050;050;B6   Niehl                    ;Amsterdamer Straße 267-257    ;in Fahrtrichtung Nesselrodestraße  ;   ;
0794;0;050;050;B7   Niehl                    ;Amsterdamer Straße 243-233    ;in Fahrtrichtung Pohlmannstraße    ;   ;
0795;0;050;050;B8   Niehl                    ;Amsterdamer Straße 214-216    ;in Fahrtrichtung stadtauswärts     ;   ;
0796;0;050;050;B9   Niehl                    ;Amsterdamer Str., Lat. 120-122;in Fahrtrichtung stadtauswärts     ;   ;
0797;6;010;010;C0   Merheim                  ;Am Sonnenhut, Haus Nr. 75-217 ;in Fahrtrichtung Fenchelweg        ;   ;
0798;6;010;010;C1   Merheim                  ;Am Sonnenhut, Haus Nr. 217-75 ;in Fahrtrichtung Madausstraße      ;   ;
0799;2;030;030;C2   Ehrenfeld                ;Melatengürtel, Haus Nr.108-112;in Fahrtrichtung Ehrenfeldgürtel   ;   ;
0800;0;050;050;C3   Ehrenfeld                ;Ehrenfeldgürtel, Laterne 9-5  ;in Fahrtrichtung Melatengürtel     ;   ;
0801;2;030;030;C4   Porz-Elsdorf             ;Tiergartenstraße, Laterne 4-8 ;in Fahrtrichtung Haus Wolle        ;   ;
0802;2;030;030;C5   Porz-Elsdorf             ;Tiergartenstraße, Laterne 8-2 ;in Fahrtrichtung Friedensstraße    ;   ;
0803;2;030;030;C6   Bilderstöckchen          ;Longericher Straße 101-67     ;in Fahrtrichtung Parkgürtel        ;   ;
0804;2;030;030;C7   Bilderstöckchen          ;Longericher Straße 75-113     ;in Fahrtrichtung TÜV               ;   ;
0805;2;030;030;C8   Höhenhaus                ;Am Flachsrosterweg, Laterne 24;in Fahrtrichtung Berliner Straße   ;   ;
0806;2;030;030;C9   Höhenhaus                ;Am Flachsrosterweg, Lat. 18-16;in Fahrtrichtung Berliner Straße   ;   ;
0807;2;030;030;D1   Höhenhaus                ;Am Flachsrosterweg, Lat.12a-12;in Fahrtrichtung Berliner Straße   ;   ;
0808;2;030;030;D2   Höhenhaus                ;Am Flachsrosterweg, Lat. 12-14;in FR. Dünnwalder Kommunalweg      ;   ;
0809;2;030;030;D3   Höhenhaus                ;Am Flachsrosterweg, Lat. 16-18;in FR. Dünnwalder Kommunalweg      ;   ;
0810;2;030;030;D4   Höhenhaus                ;Am Flachsrosterweg, Lat. 24-26;in FR. Dünnwalder Kommunalweg      ;   ;
0811;0;030;030;D5   Klettenberg              ;Luxemburger Straße 331-325    ;in Fahrtrichtung stadteinwärts     ;   ;
0812;2;030;030;D6   Sülz                     ;Wichterichstraße, Laterne 16-4;in Fahrtrichtung Sülzburgstraße    ;   ;
0813;2;030;030;D7   Sülz                     ;Euskirchener Straße 66-54     ;in Fahrtrichtung Mommsenstraße     ;   ;
0814;2;030;030;D8   Sülz                     ;Euskirchener Straße 54-66     ;in Fahrtrichtung Neuenhöfer Allee  ;   ;
0815;0;050;050;D9   Lindenthal               ;Mommsenstraße, Haus Nr.124-130;in Fahrtrichtung Bachemer Straße   ;   ;
0816;0;050;050;E1   Lindenthal               ;Mommsenstraße, Haus Nr. 67-61 ;in Fahrtrichtung Gleueler Straße   ;   ;
0817;2;030;030;E2   Vingst                   ;Homarstraße, Haus Nr. 51-45   ;in Fahrtrichtung Ostheimer Straße  ;   ;
0818;2;030;030;E3   Vingst                   ;Homarstraße, Haus Nr. 64-78   ;in Fahrtrichtung Poll-Vingster Str.;   ;
0819;0;050;050;E4   Lindenthal               ;Lindenthalgürtel, Lat.6-Haus36;in Fahrtrichtung Braunsfeld        ;   ;
0820;0;050;050;E5   Lindenthal               ;Lindenthalgürtel, Haus Nr. 78 ;in Fahrtrichtung Braunsfeld        ;   ;
0821;0;050;050;E6   Lindenthal               ;Lindenthalgürtel, HausNr.99-71;in Fahrtrichtung Sülz              ;   ;
0822;0;050;050;E7   Lindenthal               ;Lindenthalgürtel, HausNr.35-31;in Fahrtrichtung Sülz              ;   ;
0823;0;050;050;E8   Lindenthal               ;Dürener Straße, Laterne 41-53 ;in Fahrtrichtung stadtauswärts     ;   ;
0824;0;050;050;E9   Lindenthal               ;Dürener Straße, HausNr.292-256;in Fahrtrichtung stadteinwärts     ;   ;
0825;2;030;030;F1   Porz                     ;Urbacher Weg, Laterne 9-13    ;in Fahrtrichtung Kölner Straße     ;   ;
0826;2;030;030;F2   Porz                     ;Urbacher Weg, Laterne 25-19   ;in Fahrtrichtung Steinstraße       ;   ;
0827;6;010;010;F3   Rath/Heumar              ;An der Rather Burg 47a-43     ;in Fahrtrichtung Tennishalle       ;   ;
0828;6;010;010;F4   Rath/Heumar              ;An der Rather Burg 45a-55a    ;in Fahrtrichtung Gröppersgasse     ;   ;
0829;6;010;010;F5   Rath/Heumar              ;An der Rather Burg, Laterne7-5;in Fahrtrichtung Gröppersgasse     ;   ;
0830;0;050;050;F6   Lindenthal               ;Oskar-Jäger-Straße, Lat. 7-15 ;in Fahrtrichtung Melatengürtel     ;   ;
0831;0;050;050;F7   Lindenthal               ;Oskar-Jäger-Straße, Lat. 15-7 ;in Fahrtrichtung Aachener Straße   ;   ;
0832;2;030;030;F8   Nippes                   ;Neusser Straße, HausNr.413-405;in Fahrtrichtung stadteinwärts     ;   ;
0833;2;030;030;F9   Nippes                   ;Neusser Straße, HausNr.412-420;in Fahrtrichtung stadtauswärts     ;   ;
0834;2;030;030;G1   Niehl                    ;Niehler Kirchweg, Lat. 38-40  ;in FR. Friedrich-Karl-Straße       ;   ;
0835;2;030;030;G2   Niehl                    ;Merkenicher Straße 267-247    ;in Fahrtrichtung stadteinwärts     ;   ;
0836;2;030;030;G3   Niehl                    ;Merkenicher straße 222-240a   ;in Fahrtrichtung stadtauswärts     ;   ;
0837;6;010;010;G4   Niehl                    ;Merkenicher Straße 97-65      ;in Fahrtrichtung In der Maienkammer;   ;
0838;6;010;010;G5   Niehl                    ;Merkenicher Straße 66-104     ;in Fahrtrichtung Hillesheimstraße  ;   ;
0839;2;030;030;G6   Klettenberg              ;Geisbergstraße, Haus Nr.30a-34;in Fahrtrichtung Franz-Marc-Straße ;   ;
0840;2;030;030;G7   Klettenberg              ;Geisbergstraße, Haus Nr. 5-1  ;in Fahrtrichtung Luxemburger Straße;   ;
0841;0;030;030;G8   Nippes                   ;Niehler Straße, Haus225-Lat.59;in Fahrtrichtung stadteinwärts     ;   ;
0842;0;050;050;G9   Nippes                   ;Niehler Straße, HausNr.178-192;in Fahrtrichtung stadtauswärts     ;   ;
0843;0;050;050;H1   Nippes                   ;Niehler Straße, Haus Nr. 9-7  ;in Fahrtrichtung Innere Kanalstraße;   ;
0844;0;050;050;H2   Nippes                   ;Niehler Straße, Haus Nr. 17   ;in Fahrtrichtung Florastraße       ;   ;
0845;0;050;050;H3   Niehl                    ;Niehler Straße, Laterne 104-96;in Fahrtrichting stadteinwärts     ;   ;
0846;0;050;050;H4   Niehl                    ;Niehler Straße, Laterne 92-106;in Fahrtrichtung stadtauswärts     ;   ;
0847;0;050;050;H5   Niehl                    ;Niehler Straße, Laterne 90-80 ;in Fahrtrichtung stadteinwärts     ;   ;
0848;0;050;050;H6   Niehl                    ;Niehler Straße, Laterne 79-73 ;in Fahrtrichtung Nippes            ;   ;
0849;0;050;050;H7   Niehl                    ;Niehler Straße, Laterne 73-79 ;in Fahrtrichtung Nesselrodestraße  ;   ;
0850;2;030;030;H8   Merheim                  ;Broichstraße, Laterne 51-49   ;in Fahrtrichtung Olpener Straße    ;   ;
0851;2;030;030;H9   Merheim                  ;Broichstraße, Laterne 49-53   ;in Fahrtrichtung Ostmerheimer Str. ;   ;
0852;0;050;050;I1   Riehl                    ;Riehler Straße, Laterne 59-43 ;in Fahrtrichtung stadteinwärts     ;   ;
0853;2;030;030;I2   Sürth                    ;Schlehenweg, Laterne 5-7      ;in Fahrtrichtung Am Ziegelofen     ;   ;
0854;2;030;030;I3   Sürth                    ;Schlehenweg, Laterne 7-3      ;in Fahrtrichtung Am Feldrain       ;   ;
0855;0;050;050;I4   Neustadt/Nord            ;Neusser Straße, Haus Nr. 79-71;in Fahrtrichtung stadteinwärts     ;   ;
0856;0;050;050;I5   Poll                     ;Siegburger Str., Laterne 97-93;in Fahrtrichtung stadteinwärts     ;   ;
0857;0;050;050;I6   Sülz                     ;Sülzgürtel, Haus Nr. 69-97    ;in Fahrtrichtung Curtiusstraße     ;   ;
0858;0;050;050;I7   Sülz                     ;Sülzgürtel, Laterne 57-47     ;in Fahrtrichtung Mommsenstraße     ;   ;
0859;0;050;050;I8   Sülz                     ;Sülzgürtel, Laterne 39-35     ;in FR. Münstereifeler Straße       ;   ;
0860;0;050;050;I9   Sülz                     ;Sülzgürtel, Laterne 29-19     ;in Fahrtrichtung Luxemburger Straße;   ;
0861;0;050;050;J1   Sülz                     ;Sülzgürtel, Laterne 12-14     ;in Fahrtrichtung Berrenrather Str. ;   ;
0862;0;050;050;J2   Sülz                     ;Sülzgürtel, Haus Nr. 48-52    ;in Fahrtrichtung Lindenthal        ;   ;
0863;7;030;030;J3   Lindenthal               ;Weyertal, Laterne Nr. 44-28   ;in Fahrtrichtung Kerpener Straße   ;   ;
0864;7;030;030;J4   Lindenthal               ;Weyertal, Laterne Nr. 28-46   ;in Fahrtrichtung Bachemer Straße   ;   ;
0865;2;030;030;J5   Sülz                     ;Manderscheider Straße 33-23   ;in Fahrtrichtung Luxemburger Straße;   ;
0866;2;030;030;J6   Sülz                     ;Manderscheider Platz, 6-16    ;in Fahrtrichtung Berrenrather Str. ;   ;
0867;0;050;050;J7   Mülheim                  ;Bergischer Ring Höhe Laterne 6;in Fahrtrichtung Rendsburger Platz ;   ;
0868;0;050;050;J8   Mülheim                  ;Bergischer Ring, Laterne 18-20;in Fahrtrichtung Wiener Platz      ;   ;
0869;2;030;030;J9   Mülheim                  ;Mülheimer Freiheit, Lat. 8-10 ;in Fahrtrichtung Ferrenbergstraße  ;   ;
0870;2;030;030;K1   Mülheim                  ;Mülheimer Freiheit, Haus Nr.74;in Fahrtrichtung Neustraße         ;   ;
0871;2;030;030;K2   Mülheim                  ;Mülheimer Freiheit, 108-110   ;in Fahrtrichtung Dünnwalder Straße ;   ;
0872;2;030;030;K3   Mülheim                  ;Mülheimer Freiheit, 91-83     ;in Fahrtrichtung salzstraße        ;   ;
0873;2;030;030;K4   Mülheim                  ;Mülheimer Freiheit, Haus Nr.63;in Fahrtrichtung Peter-Müller-Str. ;   ;
0874;2;030;030;K5   Mülheim                  ;Mülheimer Freiheit, Haus Nr.42;in Fahrtrichtung Kirchstraße       ;   ;
0875;2;030;030;K6   Mülheim                  ;Mülheimer Freiheit, Lat. 8    ;in FR. Deutz-Mülheimer Straße      ;   ;
0876;0;050;050;K7   Mülheim                  ;Rendsburger Platz, Lat. 10-12 ;in Fahrtrichtung Kieler Straße     ;   ;
0877;0;050;050;K8   Mülheim                  ;Rendsburger Platz, Lat. 7     ;in Fahrtrichtung Bergischer Ring   ;   ;
0878;0;050;050;K9   Humboldt/Gremberg        ;Gremberger Straße, 22-16      ;in Fahrtrichtung An der Pulvermühle;   ;
0879;0;050;050;L1   Humboldt/Gremberg        ;Gremberger Straße, Lat. 10-8  ;in Fahrtrichtung Burgenlandstraße  ;   ;
0880;0;050;050;L2   Humboldt/Gremberg        ;Gremberger Straße, Lat. 8-10  ;in Fahrtrichtung Flamersfelder Str.;   ;
0881;0;050;050;L3   Humboldt/Gremberg        ;Gremberger Straße, Haus. 16-20;in Fahrtrichtung Pfarrer-Moll-Str. ;   ;
0882;2;030;030;L4   Lövenich                 ;Brauweilerstraße, Laterne 21  ;in Fahrtrichtung stadteinwärts     ;   ;
0883;2;030;030;L5   Rath-Heumar              ;Veilchenweg, Haus Nr. 42-54   ;in Fahrtrichtung Forststraße       ;   ;
0884;2;030;030;L6   Vogelsang                ;Silbermöwenweg, Laterne 8-16  ;in Fahrtrichtung Seeadlerweg       ;   ;
0885;2;030;030;L7   Vogelsang                ;Silbermöwenweg, Laterne 16-8  ;in Fahrtrichtung Kolkrabenweg      ;   ;
0886;2;030;030;L8   Porz                     ;Ohmstraße, Haus Nr. 62        ;in Fahrtrichtung Bergerstraße      ;   ;
0887;2;030;030;L9   Porz                     ;Ohmstraße, Haus Nr. 64/66     ;in Fahrtrichtung Bergerstraße      ;   ;
0888;2;030;030;M1   Porz                     ;Ohmstraße, Haus Nr. 76/78     ;in Fahrtrichtung Bergerstraße      ;   ;
0889;2;030;030;M2   Porz                     ;Ohmstraße, Laterne 34         ;in Fahrtrichtung Kaiserstraße      ;   ;
0890;2;030;030;M3   Porz                     ;Ohmstraße, Haus Nr. 60        ;in Fahrtrichtung Kaiserstraße      ;   ;
0891;0;030;030;M4   Holweide                 ;Kühzällerweg, Haus Nr. 5-9    ;in Fahrtrichtung stadteinwärts     ;   ;
0892;0;030;030;M5   Holweide                 ;Kühzällerweg, Haus Nr. 9-5    ;in Fahrtrichtung stadtauswärts     ;   ;
0893;2;030;030;M6   Dellbrück                ;Urnenstraße, Haus Nr. 40-48   ;in Fahrtrichtung Dünnw             ;   ;
0894;2;030;030;M7   Dellbrück                ;Urnenstraße, Haus Nr. 40-36a  ;in FR. Bergisch Gladbacher Straße  ;   ;
0895;2;030;030;M8   Dellbrück                ;Urnenstraße, Haus Nr. 46-40   ;in FR. Bergisch Gladbacher Straße  ;   ;
0896;2;030;030;M9   Dellbrück                ;Brambachstraße, Haus Nr. 72-74;in Fahrtrichtung Thurner Straße    ;   ;
0897;2;030;030;N1   Dellbrück                ;Brambachstraße, Haus Nr. 10-14;in Fahrtrichtung Neoborner Straße  ;   ;
0898;0;050;050;N2   Neustadt/Nord            ;Riehler Straße, Haus Nr. 17-9 ;in Fahrtrichtung Ebertplatz        ;   ;
0899;0;050;050;N3   Neustadt/Nord            ;Riehler Straße, Haus Nr. 6-14 ;in Fahrtr. Reichensperger Platz    ;   ;
0900;3;120;080;R118 BAB  4, km 66,320        ;zw. AS Klettenberg und AK West;Richtungsfahrbahn Heerlen          ;   ;
0901;3;120;080;R119 BAB  4, km 66,300        ;zw. AK West und AS Klettenberg;Richtungsfahrbahn Olpe             ;   ;
0902;3;100;080;R171 BAB  57, km 113,055      ;zw.AS Bickendorf und Longerich;Richtungsfahrbahn Neuss            ;   ;
0903;3;100;080;R180 BAB  1, km 419,350       ;zw. AS Bocklemünd und Lövenich;Richtungsfahrbahn Euskirchen       ;   ;
0904;3;100;080;R182 BAB  1, km 419,343       ;zw. AS Lövenich und Bocklemünd;Richtungsfahrbahn Dortmund         ;   ;
0905;3;100;080;R183 BAB  1, km 414,747       ;zw. AK Nord und AS Bocklemünd ;Richtungsfahrbahn Euskirchen       ;   ;
0906;3;080;080;R003 BAB  3, km 137,6         ;zw. AD Heumar und AS Dellbrück;Richtungsfahrbahn Oberhausen       ;   ;
0907;3;100;080;R015 BAB  59, km 9,7          ;zw. AK Flughafen und AD Heumar;Richtungsfahrbahn Köln             ;   ;
0908;3;100;080;R016 BAB  59, km 14,45        ;zw. AK Flughafen und Porz-Lind;Richtungsfahrbahn Bonn             ;   ;
0909;3;100;080;R022*BAB  59, km 6,15         ;zw. AK Flughafen und AK Ost   ;Richtungsfahrbahn Oberhausen       ;   ;
0910;3;100;080;R032 BAB  559, km 7,521       ;zw. AK Gremberg und AD Porz   ;Richtungsfahrbahn Bonn             ;   ;
0911;3;100;080;R034 BAB  3/4, km 0,40        ;zw.AK Gremberg und Königsforst;Richtungsfahrbahn Frankfurt        ;   ;
0912;3;100;080;R035 BAB  3/4, km 80,8        ;zw.AS Königsforst und Gremberg;Richtungsfahrbahn Aachen           ;   ;
0913;3;100;080;R049 BAB  59, km 9,56         ;zw. Köln-Deutz und Flughafen  ;Richtungsfahrbahn Bonn             ;   ;
0914;3;100;080;R082 BAB  3, km 140,5         ;zw. AS Königsforst und AK Ost ;Richtungsfahrbahn Oberhausen       ;   ;
0915;3;100;080;R010*BAB  3, km 0,52          ;zw. AS Königsforst und AK Ost ;Richtungsfahrbahn Oberhausen       ;   ;
0916;3;100;080;R172 BAB  57, km 113,033      ;zw.AS Longerich und Bickendorf;Richtungsfahrbahn Köln             ;   ;
0917;3;100;080;R007 BAB  4, km 84,65         ;zw. AS Buchheim und AS Merheim;Richtungsfahrbahn Olpe             ;   ;
0918;3;060;060;R008 BAB  3, km 139,00        ;zw. AK Ost AD Heumar          ;Richtungsfahrbahn Frankfurt / M.   ;   ;
0919;3;100;080;R011 BAB  59, km 6,46         ;zw. AD Heumar und AS Rath     ;Richtungsfahrbahn Bonn             ;   ;
0920;3;080;080;R189 BAB  1, km 421,233       ;zw. AK West und AS Bocklemünd ;Richtungsfahrbahn Dortmund         ;   ;
0921;3;120;080;R120 BAB  4, km 66,583        ;zw. AK K.-West und Klettenberg;Richtungsfahrbahn Olpe             ;   ;
0922;3;080;080;R012 BAB  3, km 137,1         ;zw. AS Dellbrück und AD Heumar;Richtungsfahrbahn Frankfurt        ;   ;
0923;3;060;060;R013 BAB  59, km 12,7         ;zw. AS Wahn und AK Flughafen  ;Richtungsfahrbahn Köln             ;   ;
0924;3;100;080;R184 BAB  1, km 413,355       ;zw. AK Nord und AS Bocklemünd ;Richtungsfahrbahn Saarbrücken      ;   ;
0925;3;080;080;R018 BAB  4, km 75,25         ;zw. AS Köln-Poll und Köln-Süd ;Richtungsfahrbahn Aachen           ;   ;
0926;3;080;080;R026 BAB  4, km 84,45         ;zw. AK K.-Ost und AS Buchheim ;Richtungsfahrbahn Köln-Zentrum     ;   ;
0927;3;080;080;R027 BAB  4, km 86,35         ;zw. AS Refrath und AK Köln-Ost;Richtungsfahrbahn Aachen           ;   ;
0928;3;080;080;R028 B55a                     ;Überführung AS Buchforst/Kalk ;in Fahrtrichtung Zentrum/Zoobrücke ;   ;
0929;3;080;080;R029 B55a                     ;Überführung AS Buchforst/Kalk ;in Fahrtrichtung Olpe              ;   ;
0930;3;060;060;R100 BAB  1, km 422,468       ;zw. AS K.-Lövenich und Frechen;Richtungsfahrbahn Saarbrücken      ;   ;
0931;3;060;060;R101 BAB  1, km 422,338       ;zw.AK K.-West u.AS K.-Lövenich;Richtungsfahrbahn Dortmund         ;   ;
0932;2;030;030;N4   Holweide                 ;Wichheimer Straße 307         ;in FR. Isenburger Kirchweg         ;   ;
0933;0;030;030;N5   Höhenhaus                ;Im Weidenbruch 113-107        ;in Fahrtrichtung Jungbornweg       ;   ;
0934;2;030;030;N6   Gremberghoven            ;Auf dem Streitacker 28-34     ;in Fahrtrichtung Breitenbachstraße ;   ;
0935;2;030;030;N7   Porz                     ;Helmholtzstraße 11-27         ;in Fahrtrichtung Siemensstraße     ;   ;
0936;2;030;030;N8   Porz                     ;Helmholtzstraße 13-11         ;in Fahrtrichtung Voltastraße       ;   ;
0937;2;030;030;N9   Porz                     ;Ohmstraße, Haus Nr. 35        ;in Fahrtrichtung Siemensstraße     ;   ;
0938;2;030;030;O1   Porz                     ;Ohmstraße, Haus Nr. 42        ;in Fahrtrichtung Voltastraße       ;   ;
0939;2;030;030;O2   Brück                    ;Diesterwegstraße, Haus Nr. 4  ;in Fahrtrichtung Flehbachstraße    ;   ;
0940;2;030;030;O3   Brück                    ;Olpener Straße 839-831        ;in Fahrtrichtung stadteinwärts     ;   ;
0941;2;030;030;O4   Brück                    ;Olpener Straße, Haus Nr. 946  ;in Fahrtrichtung stadtauswärts     ;   ;
0942;0;050;050;O5   Buchforst                ;Waldecker Str., Laterne 10-16 ;in Fahrtrichtung Heidelberger Str. ;   ;
0943;0;050;050;O6   Buchforst                ;Waldecker Straße 48-60        ;in Fahrtrichtung Mülheim           ;   ;
0944;0;050;050;O7   Buchforst                ;Waldecker Straße 57-51        ;in Fahrtrichtung Kalk              ;   ;
0945;2;030;030;O8   Dellbrück                ;Gemarkenstraße, Haus Nr. 39-9 ;in Fahrtrichtung Strundener Straße ;   ;
0946;2;030;030;O9   Dellbrück                ;Gemarkenstraße, Haus-Nr. 6-44 ;in Fahrtrichtung Thurner Straße    ;   ;
0947;2;030;030;P1   Dellbrück                ;Strundener Straße 41-29       ;in Fahrtrichtung Gemarkenstraße    ;   ;
0948;2;030;030;P2   Dellbrück                ;Strundener Straße 56-70       ;in Fahrtrichtung Gierather Straße  ;   ;
0949;2;030;030;P3   Dellbrück                ;Thurner Straße, Haus Nr. 61-29;in FR. Dellbrücker Hauptsraße      ;   ;
0950;2;030;030;P4   Dellbrück                ;Thurner Straße, Haus Nr. 10-40;in Fahrtrichtung Brambachstraße    ;   ;
0951;0;050;050;P5   Dellbrück                ;Bensberger Marktweg 383-350   ;in Fahrtrichtung Holweide          ;   ;
0952;0;050;050;P6   Dellbrück                ;Bensberger Marktweg 350-370   ;in Fahrtrichtung Refrath           ;   ;
0953;2;030;030;P7   Dellbrück                ;Penningsfelder Weg 45-33      ;in FR. Bensberger Marktweg         ;   ;
0954;2;030;030;P8   Dellbrück                ;Penningsfelder Weg 35-49      ;in Fahrtrichtung Gierather Straße  ;   ;
0955;2;030;030;P9   Rheinkassel              ;Alte Römerstraße 95-109       ;in Fahrtrichtung Worringen         ;   ;
0956;2;030;030;Q1   Rheinkassel              ;Alte Römerstraße 107-89       ;in Fahrtrichtung Merkenich         ;   ;
0957;2;030;030;Q2   Lind                     ;Nibelungenstraße, Laterne 25  ;in Fahrtrichtugn Frankfurter Straße;   ;
0958;2;030;030;Q3   Lind                     ;Nibelungenstraße, Laterne 25  ;in Fahrtrichtung Linder Mauspfad   ;   ;
0959;2;030;030;Q4   Raderberg                ;Raderberger Straße 176        ;in Fahrtrichtung Brühler Straße    ;   ;
0960;2;030;030;Q5   Raderberg                ;Raderberger Straße 183        ;in Fahrtrichtung Brühler Straße    ;   ;
0961;2;030;030;Q6   Raderberg                ;Raderberger Straße 174-172    ;in Fahrtrichtung Marktstraße       ;   ;
0962;2;030;030;Q7   Bickendorf               ;Sandweg, Haus Nr. 148-146     ;in Fahrtrichtung Segmüllerstraße   ;   ;
0963;2;030;030;Q8   Bickendorf               ;Sandweg, Haus Nr. 126-120     ;in Fahrtrichtung Akazienweg        ;   ;
0964;2;030;030;Q9   Bickendorf               ;Sandweg, Haus Nr. 124-130     ;in Fahrtrichtung Mühlenweg         ;   ;
0965;2;030;030;R1   Bickendorf               ;Sandweg, Haus Nr. 105-89      ;in Fahrtrichtung Subbelrather Str. ;   ;
0966;2;030;030;R2   Bickendorf               ;Sandweg, Haus Nr. 63-57       ;in Fahrtrichtung Subbelrather Str. ;   ;
0967;0;050;050;R3   Bayenthal                ;Bonner Straße 329-285         ;in Fahrtrichtung stadteinwärts     ;   ;
0968;0;050;050;R4   Bayenthal                ;Bonner Straße 265-243         ;in Fahrtrichtung Schönhauser Straße;   ;
0969;0;050;050;R5   Bayenthal                ;Bonner Straße 260-272         ;in Fahrtrichtung stadtauswärts     ;   ;
0970;0;050;050;R6   Raderberg                ;Brühler Straße, Haus Nr. 30-50;in Fahrtrichtung stadtauswärts     ;   ;
0971;0;050;050;R7   Raderberg                ;Brühler Straße, Haus Nr.82-122;in Fahrtrichtung stadtauswärts     ;   ;
0972;0;050;050;R8   Raderberg                ;Brühler Straße, Haus Nr.117-83;in Fahrtrichtung stadteinwärts     ;   ;
0973;0;050;050;R9   Raderberg                ;Brühler Straße, Haus Nr. 81-73;in Fahrtrichtung stadteinwärts     ;   ;
0974;0;050;050;S1   Raderberg                ;Brühler Straße, Haus Nr. 37-7 ;in Fahrtrichtung Bonner Straße     ;   ;
0975;0;050;050;S2   Neustadt/Süd             ;Vorgebirgstraße, Haus Nr. 8-18;in Fahrtrichtung Volksgartenstraße ;   ;
0976;0;050;050;S3   Neustadt/Süd             ;Vorgebirgstraße, Laterne 27-21;in Fahrtrichtung Urlepforte        ;   ;
0977;0;050;050;S4   Neustadt/Süd             ;Vorgebirgstraße, Haus Nr. 27-3;in Fahrtrichtung Urlepforte        ;   ;
0978;2;030;030;S5   Neustadt/Süd             ;Volksgartenstraße 42-66       ;in Fahrtrichtung Eifelplatz        ;   ;
0979;2;030;030;S6   Neustadt/Süd             ;Volksgartenstraße, Haus 64-42 ;in Fahrtrichtung Vorgebirgstraße   ;   ;
0980;3;050;050;S7   Kalk                     ;B55a,Überführung Buchforststr.;in Fahrtrichtung AK Köln-Ost       ;   ;
0981;0;050;050;S8   Braunsfeld               ;Stolberger Straße, Lat. 76-58 ;in Fahrtrichtung Maarweg           ;   ;
0982;0;050;050;S9   Braunsfeld               ;Stolberger Straße, Lat. 56-76 ;in Fahrtrichtung Eupener Straße    ;   ;
0983;2;030;030;T1   Flittard                 ;Peter-Grieß-Straße, Lat. 21-5 ;in Fahrtrichtung Semmelweisstraße  ;   ;
0984;2;030;030;T2   Flittard                 ;Peter-Grieß-Straße, Lat. 5-9  ;in Fahrtrichtung Hufelandstraße    ;   ;
0985;2;030;030;T3   Vingst                   ;Nobelstraße, Laterne 7-5      ;in Fahrtrichtung Lustheider Straße ;   ;
0986;2;030;030;T4   Vingst                   ;Nobelstraße, Laterne 7-9      ;in Fahrtrichtung Ostheimer Straße  ;   ;
0987;2;030;030;T5   Zündorf                  ;Evezastraße, Haus Nr. 7-5     ;in Fahrtrichtung Wahner Straße     ;   ;
0988;2;030;030;T6   Zündorf                  ;Evezastraße, Haus Nr. 7-9     ;in Fahrtrichtung Westfeldstraße    ;   ;
0989;2;030;030;T7   Roggendorf/Thenhoven     ;Sinnersdorfer Str. Nr.76-78   ;in Fahrtrichtung Thenhoven         ;   ;
0990;2;030;030;T8   Roggendorf/Thenhoven     ;Sinnersdorfer Straße 95-81    ;in Fahrtrichtung S-Bahn            ;   ;
0991;2;030;030;T9   Neustadt/Süd             ;Beethovenstraße, Laterne 13-3 ;in Fahrtrichtung Hohenstaufenring  ;   ;
0992;2;030;030;U1   Neustadt/Süd             ;Beethovenstraße, Laterne 6-10 ;in Fahrtrichtung Roonstraße        ;   ;
0993;0;050;050;U2   Neustadt/Süd             ;Roonstraße, Haus Nr. 51-33    ;in Fahrtrichtung Zülpicher Platz   ;   ;
0994;0;050;050;U3   Neustadt/Süd             ;Roonstraße, Haus Nr. 24-60    ;in Fahrtrichtung Lindenstraße      ;   ;
0995;0;050;050;U4   Bilderstöckchen          ;Am Bilderstöckchen 58-58a     ;in Fahrtrichtung Escher Straße     ;   ;
0996;0;050;050;U5   Bilderstöckchen          ;Am Bilderstöckchen 95-55      ;in Fahrtrichtung Longericher Straße;   ;
0997;2;030;030;U6   Neuehrenfeld             ;Lukasstraße, Haus Nr. 26-14   ;in Fahrtrichtung Subbelrather Str. ;   ;
0998;2;030;030;U7   Neuehrenfeld             ;Lukasstraße, Haus Nr. 14-26   ;in Fahrtrichtung Herkulesstraße    ;   ;
0999;2;030;030;U8   Humboldt-Gremberg        ;Am Grauen Stein, ggüb Haus 8-6;in Fahrtrichtung Gremberger Straße ;   ;
1000;2;030;030;U9   Humboldt-Gremberg        ;Am Grauen Stein, Haus Nr. 8-12;in Fahrtrichtung Poll              ;   ;
1001;2;030;030;V1   Esch/Auweiler            ;Orrer Straße, vor Amselweg    ;in Fahrtrichtung stadtauswärts     ;   ;
1002;2;030;030;V2   Esch/Auweiler            ;Pohlhofstraße, Höhe Spielplatz;in Fahrtrichtung Pulheim           ;   ;
1003;2;030;030;V3   Esch/Auweiler            ;Gartenstraße, Haus Nr. 11     ;in Fahrtrichtung Erlenweg          ;   ;
1004;2;030;030;V4   Esch/Auweiler            ;Gartenstraße, Haus Nr. 8-14   ;in Fahrtrichtung Pohlhofstraße     ;   ;
1005;2;030;030;V5   Neustadt/Süd             ;Zugweg, Laterne 20-24         ;in Fahrtrichtung Bonner Wall       ;   ;
1006;2;030;030;V6   Neustadt/Süd             ;Zugweg, gegenüber Lat. 20-24  ;in Fahrtrichtung Bonner Wall       ;   ;
1007;2;030;030;V7   Höhenberg                ;Höhenberger Straße 22-24      ;in Fahrtrichtung Olpener Straße    ;   ;
1008;2;030;030;V8   Höhenberg                ;Höhenberger Straße 24-20      ;in Fahrtrichtung Frankfurter Straße;   ;
1009;2;030;030;V9   Holweide                 ;Burgwiesenstraße, Lat. 26-22  ;in Fahrtrichtung Kochwiesenstraße  ;   ;
1010;2;030;030;W1   Holweide                 ;Burgwiesenstraße, Lat. 24-28  ;in FR. Isenburger Kirchweg         ;   ;
1011;0;050;050;W2   Nippes                   ;Niehler Straße, Haus Nr. 40-44;in Fahrtrichtung stadtauswärts     ;   ;
1012;0;050;050;W3   Nippes                   ;Niehler Straße, Haus Nr. 45-43;in Fahrtrichtung stadteinwärts     ;   ;
1013;0;050;050;W4   Nippes                   ;Niehler Straße, Haus Nr. 52-66;in Fahrtrichtung stadtauswärts     ;   ;
1014;0;050;050;W5   Nippes                   ;Niehler Straße, Haus Nr.99-141;in Fahrtrichtung stadtauswärts     ;   ;
1015;0;050;050;W6   Nippes                   ;Niehler Straße, Haus Nr.135-99;in Fahrtrichtung stadteinwärts     ;   ;
1016;2;030;030;W7   Neuehrenfeld             ;Hans-Wild-Straße, Laterne 6-12;in Fahrtrichtung Herkulesstraße    ;   ;
1017;2;030;030;W8   Neuehrenfeld             ;Hans-Wild-Straße, Laterne 18-6;in Fahrtrichtung Liebigstraße      ;   ;
1018;0;050;050;W9   Bilderstöckchen          ;Liebigstraße, Haus Nr. 235-237;in Fahrtrichtung Osterather Straße ;   ;
1019;0;050;050;X1   Neuehrenfeld             ;Liebigstraße, Haus Nr. 233-225;in Fahrtrichtung Methweg           ;   ;
1020;0;050;050;X2   Neuehrenfeld             ;Liebigstraße, Haus Nr. 225-233;in Fahrtrichtung Osterather Straße ;   ;
1021;0;050;050;X3   Neuehrenfeld             ;Liebigstraße, Haus Nr. 157-149;in Fahrtrichtung Ehrenfeld         ;   ;
1022;0;050;050;X4   Neuehrenfeld             ;Liebigstraße 118c-120         ;in Fahrtrichtung Bilderstöckchen   ;   ;
1023;0;050;050;X5   Neuehrenfeld             ;Liebigstraße, Haus Nr. 51-17  ;in Fahrtrichtung Subbelrather Str. ;   ;
1024;0;050;050;X6   Neuehrenfeld             ;Liebigstraße, Haus Nr. 26-108 ;in Fahrtrichtung Herkulesstraße    ;   ;
1025;2;030;030;X7   Zündorf                  ;Westfeldgasse, Haus Nr. 17-26 ;in Fahrtrichtung Nelkenweg         ;   ;
1026;2;030;030;X8   Zündorf                  ;Westfeldgasse, Haus Nr. 29-18 ;in Fahrtrichtung Schmittgasse      ;   ;
1027;2;030;030;X9   Rath/Heumar              ;Wodanstraße, Haus Nr. 26 a-26f;in Fahrtrichtung Baldurstraße      ;   ;
1028;2;030;030;Y1   Rath/Heumar              ;Wodanstraße, Haus Nr. 26 f-26a;in Fahrtrichtung Heimdallstraße    ;   ;
1029;0;050;050;Y2   Neustadt/Süd             ;Aachener Straße, Laterne 27-15;in Fahrtrichtung stadteinwärts     ;   ;
1030;0;050;050;Y3   Neustadt/Süd             ;Aachener Straße, Laterne 60-70;in Fahrtrichtung stadtauswärts     ;   ;
1031;2;030;030;Y4   Esch/Auweiler            ;Frohnhofstraße, Laterne 27-29 ;in Fahrtrichtung Am Baggerfeld     ;   ;
1032;2;030;030;Y5   Esch/Auweiler            ;Frohnhofstraße, Laterne 35-31 ;in Fahrtrichtung Weilerstraße      ;   ;
1033;2;030;030;Y6   Weidenpesch              ;Kapuzinerstraße, Haus Nr. 8-22;in Fahrtrichtung Jesuitengasse     ;   ;
1034;2;030;030;Y7   Weidenpesch              ;Kapuzinerstraße, Haus Nr. 22-8;in Fahrtrichtung Neusser Straße    ;   ;
1035;2;030;030;Y8   Weidenpesch              ;Kösliner Straße, Haus Nr. 2-22;in Fahrtrichtung Ginsterpfad       ;   ;
1036;2;030;030;Y9   Weidenpesch              ;Kösliner Straße, Haus Nr. 22-2;in Fahrtrichtung Jesuitengasse     ;   ;
1037;2;030;030;Z1   Höhenberg                ;Würzburger Straße 41-33       ;in Fahrtrichtung Ostheimer Straße  ;   ;
1038;2;030;030;Z2   Vingst                   ;Würzburger Straße 7-3c        ;in Fahrtrichtung Ostheimer Straße  ;   ;
1039;2;030;030;Z3   Vingst                   ;Würzburger Straße, Haus 3c-9  ;in Fahrtrichtung Oranienstraße     ;   ;
1040;2;030;030;Z4   Rath/Heumar              ;Porzer Straße, Laterne 29     ;in Fahrtrichtung Rösrather Straße  ;   ;
1041;2;030;030;Z5   Rath/Heumar              ;Porzer Straße, Haus nr. 57-61 ;in Fahrtrichtung Wikingerstraße    ;   ;
1042;2;030;030;Z6   Höhenberg                ;Germaniastraße 116-98         ;in Fahrtrichtung Vingst            ;   ;
1043;2;030;030;Z7   Merheim                  ;Ostmerheimer Straße, Lat. 4-14;in FR. Auf dem Eichenbrett         ;   ;
1044;2;030;030;Z8   Merheim                  ;Ostmerheimer Straße, Lat. 14-4;in Fahrtrichtung Olpener Straße    ;   ;
1045;2;030;030;Z9   Marienburg               ;Pferdmengesstraße 9-15        ;in Fahrtrichtung Am Südpark        ;   ;
1046;2;030;030;1A   Marienburg               ;Pferdmengesstraße 15-5        ;in Fahrtrichtung Bayenthalgürtel   ;   ;
1047;2;030;030;1B   Dellbrück                ;Hatzfeldstraße, Laterne 5-3   ;in Fahrtrichtung Grafenmühlenweg   ;   ;
1048;2;030;030;1C   Dellbrück                ;Hatzfeldstraße 16c-8          ;in Fahrtrichtung Grafenmühlenweg   ;   ;
1049;2;030;030;1D   Dellbrück                ;Hatzfeldstraße, Haus Nr. 14a  ;in Fahrtrichtung Grafenmühlenweg   ;   ;
1050;2;030;030;1E   Dellbrück                ;Hatzfeldstraße, Laterne 5-7   ;in FR. Dellbrücker Hauptstraße     ;   ;
1051;2;030;030;1F   Dellbrück                ;Hatzfeldstraße 14-16c         ;in FR. Dellbrücker Hauptstraße     ;   ;
1052;2;030;030;1G   Poll                     ;Poller Kirchweg 70-74         ;in Fahrtrichtung Müllergasse       ;   ;
1053;2;030;030;1H   Poll                     ;Poller Kirchweg, Laterne 17   ;in Fahrtrichtung Müllergasse       ;   ;
1054;2;030;030;1I   Poll                     ;Poller Kirchweg,ggüb Lat.27-33;in Fahrtrichtung Müllergasse       ;   ;
1055;2;030;030;1J   Poll                     ;Poller Kirchweg,ggüb Lat.33-27;in Fahrtrichtung Am Schnellert     ;   ;
1056;2;030;030;1K   Poll                     ;Poller Kirchweg, Laterne 21-17;in Fahrtrichtung Am Schnellert     ;   ;
1057;2;030;030;1L   Poll                     ;Poller Kirchweg, vor Lat. 11  ;in Fahrtrichtung Am Schnellert     ;   ;
1058;2;030;030;1M   Ostheim                  ;Hardtgenbuscher Kirchweg 73-99;in Fahrtrichtung Rösrather Straße  ;   ;
1059;2;030;030;1N   Ostheim                  ;Hardtgenbuscher Kirchweg 93-69;in Fahrtrichtung Frankfurter Straße;   ;
1060;2;030;030;1O   Pesch                    ;Offenbachstraße 16-18a        ;in Fahrtrichtung Kapellenstraße    ;   ;
1061;0;030;030;1P   Pesch                    ;Offenbachstraße 18-14         ;in Fahrtrichtung Mozartstraße      ;   ;
1062;0;050;050;1Q   Pesch                    ;Donatusstraße, Haus Nr. 37-19 ;in Fahrtrichtung Longericher Straße;   ;
1063;0;050;050;1R   Pesch                    ;Donatusstraße, Haus Nr. 19-37 ;in Fahrtrichtung Robert-Koch-Straße;   ;
1064;2;030;030;1S   Neuehrenfeld             ;Nußbaumerstraße 252-262       ;in Fahrtrichtung Iltisstraße       ;   ;
1065;2;030;030;1T   Neuehrenfeld             ;Nußbaumerstraße 61-45         ;in Fahrtrichtung Ehrenfeldgürtel   ;   ;
1066;0;050;050;1U   Sürth                    ;Industriestraße, Laterne 23-25;in Fahrtrichtung Godorf            ;   ;
1067;0;050;050;1V   Sürth                    ;Industriestraße, Laterne 25-23;in Fahrtrichtung Rodenkirchen      ;   ;
1068;2;030;030;1W   Holweide                 ;Grunerstraße, Haus Nr. 13-1a  ;in Fahrtrichtung Piccoloministraße ;   ;
1069;2;030;030;1X   Holweide                 ;Grunerstraße, Haus Nr. 5-19   ;in Fahrtrichtung Kühzällerweg      ;   ;
1070;2;030;030;1Y   Bocklemünd/Mengenich     ;Grevenbroicher Straße 37-17   ;in Fahrtrichtung Andreas-Muhr-Str. ;   ;
1071;2;030;030;1Z   Bocklemünd/Mengenich     ;Grevenbroicher Straße 20a-36  ;in Fahrtrichtung Mengenicher Straße;   ;
1072;2;030;030;2A   Meschenich               ;Zaunhofstraße, Haus Nr. 36-12 ;in Fahrtrichtung Brühler Landstraße;   ;
1073;2;030;030;2B   Meschenich               ;Zaunhofstraße, Haus Nr. 14-36 ;in Fahrtrichtung Immendorf         ;   ;
1074;2;030;030;2C   Neustadt/Nord            ;Krefelder Wall, Haus Nr. 36-12;in Fahrtrichtung Krefelder Straße  ;   ;
1075;0;050;050;2D   Buchforst                ;Waldecker Straße, Laterne 14-8;in Fahrtrichtung Kalk              ;   ;
1076;6;010;010;2E   Merheim                  ;Ostmerheimer Straße 272       ;in Fahrtrichtung Detmolder Straße  ;   ;
1077;0;050;050;2F   Wahn                     ;Frankfurter Straße 274-290    ;in Fahrtrichtung Urbach            ;   ;
1078;2;030;030;2G   Urbach                   ;Fauststraße, Laterne 3-17     ;in Fahrtrichtung Frankfurter Straße;   ;
1079;2;030;030;2H   Urbach                   ;Gronaustraße, Haus Nr. 26-48  ;in Fahrtrichtung Mühlenweg         ;   ;
1080;2;030;030;2I   Urbach                   ;Gronaustraße, Haus Nr. 47-5   ;in Fahrtrichtung Frankfurter Straße;   ;
1081;0;050;050;2J   Urbach                   ;Waldstraße, Haus Nr. 47-82    ;in Fahrtrichtung Flughafen         ;   ;
1082;0;050;050;2K   Urbach                   ;Waldstraße, Haus Nr. 99-43    ;in Fahrtrichtung Frankfurter Straße;   ;
1083;0;050;050;2L   Poll                     ;Siegburger Straße 236         ;in Fahrtrichtung Westhoven         ;   ;
1084;0;050;050;2M   Poll                     ;Siebgurber Straße, Lat. 65-63 ;in Fahrtrichtung Deutz             ;   ;
1085;2;030;030;2N   Dellbrück                ;Heidestraße, Haus Nr. 6-66b   ;in Fahrtrichtung Grunerstraße      ;   ;
1086;2;030;030;2O   Dellbrück                ;Heidestraße, Haus Nr. 29-7    ;in FR. Bergisch Gladbacher Straße  ;   ;
1087;2;030;030;2P   Dellbrück                ;Möhlstraße, Haus Nr. 10-22    ;in Fahrtrichtung S-Bahn            ;   ;
1088;2;030;030;2Q   Dellbrück                ;Möhlstraße, Haus Nr. 31-7     ;in FR. Bergisch Gladbacher Straße  ;   ;
1089;2;030;030;2R   Dünnwald                 ;Schleifenbaumstraße 35-21     ;in Fahrtrichtung Berliner Straße   ;   ;
1090;2;030;030;2S   Dünnwald                 ;Schleifenbaumstraße 29-37     ;in Fahrtrichtung Embergstraße      ;   ;
1091;0;050;050;2T   Dünnwald                 ;Leuchterstraße 207-149        ;in FR. Dünnwalder Mauspfad         ;   ;
1092;0;050;050;2U   Dünnwald                 ;Leuchterstraße 153-185        ;in Fahrtrichtung Odenthaler Straße ;   ;
1093;2;030;030;2V   Lind                     ;Viehtrift, gegenüber Haus 67  ;in Fahrtrichtung Linder Mauspfad   ;   ;
1094;2;030;030;2W   Lind                     ;Viehtrift, Haus Nr. 70-68     ;in Fahrtrichtung Am Linder Kreuz   ;   ;
1095;2;030;030;2X   Dellbrück                ;Ber.Gl.Str.1135-1129,1187-1149;in Fahrtrichtung stadteinwärts     ;   ;
1096;2;030;030;2Y   Dellbrück                ;Ber.Gl.Str.1188-1230,1162-1166;in Fahrtrichtung stadtauswärts     ;   ;
1097;2;030;030;2Z   Neustadt/Süd             ;Sachsenring  Haus Nr. 79-73   ;in Fahrtrichtung Ulrepforte        ;   ;
1098;2;030;030;3A   Rath/Heumar              ;Rather Schulstraße 30-46      ;in Fahrtrichtung Wikingerstraße    ;   ;
1099;2;030;030;3B   Rath/Heumar              ;Rather Schulstraße 42-28      ;in Fahrtrichtung Rösrather Straße  ;   ;
1100;2;030;030;3C   Eil                      ;Schubertstraße, Laterne 49-43 ;in FR. Leidenhausener Straße       ;   ;
1101;2;030;030;3D   Eil                      ;Schubertstraße, Laterne 47-51 ;in Fahrtrichtung Frankfurter Straße;   ;
1102;2;030;030;3E   Eil                      ;Schubertstraße, Haus Nr. 28-14;in FR. Leidenhausener Straße       ;   ;
1103;2;030;030;3F   Eil                      ;Schubertstraße, Haus Nr. 20-34;in Fahrtrichtung Frankfurter Straße;   ;
1104;2;030;030;3G   Eil                      ;Schubertstraße, Haus Nr. 4-2  ;in FR. Leidenhausener Straße       ;   ;
1105;2;030;030;3H   Eil                      ;Schubertstraße, Haus Nr. 2-6  ;in Fahrtrichtung Frankfurter Straße;   ;
1106;2;030;030;3I   Eil                      ;Leidenhausener Straße 38c-32a ;in Fahrtrichtung Frankfurter Straße;   ;
1107;2;030;030;3J   Eil                      ;Leidenhausener Straße 38a-40e ;in Fahrtrichtung Hirschgraben      ;   ;
1108;2;030;030;3K   Rath/Heumar              ;Lützerathstraße 44a-134       ;in Fahrtrichtung Rather Mauspfad   ;   ;
1109;2;030;030;3L   Rath/Heumar              ;Lützerathstraße 147-149       ;in Fahrtrichtung Rather Mauspfad   ;   ;
1110;2;030;030;3M   Rath/Heumar              ;Lützerathstraße 115-109       ;in Fahrtrichtung Rösrather Straße  ;   ;
1111;2;030;030;3N   Ostheim                  ;Buchheimer Weg, Haus Nr. 40-26;in Fahrtrichtung Frankfurter Straße;   ;
1112;2;030;030;3O   Ostheim                  ;Buchheimer Weg, Laterne 14-12 ;in Fahrtrichtung Frankfurter Straße;   ;
1113;2;030;030;3P   Ostheim                  ;Buchheimer Weg, Laterne 14-16 ;in Fahrtrichtung Steinrutschweg    ;   ;
1114;2;030;030;3Q   Ostheim                  ;Buchheimer Weg, Haus Nr. 30-42;in Fahrtrichtung Steinrutschweg    ;   ;
1115;2;030;030;3R   Lindenthal               ;Wüllnerstraße 127             ;in Fahrtrichtung Landgrafenstraße  ;   ;
1116;2;030;030;3S   Lindenthal               ;Wüllnerstraße, Höhe Spielplatz;in Fahrtrichtung Klosterstraße     ;   ;
1117;2;030;030;3T   Lindenthal               ;Wüllnerstraße, Laterne 8-12   ;in Fahrtrichtung Stadtwaldgürtel   ;   ;
1118;0;050;050;3U   Zündorf                  ;Hauptstraße, Haus Nr. 265-261 ;in Fahrtrichtung Langel            ;   ;
1119;0;050;050;3V   Weiden                   ;Aachener Straße, Haus Nr. 1372;in Fahrtrichtung stadtauswärts     ;   ;
1120;2;030;030;3W   Lövenich                 ;Brauweiler Straße, Lat.26-20  ;in Fahrtrichtung stadteinwärts     ;   ;
1121;2;030;030;3X   Lövenich                 ;Brauweiler Straße, Lat.22-28  ;in Fahrtrichtung stadtauswärts     ;   ;
1122;2;030;030;3Y   Rheinkassel              ;Feldkasseler Weg 150-200      ;in Fahrtrichtung Amandusstraße     ;   ;
1123;2;030;030;3Z   Rheinkassel              ;Feldkasseler Weg 200-150      ;in Fahrtrichtung Alte Römerstraße  ;   ;
1124;6;010;010;4A   Fühlingen                ;Neusser Landstraße 111-89     ;in Fahrtrichtung stadteinwärts     ;   ;
1125;6;010;010;4B   Fühlingen                ;Neusser Landstraße 138b-170   ;in Fahrtrichtung stadtauswärts     ;   ;
1126;2;030;030;4C   Worringen                ;St.-Tönnis-Straße 179-135     ;in Fahrtrichtung Neusser Landstraße;   ;
1127;2;030;030;4D   Worringen                ;St.-Tönnis-Straße 135-181     ;in Fahrtrichtung Roggendorf        ;   ;
1128;0;050;050;4E   Longerich                ;Contzenstraße, Haus Nr. 1b-1e ;in Fahrtrichtung Longericher Straße;   ;
1129;0;050;050;4F   Longerich                ;Contzenstraße, Haus Nr. 11-1a ;in Fahrtrichtung Heckweg           ;   ;
1130;2;030;030;4G   Lindweiler               ;Unnauer weg, Haus Nr. 31-23   ;in Fahrtrichtung Soldiner Straße   ;   ;
1131;2;030;030;4H   Lindweiler               ;Unnauer Weg, Haus Nr. 23-31   ;in Fahrtrichtung Pescher Weg       ;   ;
1132;2;030;030;4I   Lindweiler               ;Unnauer Weg, Haus Nr. 56-20   ;in Fahrtrichtung Soldiner Straße   ;   ;
1133;2;030;030;4J   Lindweiler               ;Unnauer Weg, Haus Nr. 20-56   ;in Fahrtrichtung Pescher Weg       ;   ;
1134;0;050;050;4K   Höhenberg                ;Höhenberger Ring, Friedhof    ;in Fahrtrichtung stadteinwärts     ;   ;
1135;0;050;050;4L   Höhenberg                ;Höhenberger Ring, Friedhof    ;in Fahrtrichtung stadtauswärts     ;   ;
1136;2;030;030;4M   Weiden                   ;Bahnstraße, Haus Nr. 31-59    ;in Fahrtrichtung stadteinwärts     ;   ;
1137;2;030;030;4N   Weiden                   ;Bahnstraße, Haus Nr. 53-17    ;in Fahrtrichtung stadtauswärts     ;   ;
1138;2;030;030;4O   Weiden                   ;Bahnstraße, Haus Nr. 42-118   ;in Fahrtrichtung stadteinwärts     ;   ;
1139;2;030;030;4P   Weiden                   ;Bahnstraße, Haus Nr. 120-38   ;in Fahrtrichtung stadtauswärts     ;   ;
1140;2;030;030;4Q   Bilderstöckchen          ;Schiefersburger Weg 41-31     ;in Fahrtrichtung Longericher Straße;   ;
1141;2;030;030;4R   Weiden                   ;Goethestraße, Haus Nr. 42-46  ;in Fahrtrichtung Aachener Straße   ;   ;
1142;2;030;030;4S   Weiden                   ;Goethestraße, Haus Nr. 48-40  ;in Fahrtrichtung Lövenich          ;   ;
1143;0;050;050;4T   Zollstock                ;Gottesweg, Haus Nr. 58-76     ;in Fahrtrichtung Rhöndorfer Straße ;   ;
1144;0;050;050;4U   Zollstock                ;Gottesweg, Haus Nr. 76-58     ;in Fahrtrichtung Höninger Weg      ;   ;
1145;0;050;050;4V   Weidenpesch              ;Neusser Straße 729-727        ;in Fahrtrichtung stadteinwärts     ;   ;
1146;0;050;050;4W   Weidenpesch              ;Neusser Straße 772-788        ;in Fahrtrichtung stadtauswärts     ;   ;
1147;0;050;050;4X   Weidenpesch              ;Neusser Straße 715-675        ;in Fahrtrichtung stadteinwärts     ;   ;
1148;0;050;050;4Y   Weidenpesch              ;Neusser Straße 716-758        ;in Fahrtrichtung stadtauswärts     ;   ;
1149;2;030;030;4Z   Humboldt/Gremberg        ;Odenwaldstraße 102-106        ;in Fahrtrichtung Poll-Vingster Str.;   ;
1150;2;030;030;5A   Humboldt/Gremberg        ;Odenwaldstraße, Lat. 14-10    ;in Fahrtrichtung Lüderichstraße    ;   ;
1151;2;030;030;5B   Westhoven                ;Berliner Straße, Haus Nr.27-33;in Fahrtrichtung Oberstraße        ;   ;
1152;2;030;030;5C   Westhoven                ;Berliner Straße, Haus Nr.33-21;in Fahrtrichtung Kölner Straße     ;   ;
1153;2;030;030;5D   Westhoven                ;Gartenstraße, Haus Nr. 60-76  ;in Fahrtrichtung Berliner Straße   ;   ;
1154;0;050;050;5E   Deutz                    ;Gummersbacher Straße,Lat.19-15;in Fahrtrichtung Deutz-Kalker Str. ;   ;
1155;0;050;050;5F   Deutz                    ;Gummersbacher Straße, Lat.6-10;in Fahrtrichtung Kalk              ;   ;
1156;2;030;030;5G   Braunsfeld               ;Eschweilerstraße, Haus Nr.7-33;in Fahrtrichtung Eupener Straße    ;   ;
1157;2;030;030;5H   Braunsfeld               ;Eschweilerstraße 31-19        ;in Fahrtrichtung Aachener Straße   ;   ;
1158;2;030;030;5I   Braunsfeld               ;Eupener Straße, Haus 90-54    ;in Fahrtrichtung Aachener Straße   ;   ;
1159;2;030;030;5J   Braunsfeld               ;Eupener Straße, Haus Nr. 51-53;in Fahrtrichtung Eschweilerstraße  ;   ;
1160;2;030;030;5K   Braunsfeld               ;Eupener Straße, Haus Nr. 60-92;in Fahrtrichtung Stolberger Straße ;   ;
1161;2;030;030;5L   Mülheim                  ;Berliner Straße, Haus Nr.43-25;in Fahrtrichtung stadteinwärts     ;   ;
1162;2;030;030;5M   Mülheim                  ;Berliner Straße, Haus Nr.25-51;in Fahrtrichtung stadtauswärts     ;   ;
1163;2;030;030;5N   Mülheim                  ;Berliner Straße 112-58        ;in Fahrtrichtung stadteinwärts     ;   ;
1164;2;030;030;5O   Mülheim                  ;Berliner Straße 68-112        ;in Fahrtrichtung stadtauswärts     ;   ;
1165;2;030;030;5P   Riehl                    ;Stammheimer Straße 20-36      ;in Fahrtrichtung Riehler Gürtel    ;   ;
1166;2;030;030;5Q   Riehl                    ;Stammheimer Straße 19-9       ;in Fahrtrichtung An der Flora      ;   ;
1167;2;030;030;5R   Riehl                    ;Stammheimer Straße 34-54      ;in Fahrtrichtung Riehler Gürtel    ;   ;
1168;2;030;030;5S   Riehl                    ;Stammheimer Straße 52-36      ;in Fahrtrichtung An der Flora      ;   ;
1169;2;030;030;5T   Riehl                    ;Stammheimer Straße 128-130    ;in Fahrtrichtung Hittorfstraße     ;   ;
1170;0;050;050;5U   Riehl                    ;Stammheimer Straße 132-158D   ;in Fahrtrichtung Boltensternstraße ;   ;
1171;0;050;050;5V   Riehl                    ;Stammheimer Straße 163-127    ;in Fahrtrichtung Riehler Tal       ;   ;
1172;2;030;030;5W   Marienburg               ;Leyboldstraße, Haus Nr. 19-19A;in Fahrtrichtung Militärringstraße ;   ;
1173;2;030;030;5X   Marienburg               ;Leyboldstraße, Laterne 28-26  ;in Fahrtrichtung Bonner Straße     ;   ;
1174;2;030;030;5Y   Wahn                     ;Hinter den Höfen, Haus Nr.5-1B;in Fahrtrichtung Im Bodesfeld      ;   ;
1175;2;030;030;5Z   Wahn                     ;Hinter den Höfen, Haus Nr.1B-7;in Fahrtrichtung Nachtigallenstraße;   ;
1176;0;050;050;6A   Wahn                     ;Frankfurter Straße 276-270    ;in Fahrtrichtung Lind              ;   ;
1177;2;030;030;6B   Wahn                     ;Winkelsmaar, Haus Nr. 123A-110;in Fahrtrichtung Am Krausbaum      ;   ;
1178;2;030;030;6C   Wahn                     ;Winkelsmaar, Haus Nr. 117-131 ;in Fahrtrichtung Heidestraße       ;   ;
1179;2;030;030;6D   Wahn                     ;Fasanenweg, Haus Nr. 14-3     ;in Fahrtrichtung Frankfurter Straße;   ;
1180;2;030;030;6E   Wahn                     ;Fasanenweg, Haus Nr.11-Lat. 11;in Fahrtrichtung Winkelsmaar       ;   ;
1181;0;050;050;6F   Niehl                    ;Emdener Str., ggüb. Lat. 69   ;in Fahrtrichtung Merkenich         ;   ;
1182;0;050;050;6G   Niehl                    ;Emdener Str., Laterne Nr.71-69;in Fahrtrichtung Niehler Ei        ;   ;
1183;2;030;030;6H   Brück                    ;Königsforststr., Haus Nr.87-23;in Fahrtrichtung Brücker Mauspfad  ;   ;
1184;2;030;030;6I   Brück                    ;Königsforststr., Haus Nr.23-87;in Fahrtrichtung Am Wildwechsel    ;   ;
1185;2;030;030;6J   Brück                    ;Am Hirschsprung, Haus Nr. 2-32;in Fahrtrichtung Brücker Mauspfad  ;   ;
1186;2;030;030;6K   Brück                    ;Am Hirschsprung, Haus Nr. 32-2;in Fahrtrichtung Am Wildwechsel    ;   ;
1187;2;030;030;6L   Brück                    ;Am Wildwechsel, Haus Nr.14a-10;in Fahrtrichtung Olpener Straße    ;   ;
1188;2;030;030;6M   Brück                    ;Am Wildwechsel, Haus Nr. 12-16;in Fahrtrichtung Am Hirschsprung   ;   ;
1189;2;030;030;6N   Brück                    ;Overather Str., Haus Nr. 25-9 ;in Fahrtrichtung Olpener Straße    ;   ;
1190;2;030;030;6O   Brück                    ;Overather Str., Haus Nr. 11-25;in Fahrtrichtung Lindlarer Straße  ;   ;
1191;2;030;030;6P   Weidenpesch              ;Simonskaul, Haus Nr. 65-63    ;in Fahrtrichtung Neusser Straße    ;   ;
1192;2;030;030;6Q   Weidenpesch              ;Simonskaul, Haus Nr. 67-69    ;in Fahrtrichtung Longerich         ;   ;
1193;2;030;030;6R   Longerich                ;Graseggerstr., Hs. Nr. 113-59 ;in Fahrtrichtung Else-Falk-Straße  ;   ;
1194;2;030;030;6S   Longerich                ;Graseggerstr., Haus Nr.111-115;in FR. Wilhelm-Sollmann-Straße     ;   ;
1195;2;030;030;6T   Longerich                ;Graseggerstr., Hs. Nr. 57-31  ;in Fahrtrichtung Simonskaul        ;   ;
1196;2;030;030;6U   Longerich                ;Graseggerstr., Hs. Nr. 35-99a ;in Fahrtrichtung Krankenhaus       ;   ;
1197;2;030;030;6V   Longerich                ;Graseggerstr., Haus Nr. 25-11 ;in Fahrtrichtung Neusser Straße    ;   ;
1198;2;030;030;6W   Longerich                ;Graseggerstr., Haus Nr. 17-27 ;in Fahrtrichtung Rüdellstraße      ;   ;
1199;2;030;030;6X   Fühlingen                ;Neusser Landstraße 101-85     ;in Fahrtrichtung stadteinwärts     ;   ;
1200;2;030;030;6Y   Fühlingen                ;Neusser Landstraße 144-168    ;in Fahrtrichtung stadtauswärts     ;   ;
1201;2;030;030;6Z   Ostheim                  ;Gernsheimer Str., ggüb. 19-3  ;in Fahrtrichtung Höhenberg         ;   ;
1202;2;030;030;7A   Ostheim                  ;Gernsheimer Str., ggüb. 5-21  ;in Fahrtrichtung Ostheimer Straße  ;   ;
1203;2;030;030;7B   Buchheim                 ;Wichheimer Str., Haus Nr.36-52;in Fahrtrichtung Stegwiese         ;   ;
1204;2;030;030;7C   Buchheim                 ;Wichheimer Str., Haus Nr.31-17;in FR. Bergisch Gladbacher Straße  ;   ;
1205;2;030;030;7D   Buchheim                 ;Wichheimer Str. 198-160       ;in Fahrtrichtung Herler Ring       ;   ;
1206;2;030;030;7E   Buchheim                 ;Wichheimer Str. 170-200       ;in Fahrtrichtung Holweide          ;   ;
1207;0;050;050;7F   Buchheim                 ;Herler Ring, Laterne 14-22    ;in Fahrtrichtung Höhenberg         ;   ;
1208;0;050;050;7G   Buchheim                 ;Herler Ring, Laterne 21-11    ;in FR. Bergisch Gladbacher Straße  ;   ;
1209;2;030;030;7H   Höhenhaus                ;Birkenweg, Haus Nr. 11-9      ;in Fahrtrichtung Im Weidenbruch    ;   ;
1210;2;030;030;7I   Höhenhaus                ;Birkenweg, Haus Nr. 9-19      ;in Fahrtrichtung Zeisbuschweg      ;   ;
1211;2;030;030;7J   Mülheim                  ;Berg.Gladbacher Str.75-73     ;in Fahrtrichtung stadteinwärts     ;   ;
1212;2;030;030;7K   Mülheim                  ;Berg.Gladbacher Str.105-143   ;in Fahrtrichtung stadtauswärts     ;   ;
1213;2;030;030;7L   Mülheim                  ;Berg.Gladbacher Str.gg.115-121;in Fahrtrichtung stadtauswärts     ;   ;
1214;2;030;030;7M   Zollstock                ;Kalscheurer Weg, Haus Nr.49-61;in Fahrtrichtung Kendenicher Straße;   ;
1215;2;030;030;7N   Zollstock                ;Kalscheurer Weg, Haus Nr.57-45;in Fahrtrichtung Badorfer Straße   ;   ;
1216;2;030;030;7O   Rodenkirchen             ;Sürther Straße, Haus Nr. 172  ;in Fahrtrichtung Kölnstraße        ;   ;
1217;2;030;030;7P   Rodenkirchen             ;Hauptstraße, Haus Nr. 26-28   ;in Fahrtrichtung Maternusplatz     ;   ;
1218;2;030;030;7Q   Rodenkirchen             ;Hauptstraße, Haus Nr. 28-24   ;in Fahrtrichtung Marienburg        ;   ;
1219;0;050;050;7R   Rondorf                  ;Bödinger Straße, ggü.Lat.27-29;in Fahrtrichtung Kapellenstraße    ;   ;
1220;0;050;050;7S   Rondorf                  ;Bödinger Straße, ggü.Lat.27-23;in Fahrtrichtung Meschenich        ;   ;
1221;6;010;010;7T   Rondorf                  ;Birkenweg, Haus Nr. 72-138    ;in Fahrtrichtung Am Höfchen        ;   ;
1222;6;010;010;7U   Rondorf                  ;Birkenwek, Haus Nr. 138-68    ;in Fahrtrichtung Lerchenweg        ;   ;
1223;2;030;030;7V   Rondorf                  ;Giesdorfer Str., Haus Nr.20-40;in Fahrtrichtung Friedhof          ;   ;
1224;2;030;030;7W   Rondorf                  ;Giesdorfer Str., Haus Nr.40-18;in FR Rondorfer Hauptstraße        ;   ;
1225;2;030;030;7X   Weiß                     ;Heinrichstraße, Haus Nr. 54-6 ;in Fahrtrichtung Weißer Hauptstraße;   ;
1226;2;030;030;7Y   Weiß                     ;Heinrichstraße, Haus Nr. 6-54 ;in Fahrtrichtung Hammerschmidtstr. ;   ;
1227;2;030;030;7Z   Sürth                    ;Sürther Hauptstr.Hs.Nr.126-130;in Fahrtrichtung Rheinaustraße     ;   ;
1228;2;030;030;8A   Sürth                    ;Sürther Hauptstr.Hs.Nr.130-126;in Fahrtrichtung Bahnhofstraße     ;   ;
1229;2;030;030;8B   Sürth                    ;Sürther Hauptstr.Hs.Nr.149-153;in Fahrtrichtung Heidelweg         ;   ;
1230;2;030;030;8C   Sürth                    ;Sürther Hauptstr.Hs.Nr.149-139;in Fahrtrichtung Kölnstraße        ;   ;
1231;2;030;030;8D   Dünnwald                 ;Oderweg, Haus Nr. 584-556     ;in Fahrtrichtung Embergweg         ;   ;
1232;2;030;030;8E   Dünnwald                 ;Oderweg, Haus Nr. 556-587     ;in Fahrtrichtung Am Klosterhof     ;   ;
1233;2;030;030;8F   Höhenhaus                ;Lippeweg, gegenü. Haus Nr. 29 ;in Fahrtrichtung Birkenweg         ;   ;
1234;2;030;030;8G   Höhenhaus                ;Lippeweg, Haus Nr. 29         ;in Fahrtrichtung Honschaftsstraße  ;   ;
1235;2;030;030;8H   Höhenhaus                ;Lippeweg, Haus Nr. 51-77      ;in Fahrtrichtung Birkenweg         ;   ;
1236;2;030;030;8I   Höhenhaus                ;Lippeweg, Haus Nr. 77-47      ;in Fahrtrichtung Honschaftsstraße  ;   ;
1237;2;030;030;8J   Widdersdorf              ;Unter Linden, Haus Nr. 211-183;in Fahrtrichtung Am Aspelkreuz     ;   ;
1238;2;030;030;8K   Widdersdorf              ;Unter Linden, Haus Nr. 220-246;in Fahrtrichtung Mathesenhofweg    ;   ;
1239;2;030;030;8L   Widdersdorf              ;Unter Linden, Laterne 114-122 ;in Fahrtrichtung Adrian-Meller-Str.;   ;
1240;2;030;030;8M   Widdersdorf              ;Unter Linden, Haus Nr. 123-119;in Fahrtrichtung Rosmarinweg       ;   ;
1241;2;030;030;8N   Widdersdorf              ;Unter Linden, Haus Nr. 119-123;in Fahrtrichtung Neue Sandkaul     ;   ;
1242;2;030;030;8O   Roggendorf/Thenhoven     ;Quettinghofstr., Haus Nr.84-48;in Fahrtrichtung Baptiststraße     ;   ;
1243;2;030;030;8P   Roggendorf/Thenhoven     ;Quettinghofstr., Haus Nr.50-84;in Fahrtrichtung Further Straße    ;   ;
1244;0;050;050;8Q   Bickendorf               ;Venloer Str., Haus Nr. 859-855;in Fahrtrichtung stadteinwärts     ;   ;
1245;0;050;050;8R   Bickendorf               ;Venloer Str., Haus Nr. 744-746;in Fahrtrichtung stadtauswärts     ;   ;
1246;2;050;050;8S   Bickendorf               ;Venloer Str., Haus Nr. 722-697;in Fahrtrichtung stadteinwärts     ;   ;
1247;2;050;050;8T   Bickendorf               ;Venloer Str., Haus Nr. 678-704;in Fahrtrichtung stadtauswärts     ;   ;
1248;0;050;050;8U   Braunsfeld               ;Aachener Str., Haus Nr.300-326;in Fahrtrichtung stadtauswärts     ;   ;
1249;2;030;030;8V   Lindenthal               ;Piusstraße, Laterne 17-13     ;in Fahrtrichtung Weinsbergstraße   ;   ;
1250;2;030;030;8W   Lindenthal               ;Piusstraße, Laterne 15-19     ;in Fahrtrichtung Aachener Straße   ;   ;
1251;0;050;050;8X   Lindenthal               ;Gleueler Straße, Haus 313-339 ;in Fahrtrichtung stadtauswärts     ;   ;
1252;0;050;050;8Y   Langel                   ;Sandbergstraße, Haus Nr. 11-96;in Fahrtrichtung Lülsdorf          ;   ;
1253;0;050;050;8Z   Gremberghoven            ;Hansestraße, BAB-Brücke       ;in Fahrtrichtung Frankfurter Straße;   ;
1254;0;050;050;9A   Gremberghoven            ;Hansestraße, BAB-Brücke       ;in Fahrtrichtung Maarhäuser Weg    ;   ;
1255;0;050;050;9B   Gremberghoven            ;Hansestraße, Haus Nr. 61-63   ;in Fahrtrichtung Frankfurter Straße;   ;
1256;0;050;050;9C   Gremberghoven            ;Hansestraße, Haus Nr. 61-63   ;in Fahrtrichtung Maarhäuser Weg    ;   ;
1257;2;030;030;9D   Nippes                   ;Kuenstraße, Haus Nr. 53-41    ;in Fahrtrichtung Niehler Straße    ;   ;
1258;2;030;030;9E   Nippes                   ;Kuenstraße, Haus Nr. 41-55    ;in Fahrtrichtung Florastraße       ;   ;
1259;2;030;030;9F   Nippes                   ;Florastraße, Haus Nr. 184-148 ;in Fahrtrichtung Niehler Straße    ;   ;
1260;2;030;030;9G   Nippes                   ;Florastraße, Haus Nr. 133-184 ;in Fahrtrichtung Amsterdamer Straße;   ;
1261;0;050;050;9H   Mauenheim                ;Bergstraße, Haus Nr. 6-14A    ;in Fahrtrichtung Merheimer Straße  ;   ;
1262;0;050;050;9I   Mauenheim                ;Bergstraße, Haus Nr. 41-5     ;in Fahrtrichtung Neusser Straße    ;   ;
1263;2;030;030;9J   Merkenich                ;Causemannstraße, Haus Nr. 60-8;in Fahrtrichtung Daverkusenstraße  ;   ;
1264;2;030;030;9K   Merkenich                ;Causemannstraße, Haus Nr. 8-64;in Fahrtrichtung Emdener Straße    ;   ;
1265;2;030;030;9L   Merkenich                ;Daverkusenstr., Haus Nr. 31-19;in Fahrtricht. Merkenicher Haupstr.;   ;
1266;2;030;030;9M   Merkenich                ;Daverkusenstr., Haus Nr. 6-48 ;in Fahrtrichtung Causemannstraße   ;   ;
1267;2;030;030;9N   Mülheim                  ;Elisab.-Breuer-Straße,Haus6-48;in Fahrtrichtung Mündelstraße      ;   ;
1268;2;030;030;9O   Mülheim                  ;Elisab.-Breuer-Straße,Haus63-3;in Fahrtrichtung Frankfurter Straße;   ;
1269;2;030;030;9P   Lövenich                 ;Kölner Straße, gegenüb.Haus 58;in Fahrtrichtung Brauweilerstraße  ;   ;
1270;2;030;030;9Q   Lövenich                 ;Kölner Straße, Haus Nr. 56e-58;in Fahrtrichtung Egelspfad         ;   ;
1271;0;050;050;9R   Neustadt/Süd             ;Habsburgerring, Haus Nr. 22-28;in Fahrtrichtung Rudolfplatz       ;   ;
1272;0;050;050;9S   Neustadt/Süd             ;Habsburgerring, Haus Nr. 5-1  ;in Fahrtrichtung Barbarossaplatz   ;   ;
1273;0;050;050;9T   Neustadt/Süd             ;Hohenstaufenring, Haus 12-16  ;in Fahrtrichtung Rudolfplatz       ;   ;
1274;2;030;030;9U   Neustadt/Süd             ;Hohenstaufenring, Haus 34-58  ;in Fahrtrichtung Rudolfplatz       ;   ;
1275;2;030;030;9V   Neustadt/Süd             ;Hohenstaufenring, Haus 74-76  ;in Fahrtrichtung Rudolfplatz       ;   ;
1276;2;030;030;9W   Neustadt/Süd             ;Hohenstaufenring, Haus 57a-57 ;in Fahrtrichtung Barbarossaplatz   ;   ;
1277;2;030;030;9X   Neustadt/Süd             ;Hohenstaufenring, Haus 51-29  ;in Fahrtrichtung Barbarossaplatz   ;   ;
1278;2;030;030;9Y   Neustadt/Süd             ;Hohenstaufenring, Haus 21-9   ;in Fahrtrichtung Barbarossaplatz   ;   ;
1279;2;030;030;9Z   Neustadt/Nord            ;Hohenzollernring, Haus 50-60  ;in Fahrtricht. Kaiser-Wilhelm-Ring ;   ;
1280;2;030;030;A10  Neustadt/Nord            ;Hohenzollernring, Haus 87-81  ;in Fahrtrichtung Rudolfplatz       ;   ;
1281;2;030;030;A11  Neustadt/Nord            ;Hohenzollernring, Haus 57-41  ;in Fahrtrichtung Rudolfplatz       ;   ;
1282;2;030;030;A12  Neustadt/Nord            ;Hansaring, Haus Nr. 16-20     ;in Fahrtrichtung Ebertplatz        ;   ;
1283;2;030;030;A13  Neustadt/Nord            ;Hansaring, Haus Nr. 30-34     ;in Fahrtrichtung Ebertplatz        ;   ;
1284;2;030;030;A14  Neustadt/Nord            ;Hansaring, Haus Nr. 75-55     ;in Fahrtricht. Kaiser-Wilhelm-Ring ;   ;
1285;2;030;030;A15  Neustadt/Nord            ;Hansaring, Haus Nr. 19-1      ;in Fahrtricht. Kaiser-Wilhelm-Ring ;   ;
1286;0;050;050;A16  Lindenthal               ;Aachener Straße, Haus 401-331 ;in Fahrtrichtung stadteinwärts     ;   ;
1287;0;050;050;A17  Lindenthal               ;Aachener Straße, Haus 259-75  ;in Fahrtrichtung stadteinwärts     ;   ;
1288;0;050;050;A18  Lindenthal               ;Aachener Str.253/317 Friedhof ;in Fahrtrichtung stadtauswärts     ;   ;
1289;2;030;030;A19  Nippes                   ;Namibiastraße Haus Nr. 6-38   ;in Fahrtrichtung Niehler Straße    ;   ;
1290;0;050;050;A20  Braunsfeld               ;Aachener Straße, Haus 675-635 ;in Fahrtrichtung stadteinwärts     ;   ;
1291;0;050;050;A21  Braunsfeld               ;Aachener Straße, Haus 621-605 ;in Fahrtrichtung stadteinwärts     ;   ;
1292;0;050;050;A22  Braunsfeld               ;Aachener Straße, Haus 501-487 ;in Fahrtrichtung stadteinwärts     ;   ;
1293;0;050;050;A23  Braunsfeld               ;Aachener Straße, Haus 398-412 ;in Fahrtrichtung stadtauswärts     ;   ;
1294;0;050;050;A24  Braunsfeld               ;Aachener Straße, Haus 504-512 ;in Fahrtrichtung stadtauswärts     ;   ;
1295;0;050;050;A25  Braunsfeld               ;Aachener Straße, Haus 544-608 ;in Fahrtrichtung stadtauswärts     ;   ;
1296;0;050;050;A26  Riehl                    ;Riehler Straße, Haus 180      ;in Fahrtrichtung stadtauswärts     ;   ;
1297;0;050;050;A27  Riehl                    ;Riehler Straße,Lichtmast 58-62;in Fahrtrichtung stadtauswärts     ;   ;
1298;0;050;050;A28  Deutz                    ;Auenweg, Haus 125-123         ;in Fahrtrichtung Ottoplatz         ;   ;
1299;0;050;050;A29  Deutz                    ;Auenweg, Haus 123-125         ;in Fahrtrichtung Mülheim           ;   ;
1300;2;030;030;A30  Mülheim                  ;Auenweg, Haus 185             ;in Fahrtrichtung Deutz             ;   ;
1301;2;030;030;A31  Mülheim                  ;Auenweg, Haus 185             ;Fahrtrichtung Deutz-Mülheimer Str. ;   ;
1302;0;050;050;A32  Neustadt/Süd             ;Richard-Wagner-Str. Haus 49-25;in Fahrtrichtung Habsburgerring    ;   ;
1303;0;050;050;A33  Neustadt/Süd             ;Aachener Straße, Haus 28-52   ;in Fahrtrichtung stadtauswärts     ;   ;
1304;0;050;050;A34  Neustadt/Nord            ;Erftstraße, Haus 37-19a       ;in Fahrtrichtung Hansaring         ;   ;
1305;0;050;050;A35  Altstadt/Nord            ;Leystapel, Laterne 8          ;Fahrtrichtung Konrad-Adenauer-Ufer ;   ;
1306;2;030;030;A36  Neustadt/Nord            ;Spichernstraße Haus Nr. 8-42  ;in Fahrtrichtung Gladbacher Straße ;   ;
1307;2;030;030;A37  Neustadt/Nord            ;Spichernstraße Haus Nr. 42-4  ;in Fahrtrichtung Venloer Straße    ;   ;
1308;2;030;030;A38  Rodenkirchen             ;Römerstraße Haus Nr. 6-12     ;Fahrtrichtung Schillingsrotter Str.;   ;
1309;2;030;030;A39  Rodenkirchen             ;Römerstraße Haus Nr. 5-1      ;Fahrtrichtung Friedrich-Ebert-Str. ;   ;
1310;3;060;060;A40  Eil                      ;Grengeler Mauspfad L489 Km 1,2;in Fahrtrichtung Rath/Heumar       ;   ;
1311;0;050;050;A41  Neuehrenfeld             ;Ehrenfeldgürtel Nr. 175-163   ;in Fahrtrichtung Eichendorffstraße ;   ;
1312;0;050;050;A42  Longerich                ;Neusser Straße Hs Nr. 862-866 ;in Fahrtrichtung stadtauswärts     ;   ;
1313;0;050;050;A43  Longerich                ;Neusser Straße Laterne 114-116;in Fahrtrichtung stadtauswärts     ;   ;
1314;0;050;050;A44  Brück                    ;Olpener Straße Hs Nr.1071-959 ;in Fahrtrichtung stadteinwärts     ;   ;
1315;0;050;050;A45  Brück                    ;Olpener Straße Hs Nr. 955-1071;in Fahrtrichtung stadtauswärts     ;   ;
1316;0;050;050;A46  Feldkassel               ;Robert-Bosch-Str. Hs Nr. 15-11;in Fahrtrichtung Merianstraße      ;   ;
1317;0;050;050;A47  Feldkassel               ;Robert-Bosch-Str. Haus Nr. 4-6;in Fahrtrichtung Rheinkassel       ;   ;
1318;2;030;030;A48  Roggendorf/Thenhoven     ;Bruchstraße Haus Nr. 15-19    ;in Fahrtrichtung Blumenberg        ;   ;
1319;2;030;030;A49  Roggendorf/Thenhoven     ;Bruchstraße Haus Nr. 19-15    ;in Fahrtrichtung Worringen         ;   ;
1320;0;050;050;A50  Rath/Heumar              ;Rösrather Str. Hs Nr. 719-669 ;in Fahrtrichtung Gröppersgasse     ;   ;
1321;0;050;050;A51  Rath/Heumar              ;Rösrather Str. Hs Nr. 678-722 ;in Fahrtrichtung Rather Mauspfad   ;   ;
1322;2;030;030;A52  Rath/Heumar              ;Rösrather Str. Hs Nr. 751-749 ;in Fahrtrichtung Gröppergasse      ;   ;
1323;2;030;030;A53  Rath/Heumar              ;Rösrather Str. Haus Nr. 749   ;in Fahrtrichtung Rather Mauspfad   ;   ;
1324;2;030;030;A54  Brück                    ;Im Buchenkamp Haus Nr. 68-78  ;in Fahrtrichtung Refrath           ;   ;
1325;2;030;030;A55  Brück                    ;Im Buchenkamp Haus Nr. 76-68  ;in Fahrtrichtung Overather Str.    ;   ;
1326;2;030;030;A56  Bickendorf               ;Akazienweg Haus Nr. 60-68     ;in Fahrtrichtung Venloer Straße    ;   ;
1327;2;030;030;A57  Bickendorf               ;Akazienweg Haus Nr. 153-145   ;in Fahrtrichtung Grüner Brunnenweg ;   ;
1328;2;030;030;A58  Marienburg               ;Lindenallee Haus Nr. 8-2      ;in Fahrtrichtung Parkstraße        ;   ;
1329;2;030;030;A59  Marienburg               ;Lindenallee Haus Nr. 4-10     ;in Fahrtrichtung Leyboldstraße     ;   ;
1330;2;030;030;A60  Lindenthal               ;Josef-Stelzmann-Str. Nr. 20-24;in Fahrtrichtung Gleueler Straße   ;   ;
1331;2;030;030;A61  Lindenthal               ;Josef-Stelzmann-Str. Nr. 24-20;in Fahrtrichtung Kerpener Straße   ;   ;
1332;2;030;030;A62  Lindenthal               ;Josef-Stelzmann-Str. Nr. 54-62;in Fahrtrichtung Gleueler Straße   ;   ;
1333;2;030;030;A63  Lindenthal               ;Josef-Stelzmann-Str. Nr. 60-52;in Fahrtrichtung Kerpener Straße   ;   ;
1334;2;030;030;A64  Rondorf                  ;Westerwaldstraße Haus Nr.97-55;Fahrtrichtung Rondorfer Hauptstr.  ;   ;
1335;2;030;030;A65  Rondorf                  ;Westerwaldstraße Haus Nr.36-92;in Fahrtrichtung Bödinger Straße   ;   ;
1336;0;050;050;A66  Brück                    ;Brücker Mauspfad Nr. 449-465  ;in Fahrtrichtung Olpener Straße    ;   ;
1337;0;050;050;A67  Brück                    ;Brücker Mauspfad Nr. 457-437  ;in Fahrtrichtung Rath/Heumar       ;   ;
1338;0;050;050;A68  Brück                    ;Olpener Straße Haus Nr.689-677;in Fahrtrichtung stadteinwärts     ;   ;
1339;0;050;050;A69  Brück                    ;Olpener Straße Haus Nr.720-702;in Fahrtrichtung stadteinwärts     ;   ;
1340;0;050;050;A70  Brück                    ;Olpener Straße Haus Nr.710-752;in Fahrtrichtung stadtauswärts     ;   ;
1341;2;030;030;A71  Sürth                    ;Sürther Hauptstraße HS Nr. 178;in Fahrtrichtung Kölnstraße        ;   ;
1342;2;030;030;A72  Sürth                    ;Sürther Hauptstraße HS Nr. 180;in Fahrtrichtung Heidelweg         ;   ;
1343;2;030;030;A73  Sürth                    ;Sürther Hauptstr. Nr. 170-168 ;in Fahrtrichtung Kölnstraße        ;   ;
1344;2;030;030;A74  Sürth                    ;Sürther Hauptstraße HS Nr. 170;in Fahrtrichtung Heidelweg         ;   ;
1345;2;030;030;A75  Bilderstöckchen          ;Geldernstraße Laterne 14-36   ;in Fahrtrichtung Parkgürtel        ;   ;
1346;2;030;030;A76  Bilderstöckchen          ;Geldernstraße Laterne 30-12   ;in Fahrtrichtung Escher Straße     ;   ;
1347;2;030;030;A77  Bocklemünd/Mengenich     ;Kappelsweg Laterne 5-13       ;in Fahrtrichtung Stöckheimer Weg   ;   ;
1348;2;030;030;A78  Bocklemünd/Mengenich     ;Kappelsweg Laterne 11-5       ;in Fahrtrichtung Nattermannallee   ;   ;
1349;2;030;030;A79  Dellbrück                ;Auf der Jüchen Haus Nr. 25-41 ;in Fahrtrichtung Grafenmühlenweg   ;   ;
1350;2;030;030;A80  Dellbrück                ;Auf der Jüchen Haus Nr. 37-17 ;Fahrtrichtung Dellbrücker Mauspfad ;   ;
1351;2;030;030;A81  Wahn                     ;Auf dem Acker Haus Nr. 4-10   ;in Fahrtrichtung Im Lochgarten     ;   ;
1352;2;030;030;A82  Wahn                     ;Im Lochgarten Haus Nr. 36-12  ;Fahrtrichtung St.-Sebastianus-Str. ;   ;
1353;2;030;030;A83  Wahn                     ;Feldstr. Haus Nr. 7-13        ;in Fahrtrichtung Revenstr.         ;   ;
1354;2;030;030;A84  Wahn                     ;Revenstr. Haus Nr. 14-42      ;in Fahrtrichtung Feldstr.          ;   ;
1355;2;030;030;A85  Wahn                     ;Revenstr. Haus Nr. 36-6       ;Fahrtrichtung St.-Sebastianus-Str. ;   ;
1356;2;030;030;A86  Lind                     ;Kitschburger Str. Hs. Nr. 24-2;in Fahrtrichtung Viehtrift         ;   ;
1357;2;030;030;A87  Lind                     ;Kitschburger Str. Hs. Nr. 4-24;in Fahrtrichtung Nibelungenstr.    ;   ;
1358;2;030;030;A88  Lind                     ;Nibelungenstr. Haus Nr. 8-40  ;in Fahrtrichtung Linder Weg        ;   ;
1359;2;030;030;A89  Lind                     ;Nibelungenstr. Haus Nr. 15-5  ;in Fahrtrichtung Linder Mauspfad   ;   ;
1360;2;030;030;A90  Urbach                   ;Bachstraße Haus Nr. 57-3      ;in Fahrtrichtung Zündorfer Str.    ;   ;
1361;2;030;030;A91  Urbach                   ;Beethovenstr. Hs Nr 14-Lat.18 ;in Fahrtrichtung Brucknerstr.      ;   ;
1362;2;030;030;A92  Zündorf                  ;In der Adelenhütte Hs. Nr. 4-6;in Fahrtrichtung Poststr.          ;   ;
1363;2;030;030;A93  Zündorf                  ;In der Adelenhütte Hs. Nr. 6-2;in Fahrtrichtung Hauptstr.         ;   ;
1364;2;030;030;A94  Ostheim                  ;Mannheimer Str. Haus Nr. 76-92;in Fahrtrichtung Saarbrücker Str.  ;   ;
1365;2;030;030;A95  Ostheim                  ;Mannheimer Str. Haus Nr. 90-74;in Fahrtrichtung Bruchsaler Str.   ;   ;
1366;2;030;030;A96  Meschenich               ;Zaunhofstr. Haus Nr. 3a       ;in Fahrtrichtung Brühler Landstr.  ;   ;
1367;2;030;030;A97  Meschenich               ;Zaunhofstr. Haus Nr. 3a       ;in Fahrtrichtung Kettelerstr.      ;   ;
1368;2;030;030;A98  Mülheim                  ;Deutz-Mülheimer Str. 302-318  ;in Fahrtrichtung Mülheimer Brücke  ;   ;
1369;2;030;030;A99  Mülheim                  ;Deutz-Mülheimer Str. 350-352  ;in Fahrtrichtung Mülheimer Brücke  ;   ;
1370;2;030;030;B10  Mülheim                  ;Deutz-Mülheimer Str. 352-346  ;in Fahrtrichtung Deutz             ;   ;
1371;2;030;030;B11  Mülheim                  ;Mülheimer Freiheit Hs Nr. 8-2 ;in Fahrtrichtung Deutz             ;   ;
1372;2;030;030;B12  Mülheim                  ;Mülheimer Freiheit Laterne 8-6;in Fahrtrichtung Deutz             ;   ;
1373;2;030;030;B13  Sürth                    ;Heinrich-Erpenbach-Str. 16-66 ;in Fahrtrichtung Kölnstr.          ;   ;
1374;2;030;030;B14  Sürth                    ;Heinrich-Erpenbach-Str. 62-16 ;in Fahrtrichtung Bahnhofstr.       ;   ;
1375;2;030;030;B15  Sürth                    ;Unter Buschweg Haus Nr. 2-26  ;in Fahrtrichtung Industriestr.     ;   ;
1376;2;030;030;B16  Sürth                    ;Unter Buschweg Haus Nr. 20-16 ;in Fahrtrichtung Bahnhofstr.       ;   ;
1377;2;030;030;B17  Neustadt/Süd             ;Alteburger Str. Haus Nr. 46-33;in Fahrtrichtung Ubierring         ;   ;
1378;2;030;030;B18  Neustadt/Süd             ;Alteburger Str. Haus Nr. 39-54;in Fahrtrichtung Teutoburger Str.  ;   ;
1379;2;030;030;B19  Dellbrück                ;Von-Quadt-Straße Hs. Nr. 8-64 ;Fahrtrichtung Dellbrücker Hauptstr.;   ;
1380;2;030;030;B20  Dellbrück                ;Von-Quadt-Straße Hs. Nr. 63-5 ;in Fahrtrichtung Grafenmühlenweg   ;   ;
1381;3;050;050;B21  Bocklemünd/Mengenich     ;Venloer Straße Haus Nr. 1275  ;in Fahrtrichtung stadteinwärts     ;   ;
1382;0;050;050;B22  Neustadt/Süd             ;Agrippinaufer vor Südbrücke   ;in Fahrtrichtung Rodenkirchen      ;   ;
1383;2;030;030;B23  Sürth                    ;Heidelweg Haus Nr. 59         ;in Fahrtrichtung Heinrichstraße    ;   ;
1384;2;030;030;B24  Sürth                    ;Heidelweg Haus Nr. 59-57      ;in Fahrtrichtung Sürther Hauptstr. ;   ;
1385;0;050;050;B25  Junkersdorf              ;Aachner Straße Haus Nr. 1034  ;in Fahrtrichtung stadtauswärts     ;   ;
1386;2;030;030;B26  Junkersdorf              ;Am Röhmerhof Haus Nr. 20-26   ;in Fahrtrichtung Kölner Weg        ;   ;
1387;2;030;030;B27  Sülz                     ;Neuenhöfer Allee 109-41       ;in Fahrtrichtung Berrenrather Str. ;   ;
1388;2;030;030;B28  Sülz                     ;Neuenhöfer Allee Hs. Nr. 38-76;in Fahrtrichtung Zülpicher Str.    ;   ;
1389;2;030;030;B29  Sülz                     ;Neuenhöfer Allee Laterne 25-23;in Fahrtrichtung Berrenrather Str. ;   ;
1390;2;030;030;B30  Sülz                     ;Neuenhöfer Allee Laterne 23-29;in Fahrtrichtung Zülpicher Str.    ;   ;
1391;2;030;030;B31  Weiden                   ;Ludwig-Jahn-Str. Hs. Nr. 46-72;in Fahrtrichtung Müngersdorf       ;   ;
1392;2;030;030;B32  Weiden                   ;Ludwig-Jahn-Str. Hs. Nr. 72-64;in Fahrtrichtung Lövenich          ;   ;
1393;2;030;030;B33  Ehrenfeld                ;Fröbelstraße Haus Nr. 4-32    ;in Fahrtrichtung Weinsbergstr.     ;   ;
1394;2;030;030;B34  Ehrenfeld                ;Fröbelstraße Haus Nr. 30-4    ;in Fahrtrichtung Vogelsanger Str.  ;   ;
1395;0;050;050;B35  Ehrenfeld                ;Subbelrather Str. 339-269     ;in Fahrtrichtung stadteinwärts     ;   ;
1396;0;050;050;B36  Ehrenfeld                ;Subbelrather Str.254-314      ;in Fahrtrichtung stadtauswärts     ;   ;
1397;0;050;050;B37  Elsdorf                  ;Frankfurter Str. 403-405      ;in Fahrtrichtung Urbach            ;   ;
1398;2;030;030;B38  Ensen                    ;Oberstraße Haus Nr. 14-10     ;in Farhtrichtung Gilgaustraße      ;   ;
1399;2;030;030;B39  Ensen                    ;Hohe Straße Haus Nr.32-34     ;in Fahrtrichtung Gilgaustraße      ;   ;
1400;3;050;050;B40  Gremberghoven            ;Steinstraße ggüb. Laterne 54  ;in Fahrtrichtung Porz              ;   ;
1401;3;050;050;B41  Gremberghoven            ;Steinstraße ggüb. Laterne 54  ;in Fahrtrichtung Frankfurter Straße;   ;
1402;2;030;030;B42  Urbach                   ;Auf dem Knöpp, Haus Nr. 24-50 ;in Fahrtrichtung Am Urbacher Wall  ;   ;
1403;2;030;030;B43  Urbach                   ;Auf dem Knöpp, Haus Nr. 48-2  ;in Fahrtrichtung Severinstraße     ;   ;
1404;2;030;030;B44  Westhoven                ;Oberstraße, Haus Nr. 55       ;in Fahrtrichtung Ensen             ;   ;
1405;2;030;030;B45  Vingst                   ;Kuthstraße, Haus Nr. 156-100  ;in Fahrtrichtung Kampgasse         ;   ;
1406;2;030;030;B46  Vingst                   ;Kuthstraße, Haus Nr. 102-166  ;in Fahrtrichtung Ostheim           ;   ;
1407;2;030;030;B47  Dellbrück                ;Berg.Gladbacher Str.798-812   ;in Fahrtrichtung stadtauswärts     ;   ;
1408;2;030;030;B48  Dellbrück                ;Dellbrücker Mauspfad L.13-21  ;Fahrtrichtung Bensberger Marktweg  ;   ;
1409;2;030;030;B49  Dellbrück                ;Dellbrücker Mauspfad L.21-11  ;in Fahrtrichtung Brück             ;   ;
1410;2;030;030;B50  Höhenhaus                ;Im Weidenbruch, Haus 109a-113 ;in Fahrtrichtung Honschaftstraße   ;   ;
1411;2;030;030;B51  Neustadt Nord            ;Antwerpener Str. Haus Nr. 2-18;in Fahrtrichtung Brüsseler Str.    ;   ;
1412;2;030;030;B52  Neustadt Nord            ;Antwerpener Str. Haus Nr. 17-1;in Fahrtrichtung Friesenplatz      ;   ;
1413;2;030;030;B53  Neustadt Nord            ;Brabanter Str. Haus Nr. 8-52  ;in Fahrtrichtung Friesenplatz      ;   ;
1414;2;030;030;B54  Neustadt Nord            ;Brabanter Str. Haus Nr. 48-13 ;in Fahrtrichtung Aachener Str.     ;   ;
1415;2;030;030;B55  Lindenthal               ;Bachemer Str. Haus Nr. 304-302;in Fahrtrichtung Mommsenstr.       ;   ;
1416;2;030;030;B56  Lindenthal               ;Bachemer Str. ggüb. Hs Nr. 306;in Fahrtrichtung Decksteiner Str.  ;   ;
1417;2;030;030;B57  Lindenthal               ;Klosterstraße Haus Nr. 34-10  ;in Fahrtrichtung Dürener Str.      ;   ;
1418;2;030;030;B58  Lindenthal               ;Klosterstraße Haus Nr. 16-40  ;in Fahrtrichtung Wüllnerstr.       ;   ;
1419;2;030;030;B59  Lindenthal               ;Klosterstraße Haus Nr. 96-86  ;in Fahrtrichtung Rautenstrauchstr. ;   ;
1420;2;030;030;B60  Lindenthal               ;Klosterstraße Haus Nr. 92-96  ;in Fahrtrichtung Aachener Str.     ;   ;
1421;2;030;030;B61  Lindenthal               ;Klosterstraße Haus Nr. 116-104;in Fahrtr. Friedrich-Schmidt-Str.  ;   ;
1422;2;030;030;B62  Lövenich                 ;Seithümerstr. Haus Nr. 7-21   ;in Fahrtrichtung Zaunstr.          ;   ;
1423;2;030;030;B63  Weiden                   ;Richard-Wagner-Str Hs Nr. 6-24;Fahrtrichtung Selma-Lagerlöf-Str.  ;   ;
1424;2;030;030;B64  Weiden                   ;Richard-Wagner-Str Hs Nr. 25-9;in Fahrtrichtung Goethestr.        ;   ;
1425;2;030;030;B65  Bickendorf               ;Nagelschmiedgasse Hs Nr. 5-21 ;in Fahrtrichtung Häuschensweg      ;   ;
1426;2;030;030;B66  Bilderstöckchen          ;Reutlinger Str. Haus Nr. 14-2 ;in Fahrtrichtung Göppinger Str.    ;   ;
1427;0;050;050;B67  Longerich                ;Neusser Str. Haus Nr. 866     ;in Fahrtrichtung stadteinwärts     ;   ;
1428;2;030;030;B68  Worringen                ;Alte Neusser Landstr. 295-261 ;in Fahrtrichtung St.-Tönnis-Str.   ;   ;
1429;2;030;030;B69  Worringen                ;Dornstraße Haus Nr. 42-18     ;Fahrtrichtung Alte Neusser Landstr.;   ;
1430;2;030;030;B70  Worringen                ;Dornstraße Haus Nr. 36-42     ;in Fahrtrichtung Dörnchensweg      ;   ;
1431;6;010;010;B71  Elsdorf                  ;Manfred-Faber-Weg Hs Nr. 38-18;in Fahrtrichtung Tiergartenstr.    ;   ;
1432;6;010;010;B72  Elsdorf                  ;Manfred-Faber-Weg Hs Nr. 22-44;in Fahrtrichtung Herman-Löns-Str.  ;   ;
1433;6;010;010;B73  Elsdorf                  ;Robert-Stern-Weg Hs Nr. 25-29 ;in Fahrtrichtung Tiergartenstr.    ;   ;
1434;6;010;010;B74  Elsdorf                  ;Robert-Stern-Weg Hs Nr. 25-19 ;in Fahrtrichtung Herman-Löns-Str.  ;   ;
1435;6;010;010;B75  Westhoven                ;Hans-Kalscheuer-Str Hs Nr. 4-6;in Fahrtrichtung André-Citroen-Str.;   ;
1436;6;010;010;B76  Westhoven                ;Hans-Kalscheuer-Str Hs Nr. 6-4;in Fahrtrichtung Berliner Str.     ;   ;
1437;2;030;030;B77  Libur                    ;Urbanusstraße Haus Nr. 36-14  ;Fahrtrichtung Pastor-Huthmacher-Str;   ;
1438;2;030;030;B78  Libur                    ;Urbanusstraße Haus Nr. 14-40  ;in Fahrtrichtung Liburer Landstr.  ;   ;
1439;2;030;030;B79  Porz                     ;Mühlenstraße Haus Nr. 1a-31   ;in Fahrtrichtung Bahnhofstr.       ;   ;
1440;2;030;030;B80  Rath/Heumar              ;Rather Kirchweg Haus Nr. 8-16 ;in Fahrtrichtung Friedhof          ;   ;
1441;2;030;030;B81  Dünnwald                 ;Holzweg Haus Nr. 3-11         ;in Fahrtrichtung Liedbergweg       ;   ;
1442;2;030;030;B82  Dünnwald                 ;Holzweg Haus Nr. 11-3         ;Fahrtrichtung Prämonstratenserstr. ;   ;
1443;2;030;030;B83  Dünnwald                 ;Marienheider Str. Hs Nr. 16-18;in Fahrtrichtung Kunstfelder Str.  ;   ;
1444;2;030;030;B84  Dünnwald                 ;Marienheider Str. Hs Nr. 5-3  ;Fahrtrichtung Prämonstratenserstr. ;   ;
1445;2;030;030;B85  Flittard                 ;Semmelweisstr. Haus Nr. 6-68  ;in Fahrtrichtung Einsteinstr.      ;   ;
1446;2;030;030;B86  Flittard                 ;Semmelweisstr. Haus Nr. 58-31 ;in Fahrtrichtung Düsseldorfer Str. ;   ;
1447;2;030;030;B87  Holweide                 ;Maria-Himmelfahrt-Str. 1-5    ;in Fahrtrichtung Isenburger Str.   ;   ;
1448;2;030;030;B88  Holweide                 ;Querstraße Haus Nr. 45        ;in Fahrtrichtung Ringenstr.        ;   ;
1449;2;030;030;B89  Holweide                 ;Querstraße Haus Nr. 45        ;in Fahrtrichtung Buschfeldstr.     ;   ;
1450;6;010;010;B90  Mülheim                  ;Seidenstraße Haus Nr. 9-27    ;in Fahrtrichtung Adamstr.          ;   ;
1451;2;030;030;B91  Neustadt/Süd             ;Lothringer Str. Haus Nr. 38-78;in Fahrtrichtung Eifelstr.         ;   ;
1452;2;030;030;B92  Neustadt/Süd             ;Lothringer Str. Haus Nr.115-38;in Fahrtrichtung Vorgebirgstr.     ;   ;
1453;2;030;030;B93  Neustadt/Süd             ;Kaesenstr. Haus Nr. 6-28      ;in Fahrtrichtung Eifelplatz        ;   ;
1454;2;030;030;B94  Neustadt/Süd             ;Kaesenstr. Haus Nr. 27-1      ;in Fahrtrichtung Lothringer Str.   ;   ;
1455;2;030;030;B95  Zollstock                ;Kendenicher Straße 10-12      ;in Fahrtrichtung Kalscheurer Weg   ;   ;
1456;2;030;030;B96  Zollstock                ;Kendenicher Str. Höhe Friedhof;in Fahrtrichtung Höninger Platz    ;   ;
1457;2;030;030;B97  Holweide                 ;Schnellweider Straße 25-23    ;in Fahrtr. Maria-Himmelfahrt-Straße;   ;
1458;2;030;030;B98  Holweide                 ;Schnellweider Straße 109-107  ;in Fahrtrichtung Musäusstraße      ;   ;
1459;2;030;030;B99  Holweide                 ;Schnellweider Straße 109-111  ;in Fahrtrichtung Neufelder Straße  ;   ;
1460;2;030;030;C10  Stammheim                ;Stammheimer Hauptstraße 55    ;in Fahrtrichtung Schloßstraße      ;   ;
1461;2;030;030;C11  Brück                    ;Pohlstadtsweg 470-456         ;in Fahrtrichtung Mudersbacher Str. ;   ;
1462;2;030;030;C12  Brück                    ;Mudersbacher Straße 13-103    ;in Fahrtrichtung Dattenfelder Str. ;   ;
1463;2;030;030;C13  Brück                    ;Mudersbacher Straße 91-3      ;in Fahrtrichtung Pohlstadtsweg     ;   ;
1464;0;050;050;C14  Neustadt/Süd             ;Bonner Wall 7-19              ;in Fahrtrichtung Vorgebirgsstraße  ;   ;
1465;0;050;050;C15  Neustadt/Süd             ;Bonner Wall 19-5              ;in Fahrtrichtung Bonner Straße     ;   ;
1466;2;030;030;C16  Neustadt/Süd             ;Lützowstraße 22-2             ;in Fahrtrichtung Lindenstraße      ;   ;
1467;2;030;030;C17  Neustadt/Süd             ;Lützowstraße 4-26             ;in Fahrtrichtung Moltkestraße      ;   ;
1468;2;030;030;C18  Widdersdorf              ;Unter Linden 143-127          ;in Fahrtrichtung Am Aspelkreuz     ;   ;
1469;2;030;030;C19  Widdersdorf              ;Unter Linden 91-83            ;in Fahrtrichtung Rosmarinstraße    ;   ;
1470;2;030;030;C20  Widdersdorf              ;Unter Linden 29-9             ;in Fahrtrichtung Hauptstraße       ;   ;
1471;2;030;030;C21  Widdersdorf              ;Unter Linden 44-116           ;in Fahrtrichtung Palmenhof         ;   ;
1472;2;030;030;C22  Mauenheim                ;Eckewartstraße 83-67          ;in Fahrtrichtung Merheimer Straße  ;   ;
1473;2;030;030;C23  Brück                    ;Oberer Bruchweg Lat. Nr. 5-13 ;in Fahrtr. Astrid-Lindgren-Allee   ;   ;
1474;2;030;030;C24  Brück                    ;Oberer Bruchweg Lat. Nr. 11-3 ;in Fahrtrichtung Pohlstadtsweg     ;   ;
1475;2;030;030;C25  Rath/Heumar              ;Eiler Straße 67               ;in Fahrtrichtung Rösrather Straße  ;   ;
1476;2;030;030;C26  Rath/Heumar              ;Eiler Straße 67-63            ;in Fahrtrichtung Eil               ;   ;
1477;2;030;030;C27  Dellbrück                ;Hochwinkel 7-53               ;in Fahrtrichtung Krankenhaus       ;   ;
1478;2;030;030;C28  Dellbrück                ;Hochwinkel 53-3a              ;in Fahrtr. Dellbrücker Mauspfad    ;   ;
1479;2;030;030;C29  Braunsfeld               ;Friedrich-Schmidt-Straße 58b  ;in Fahrtrichtung Kitschburger Str. ;   ;
1480;2;030;030;C30  Braunsfeld               ;Friedr.-Schmidt-Str.ggü.Lat.56;in Fahrtrichtung Kitschburger Str. ;   ;
1481;2;030;030;C31  Braunsfeld               ;Friedrich-Schmidt-Straße 60a  ;in Fahrtrichtung Militärringstraße ;   ;
1482;2;030;030;C32  Braunsfeld               ;Friedr.-Schmidt-Str. ggü 60a  ;in Fahrtrichtung Militärringstraße ;   ;
1483;0;050;050;C33  Junkersdorf              ;Am Römerhof 52                ;in Fahrtr. Statthalterhofallee     ;   ;
1484;0;050;050;C34  Junkersdorf              ;Am Römerhof 54                ;in Fahrtr. Statthalterhofallee     ;   ;
1485;0;050;050;C35  Junkersdorf              ;Am Römerhof 52                ;in Fahrtrichtung Junkersdorfer Str.;   ;
1486;2;030;030;C36  Junkersdorf              ;Kirchweg 71-73                ;in Fahrtrichtung Aachener Straße   ;   ;
1487;2;030;030;C37  Junkersdorf              ;Kirchweg 71-73                ;in Fahrtrichtung Birkenallee       ;   ;
1488;2;030;030;C38  Junkersdorf              ;Kirchweg gegenüber 64-60      ;in Fahrtrichtung Aachener Straße   ;   ;
1489;2;030;030;C39  Meschenich               ;Engeldorfer Straße 45         ;in Fahrtrichtung Klosterstraße     ;   ;
1490;2;030;030;C40  Meschenich               ;Engeldorfer Straße 53         ;in Fahrtrichtung Weststraße        ;   ;
1491;2;030;030;C41  Meschenich               ;Engeldorfer Straße 57         ;in Fahrtrichtung Weststraße        ;   ;
1492;2;030;030;C42  Dellbrück                ;Dellbrücker Mauspfad 310-306  ;in Fahrtrichtung Dabringhauser Str.;   ;
1493;2;030;030;C43  Dellbrück                ;Dellbrücker Mauspfad 310-314  ;in Fahrtr. Bergisch Gladbacher Str.;   ;
1494;0;050;050;C44  Müngersdorf              ;Junkersdorfer Weg Laterne Nr.9;in Fahrtrichtung Am Römerhof       ;   ;
1495;2;030;030;C45  Marienburg               ;Heinrich-Lübke Ufer Lat. Nr.18;in Fahrtrichtung Rodenkirchen      ;   ;
1496;2;030;030;C46  Neustadt/Süd             ;Bonner Wall 35-33             ;in Fahrtrichtung Bonner Straße     ;   ;
1497;2;030;030;C47  Fühlingen                ;Roggendorfer Weg 20-32        ;in Fahrtrichtung Neusser Landstraße;   ;
1498;2;030;030;C48  Fühlingen                ;Roggendorfer Weg 24-38        ;in Fahrtr. Herzog-Johann Straße    ;   ;
1499;2;030;030;C49  Neustadt Nord            ;Theodor-Heuss Ring 21-11      ;in Fahrtrichtung Ebertplatz        ;   ;
1500;2;030;030;C50  Pesch                    ;Johannesstraße 8              ;in Fahrtrichtung Mengenicher Straße;   ;
1501;2;030;030;C51  Pesch                    ;Johannesstraße 8              ;in Fahrtrichtung Militärringstraße ;   ;
1502;2;030;030;C52  Pesch                    ;Johannesstraße 13-17          ;in Fahrtrichtung Militärringstraße ;   ;
1503;2;030;030;C53  Pesch                    ;Johannesstraße 33             ;in Fahrtrichtung Mengenicher Straße;   ;
1504;3;070;060;C54  Longerich                ;Militärringstr./Herforder Str.;in Fahrtrichtung Neusser Landstraße;   ;
1505;3;070;060;C55  Longerich                ;Militärringstr./Herforder Str.;in Fahrtrichtung Mercatorstraße    ;   ;
1506;2;030;030;C56  Marienburg               ;Gaedestraße ggü. Laterne Nr.12;in Fahrtrichtung Bonner Straße     ;   ;
1507;2;030;030;C57  Marienburg               ;Gaedestraße ggü. Laterne Nr.12;in Fahrtrichtung Wendehammer       ;   ;
1508;0;050;050;C58  Weiß                     ;Hammerschmidtstraße Lat.30    ;in Fahrtrichtung Weißer Straße     ;   ;
1509;0;050;050;C59  Zollstock                ;Höninger Weg 332-356          ;in Fahrtrichtung Höninger Platz    ;   ;
1510;0;050;050;C60  Zollstock                ;Höninger Weg 351-347          ;in Fahrtrichtung Zollstockgürtel   ;   ;
1511;2;030;030;C61  Bickendorf               ;Matthias-Brüggen Straße 16    ;in Fahrtrichtung Ossendorfer Weg   ;   ;
1512;2;030;030;C62  Bickendorf               ;Matthias-Brüggen Straße 17    ;in Fahrtrichtung Venloer Straße    ;   ;
1513;0;050;050;C63  Neustadt/Süd             ;Moselstraße 12-24             ;in Fahrtrichtung Luxemburger Straße;   ;
1514;0;050;050;C64  Neustadt/Süd             ;Moselstraße 24-12             ;in Fahrtrichtung Pfälzer Straße    ;   ;
1515;2;030;030;C65  Neustadt/Süd             ;Pfälzer Straße 17             ;in Fahrtrichtung Moselstraße       ;   ;
1516;2;030;030;C66  Neustadt/Süd             ;Pfälzer Straße 36             ;in Fahrtrichtung Trierer Straße    ;   ;
1517;2;030;030;C67  Rodenkirchen             ;Uferstraße 24-33              ;in Fahrtrichtung Grimmelshausenstr.;   ;
1518;2;030;030;C68  Rodenkirchen             ;Uferstraße 24-33              ;in Fahrtrichtung Grüngürtelstraße  ;   ;
1519;2;030;030;C69  Weiß                     ;Weißer Hauptstraße 105        ;in Fahrtrichtung Im Salzgrund      ;   ;
1520;2;030;030;C70  Weiß                     ;Weißer Hauptstraße 105        ;in Fahrtrichtung Pflasterhofweg    ;   ;
1521;2;030;030;C71  Marienburg               ;Sinziger Straße 6-8           ;in Fahrtrichtung Dransdorfer Straße;   ;
1522;2;030;030;C72  Marienburg               ;Sinziger Straße 8-6           ;in Fahrtrichtung Bonner Straße     ;   ;
1523;0;050;050;C73  Niehl                    ;Niehler Damm, Laterne Nr.75-73;in Fahrtrichtung stadteinwärts     ;   ;
1524;0;050;050;C74  Niehl                    ;Niehler Damm, Laterne Nr.73-75;in Fahrtrichtung stadtauswärts     ;   ;
1525;2;030;030;C75  Eil                      ;Bonner Straße 43              ;in Fahrtrichtung Dortmunder Straße ;   ;
1526;2;030;030;C76  Eil                      ;gegenüber Bonner Straße 68    ;in Fahrtrichtung Düsseldorfer Str. ;   ;
1527;2;030;030;C77  Eil                      ;Bonner Straße 56              ;in Fahrtrichtung Solinger Straße   ;   ;
1528;2;030;030;C78  Eil                      ;Bonner Straße 52              ;in Fahrtrichtung Humboldt Straße   ;   ;
1529;2;030;030;C79  Dellbrück                ;Gierather Straße 98-76        ;in Fahrtrichtung stadteinwärts     ;   ;
1530;2;030;030;C80  Dellbrück                ;Gierather Straße 82-104       ;in Fahrtrichtung stadtauswärts     ;   ;
1531;2;030;030;C81  Dünnwald                 ;Kalkweg / Parkplatz Wildpark  ;in Fahrtrichtung Dellbrück         ;   ;
1532;2;030;030;C82  Dünnwald                 ;Kalkweg / Parkplatz Wildpark  ;in Fahrtr. Dünnwalder Mauspfad     ;   ;
1533;0;050;050;C83  Dünnwald                 ;Odenthaler Straße 213-193     ;in Fahrtrichtung stadteinwärts     ;   ;
1534;0;050;050;C84  Dünnwald                 ;Odenthaler Straße 170-190     ;in Fahrtrichtung stadtauswärts     ;   ;
1535;0;050;050;C85  Dünnwald                 ;Odenthaler Straße 51-11       ;in Fahrtrichtung Berliner Straße   ;   ;
1536;0;050;050;C86  Dünnwald                 ;Odenthaler Straße 11-59       ;in Fahrtr. Dünnwalder Mauspfad     ;   ;
1537;2;030;030;C87  Vogelsang                ;Vogelsanger Straße 448        ;in Fahrtrichtung Vogelsanger Markt ;   ;
1538;2;030;030;C88  Rodenkirchen             ;Auenweg 3                     ;in Fahrtrichtung Mettfelder Straße ;   ;
1539;2;030;030;C89  Rodenkirchen             ;Auenweg 12                    ;in Fahrtr. Grimmelshausener Straße ;   ;
1540;2;030;030;C90  Rodenkirchen             ;Auenweg 18-20                 ;in Fahrtrichtung Grüngürtelstraße  ;   ;
1541;2;030;030;C91  Gremberghoven            ;Rather Straße 15              ;in Fahrtrichtung Bahnhofplatz      ;   ;
1542;2;030;030;C92  Gremberghoven            ;Rather Straße 15              ;in Fahrtrichtung Frankfurter Straße;   ;
1543;2;030;030;C93  Immendorf                ;Godorfer Straße 32-18         ;in Fahrtrichtung Berzdorfer Straße ;   ;
1544;2;030;030;C94  Immendorf                ;Godorfer Str.32 - ggü. Lat.19 ;in Fahrtrichtung Euskirchener Str. ;   ;
1545;0;050;050;C95  Niehl                    ;Bremerhavener Straße 31-25    ;in Fahrtrichtung Industriestraße   ;   ;
1546;0;050;050;C96  Niehl                    ;Bremerhavener Straße 25-33    ;in Fahrtrichtung Niehler Damm      ;   ;
1547;0;050;050;C97  Niehl                    ;Niehler Straße 272-252        ;in Fahrtrichtung stadteinwärts     ;   ;
1548;0;050;050;C98  Niehl                    ;Niehler Straße 252-272        ;in Fahrtrichtung stadtauswärts     ;   ;
1549;0;050;050;C99  Nippes                   ;Niehler Straße 220            ;in Fahrtrichtung stadteinwärts     ;   ;
1550;0;050;050;D10  Nippes                   ;Niehler Straße 224-228        ;in Fahrtrichtung stadtauswärts     ;   ;
1551;2;030;030;D11  Roggendorf/Thenhoven     ;Sinnersdorfer Straße 109-111  ;in Fahrtrichtung Straberger Weg    ;   ;
1552;2;030;030;D12  Roggendorf/Thenhoven     ;Sinnersdorfer Straße 105      ;in Fahrtrichtung S-Bahn            ;   ;
1553;2;030;030;D13  Worringen                ;Widdeshover Weg 34-67         ;in Fahrtrichtung Dörnchensweg      ;   ;
1554;2;030;030;D14  Worringen                ;Widdeshover Weg 67-34         ;in Fahrtr. Hackenbroicher Straße   ;   ;
1555;0;050;050;D15  Poll                     ;Poller Damm 32-48             ;in Fahrtrichtung In der Gracht     ;   ;
1556;0;050;050;D16  Poll                     ;Poller Damm 48-30             ;in Fahrtrichtung Mendener Straße   ;   ;
1557;0;050;050;D17  Porz                     ;Deutzer Weg 13-25             ;in Fahrtrichtung Steinstraße       ;   ;
1558;0;050;050;D18  Porz                     ;Deutzer Weg 17-9              ;in Fahrtrichtung Friedrichstraße   ;   ;
1559;0;050;050;D19  Porz                     ;Hauptstraße 364-378           ;in Fahrtrichtung Bahnhofstraße     ;   ;
1560;0;050;050;D20  Porz                     ;Hauptstraße 378-360           ;in Fahrtrichtung Zündorf           ;   ;
1561;0;050;050;D21  Urbach                   ;Kaiserstraße 88a-80           ;in Fahrtrichtung Frankfurter Straße;   ;
1562;0;050;050;D22  Urbach                   ;Kaiserstraße 80-92            ;in Fahrtrichtung Porz              ;   ;
1563;2;030;030;D23  Flittard                 ;Roggendorfstraße 35           ;in Fahrtrichtung Alfred-Werner-Str.;   ;
1564;2;030;030;D24  Flittard                 ;Roggendorfstraße 35           ;in Fahrtrichtung Düsseldorfer Str. ;   ;
1565;0;050;050;D25  Merheim                  ;Olpener Straße 491-455        ;in Fahrtrichtung Höhenberg         ;   ;
1566;0;050;050;D26  Merheim                  ;Olpener Straße 475-493        ;in Fahrtrichtung Brück             ;   ;
1567;0;050;050;D27  Merheim                  ;Olpener Straße 417-405a       ;in Fahrtrichtung Höhenberg         ;   ;
1568;0;050;050;D28  Merheim                  ;Olpener Straße 476-478        ;in Fahrtrichtung Brück             ;   ;
1569;2;030;030;D29  Merheim                  ;Hohensyburgstraße 3-134       ;in Fahrtrichtung Fußfallstraße     ;   ;
1570;2;030;030;D30  Merheim                  ;Hohensyburgstr. 132-Laterne 20;in Fahrtrichtung Olpener Straße    ;   ;
1571;0;050;050;D31  Höhenhaus                ;Im Weidenbruch 217-179        ;in Fahrtrichtung stadteinwärts     ;   ;
1572;0;050;050;D32  Höhenhaus                ;Im Weidenbruch 154-188        ;in Fahrtrichtung stadtauswärts     ;   ;
1573;0;050;050;D33  Neustadt/Süd             ;Zülpicher Wall 14-50          ;in Fahrtrichtung Bachemer Straße   ;   ;
1574;0;050;050;D34  Neustadt/Süd             ;Zülpicher Wall 48-6           ;in Fahrtrichtung Zülpicher Straße  ;   ;
1575;2;030;030;D35  Junkersdorf              ;Frankenstraße 40-64           ;in Fahrtrichtung Aachener Straße   ;   ;
1576;2;030;030;D36  Westhoven                ;Andre-Citroen-Straße 20-24    ;in Fahrtrichtung Oberstraße        ;   ;
1577;2;030;030;D37  Westhoven                ;Andre-Citroen-Straße 24-02    ;in Fahrtrichtung Kölner Straße     ;   ;
1578;0;050;050;D38  Longerich                ;Robert-Perthel-Straße 62-78   ;in Fahrtrichtung Lindweiler        ;   ;
1579;0;050;050;D39  Longerich                ;Robert-Perthel-Straße 69-47   ;in Fahrtrichtung Bilderstöckchen   ;   ;
1580;0;050;050;D40  Longerich                ;Wilhelm-Sollmann-Straße 26-32 ;in Fahrtr. Johannes-Rings-Straße   ;   ;
1581;0;050;050;D41  Longerich                ;Wilhelm-Sollmann-Straße 32-24 ;in Fahrtrichtung Neusser STraße    ;   ;
1582;2;030;030;D42  Nippes                   ;Neusser Straße 166-202        ;in Fahrtrichtung stadtauswärts     ;   ;
1583;2;030;030;D43  Nippes                   ;Neusser Straße 226-246        ;in Fahrtrichtung stadtauswärts     ;   ;
1584;2;030;030;D44  Nippes                   ;Neusser Straße 326-360        ;in Fahrtrichtung stadtauswärts     ;   ;
1585;2;030;030;D45  Nippes                   ;Neusser Straße 255-219        ;in Fahrtrichtung stadteinwärts     ;   ;
1586;1;060;060;D46  Grengel                  ;Alte Kölner Straße Km 0,2-0,4 ;in Fahrtrichtung Altenrath         ;   ;
1587;1;080;080;D47  Grengel                  ;Alte Kölner Straße Km 0,8-1,0 ;in Fahrtrichtung Altenrath         ;   ;
1588;1;080;080;D48  Grengel                  ;Alte Kölner Straße Km 2,0-2,2 ;in Fahrtrichtung Altenrath         ;   ;
1589;1;080;080;D49  Grengel                  ;Alte Kölner Straße Km 2,8-3,0 ;in Fahrtrichtung Altenrath         ;   ;
1590;1;080;080;D50  Grengel                  ;Alte Kölner Straße Km 4,8-5,0 ;in Fahrtrichtung Altenrath         ;   ;
1591;1;080;080;D51  Grengel                  ;Alte Kölner Straße km 5,0-4,8 ;in Fahrtrichtung Grengeler Mauspfad;   ;
1592;1;080;080;D52  Grengel                  ;Alte Kölner Straße Km 3,0-2,8 ;in Fahrtrichtung Grengeler Mauspfad;   ;
1593;1;080;080;D53  Grengel                  ;Alte Kölner Straße Km 2,2-2,0 ;in Fahrtrichtung Grengeler Mauspfad;   ;
1594;1;080;080;D54  Grengel                  ;Alte kölner Straße Km 1,8-1,6 ;in Fahrtrichtung Grengeler Mauspfad;   ;
1595;1;080;080;D55  Grengel                  ;Alte Kölner Straße Km 1,0-0,8 ;in Fahrtrichtung Grengeler Mauspfad;   ;
1596;1;060;060;D56  Grengel                  ;Alte Kölner Straße Km 0,4-0,2 ;in Fahrtrichtung Grengeler Mauspfad;   ;
1597;0;050;050;D57  Grengel                  ;Waldstraße 227a-213           ;in Farttrichtung Urbach            ;   ;
1598;0;050;050;D58  Grengel                  ;Waldstraße 200-208            ;in Fahrtrichtung Flughafen         ;   ;
1599;0;050;050;D59  Grengel                  ;Grengeler Mauspfad 165-113    ;in Fahrtrichtung Wahnheide         ;   ;
1600;0;050;050;D60  Grengel                  ;Grengeler Mauspfad 119-169    ;in Fahrtrichtung Waldstraße        ;   ;
1601;0;050;050;D61  Lind                     ;Linder Mauspfad 175-143       ;in Fahrtrichtung Spich             ;   ;
1602;0;050;050;D62  Lind                     ;Linder Mauspfad 143-175       ;in Fahrtrichtung Wahnheide         ;   ;
1603;0;050;050;D63  Poll                     ;Poll-Vingster-Straße 126-136  ;in Fahrtrichtung Humboldt/Gremberg ;   ;
1604;0;050;050;D64  Poll                     ;Poll-Vingster-Straße 136-124  ;in Fahrtrichtung Rolshover Straße  ;   ;
1605;0;050;050;D65  Poll                     ;Poll-Vingster-Straße 140-160  ;in Fahrtrichtung Humboldt/Gremberg ;   ;
1606;0;050;050;D66  Poll                     ;Poll-Vingster-Straße 160-140  ;in Fahrtrichtung RolshoverStraße   ;   ;
1607;0;050;050;D67  Wahnheide                ;Grengeler Mauspfad 77-37      ;in Fahrtrichtung RolandStraße      ;   ;
1608;0;050;050;D68  Wahnheide                ;Grengeler Mauspfad 45a-79     ;in Fahrtrichtung Grengel           ;   ;
1609;0;050;050;D69  Wahnheide                ;Rolandstraße 6-22             ;in Fahrtrichtung Grengel           ;   ;
1610;0;050;050;D70  Wahnheide                ;Rolandstraße 22-2             ;in Fahrtrichtung Magazinstraße     ;   ;
1611;0;050;050;D71  Wahnheide                ;Linder Mauspfad 217-211       ;in Fahrtrichtung Lind              ;   ;
1612;0;050;050;D72  Wahnheide                ;Linder Mauspfad 213-217       ;in Fahrtrichtung Heidestraße       ;   ;
1613;2;020;020;D73  Altstadt-Süd             ;Severinstraße 157-151         ;in Fahrtrichtung Chlodwigplatz     ;   ;
1614;2;020;020;D74  Altstadt-Süd             ;Severinstraße 127-109         ;in Fahrtrichtung Chlodwigplatz     ;   ;
1615;2;020;020;D75  Altstadt-Süd             ;Severinstraße 95b-93          ;in Fahrtrichtung Chlodwigplatz     ;   ;
1616;2;030;030;D76  Junkersdorf              ;Blumenallee 35-21             ;in Fahrtrichtung Rosenweg          ;   ;
1617;2;030;030;D77  Junkersdorf              ;Blumenallee 23-39             ;in Fahrtrichtung Kornblumenweg     ;   ;
1618;0;050;050;D78  Neustadt/Süd             ;Eifelstraße 62-74             ;in Fahrtrichtung Eifelwall         ;   ;
1619;2;030;030;D79  Fühlingen                ;Herzog-Johann-Straße 22-34    ;in Fahrtrichtung Roggendorfer Weg  ;   ;
1620;2;030;030;D80  Fühlingen                ;Herzog-Johann-Straße 32-20    ;in Fahrtrichtung Neusser Landstraße;   ;
1621;2;030;030;D81  Müngersdorf              ;Am Sportpark Müngersdorf 3-1  ;in Fahrtrichtung Aachener Straße   ;   ;
1622;0;050;050;1622 Poll                     ;Alfred-Schütte-Allee,Lat.92-88;in Fahrtrichtung Am Schnellert     ;   ;
1623;0;050;050;1623 Poll                     ;Alfred-Schütte-Allee,Lat.88-94;in Fahrtrichtung Müllergasse       ;   ;
1624;2;030;030;1624 Neustadt-Süd             ;Am Duffesbach 20-42           ;in Fahrtrichtung Eifelplatz        ;   ;
1625;2;030;030;1625 Neustadt-Süd             ;Am Duffesbach 37-15           ;in Fahrtrichtung Salierring        ;   ;
1626;0;050;050;1626 Neustadt)Süd             ;Eifelstr.                     ;in Fahrtrichtung Eifelplatz        ;   ;
1627;2;020;020;1627 Dellbrück                ;Dellbrücker Hauptstraße 89-95 ;in Fahrtr. Bergisch-Gladbacher Str.;   ;
1628;1;070;070;1628 Bocklemünd               ;Venloer Str.neb.Auffangbecken ;in Fahrtrichtung stadteinwärts     ;   ;
1629;2;030;030;1629 Ehrenfeld                ;Vogelsanger Straße 27         ;in Fahrtrichtung Innere Kanalstraße;   ;
1630;2;030;030;1630 Ehrenfeld                ;Vogelsanger Straße 27         ;in Fahrtrichtung Piusstraße        ;   ;
1631;2;030;030;1631 Bilderstöckchen          ;Escher Straße, Laterne 84-80  ;in Fahrtrichtung Parkgürtel        ;   ;
1632;0;050;050;1632 Neuehrenfeld             ;Ehrenfeldgürtel 170-178       ;in Fahrtrichtung Parkgürtel        ;   ;
1633;2;030;030;1633 Bilderstöckchen          ;Am Bilderstöckchen 45-43      ;in Fahrtrichtung Longericher Straße;   ;
1634;2;030;030;1634 Bilderstöckchen          ;Am Bilderstöckchen 43-45      ;in Fahrtrichtung Escher Str.       ;   ;
1635;2;030;030;1635 Neustadt/Nord            ;Gladbacher Straße 32-14       ;in Fahrtr. Kaiser-Wilhelm-Ring     ;   ;
1636;2;030;030;1636 Ehrenfeld                ;Hospeltstraße Haus Nr.66-74   ;in Fahrtrichtung Vogelsanger Straße;   ;
1637;2;030;030;1637 Ehrenfeld                ;Hospeltstraße Haus Nr.74-66   ;in Fahrtrichtung Helmholtzstraße   ;   ;
1640;0;030;030;1640 Neuehrenfeld             ;Äussere Kanalstraße Lat.88    ;in Fahrtrichtung Subbelratherstraße;   ;
1641;0;030;030;1641 Neuehrenfeld             ;Äussere Kanalstraße Lat.88    ;in Fahrtrichtung Iltisstrasse      ;   ;
1642;0;030;030;1642 Marienburg               ;Marienburger Straße 44-50     ;in Fahrtrichtung Goethestraße      ;   ;
1643;0;030;030;1643 Marienburg               ;Marienburger Straße 50-40     ;in Fahrtrichtung Pferdmengesstraße ;   ;
1644;2;030;030;1644 Neustadt/Nord            ;Gladbacher Straße 38-20       ;in Fahrtr. Kaiser-Wilhelm-Ring     ;   ;
1645;0;050;050;1645 Altstadt-Süd             ;Tel-Aviv Straße Laterne 8-7   ;in Fahrtrichtung Ulrichgasse       ;   ;
1646;0;030;030;1646 Lind                     ;Am Linder Kreuz 38a           ;in Fahrtrichtung Viehtrift         ;   ;
1647;0;030;030;1647 Lind                     ;Am Linder Kreuz 38a           ;in Fahrtrichtung Frankfurter Straße;   ;
1648;0;050;050;1648 Altstadt-Nord            ;Offenbachplatz Höhe Haus Nr.3 ;in Fahrtrichtung Neuköllner Straße ;   ;
1649;2;030;030;1649 Rodenkirchen             ;Auenweg 12                    ;in Fahrtrichtung Grimmelshausenstr ;   ;
1650;2;030;030;1650 Rodenkirchen             ;Auenweg 12                    ;in Fahrtrichtung Grüngürtelstraße  ;   ;
1651;0;050;050;1651 Braunsfeld               ;Stolberger Straße 315-313     ;in Fahrtrichtung Maarweg           ;   ;
1652;2;050;050;1652 Braunsfeld               ;Stolberger Straße 313-315     ;in Fahrtrichtung Eupener Straße    ;   ;
1653;2;030;030;1653 Rodenkirchen             ;Sürther Straße 172            ;in Fahrtrichtung Ringstraße        ;   ;
1654;2;030;030;1654 Widdersdorf              ;Unter Linden 44-116           ;in Fahrtrichtung Hauptstraße       ;   ;
1655;0;050;050;1655 Niehl                    ;Niehler Damm 271              ;in Fahrtrichtung Sebastianstraße   ;   ;
1656;0;050;050;1656 Niehl                    ;Niehler Damm 271              ;in Fahrtrichtung Bremerhavener Str.;   ;
1657;2;030;030;1657 Junkersdorf              ;Kirchweg 94                   ;in Fahrtrichtung Maarstraße        ;   ;
1658;2;030;030;1658 Junkersdorf              ;Kirchweg 94                   ;in Fahrtrichtung Aachener Straße   ;   ;
1659;0;050;050;1659 Braunsfeld               ;Maarweg 133                   ;in Fahrtrichtung Stolberger Straße ;   ;
1660;0;050;050;1660 Braunsfeld               ;Maarweg 133                   ;in Fahrtrichtung Widdersdorfer Str.;   ;
1661;2;030;030;1661 Rath-Heumar              ;Rösrather Straße 744          ;in Fahrtrichtung Gröppersgasse     ;   ;
1662;0;050;050;1662 Braunsfeld               ;Maarweg 80-84                 ;in Fahrtrichtung Stolberger Straße ;   ;
1663;0;050;050;1663 Braunsfeld               ;Maarweg 78-80                 ;in Fahrtrichtung Aachener Straße   ;   ;
1664;0;050;050;1664 Sülz                     ;Universitätsstraße 16         ;in Fahrtrichtung Zülpicher Straße  ;   ;
1665;2;030;030;1665 Rath-Heumar              ;Rösrather Straße 744          ;in Fahrtrichtung Rather Mauspfad   ;   ;
1666;2;030;030;1666 Weidenpesch              ;Rennbahnstraße Laterne 39     ;in Fahrtrichtung Derfflingerstraße ;   ;
1667;2;030;030;1667 Weidenpesch              ;Rennbahnstraße Laterne 39     ;in Fahrtrichtung Sportstraße       ;   ;
1668;2;030;030;1668 Bilderstöckchen          ;Geldernstr. Höhe Laterne 36-28;in Fahrtrichtung Escher Straße     ;   ;
1669;2;030;030;1669 Weiden                   ;Benfleetstraße Laterne Nr.20  ;in Fahrtrichtung Bistritzer Straße ;   ;
1670;0;050;050;1670 Gremberg                 ;Gremberger Straße 249-239     ;in Fahrtrichtung Roddergasse       ;   ;
1671;0;050;050;1671 Gremberg                 ;Gremberger Straße 239-249     ;in Fahrtrichtung Wiedstraße        ;   ;
1672;2;030;030;1672 Weiden                   ;Benfleetstraße Laterne Nr.20  ;in Fahrtrichtung Leipziger Straße  ;   ;
1673;2;030;030;1673 Meschenich               ;Brühler Landstraße 495        ;in Fahrtrichtung Stadteinwärts     ;   ;
1674;2;030;030;1674 Meschenich               ;Brühler Landstraße 495        ;in Fahrtrichtung Stadtauswärts     ;   ;
1675;0;050;050;1675 Braunsfeld               ;Maarweg 94-80                 ;in Fahrtrichtung Stolberger Straße ;   ;
1676;0;050;050;1676 Braunsfeld               ;Maarweg 80-94                 ;in Fahrtrichtung Erkelenzer Straße ;   ;
1677;2;030;030;1677 Meschenich               ;Engeldorfer Straße 45-57      ;in Fahrtrichtung Weststraße        ;   ;
1678;2;030;030;1678 Dellbrück                ;Berg.Gladbacher Straße Lat.135;in Fahrtrichtung stadtauswärts     ;   ;
1679;2;030;030;1679 Dellbrück                ;Berg.Gladbacher Straße Lat.135;in Fahrtrichtung stadteinwärts     ;   ;
1680;2;030;030;1680 Mülheim                  ;Mülheimer Freiheit, Laterne 4 ;in Fahrtrichtung Stöckerstraße     ;   ;
1681;2;030;030;1681 Mülheim                  ;Mülheimer Freiheit, Laterne 4 ;in Fahrtrichtung Bachstraße        ;   ;
1682;0;050;050;1682 Riehl                    ;Amsterdamer Straße 76-86      ;in Fahrtrichtung Stadtauswärts     ;   ;
1683;2;030;030;1683 Rath-Heumar              ;Forststraße 59                ;in Fahrtrichtung Heumarer Mauspfad ;   ;
1684;2;030;030;1684 Rath-Heumar              ;Forststraße 59                ;in Fahrtrichtung Eiler Straße      ;   ;
1685;2;030;030;1685 Sülz                     ;Berrenrather Str. geg. 448-480;in Fahrtrichtung Militärringstraße ;   ;
1686;2;030;030;1686 Sülz                     ;Berrenrather Str.geg.  480-448;in Fahrtrichtung Neuenhöfer Allee  ;   ;
1687;0;050;050;1687 Longerich                ;Neusser Straße 862-866        ;in Fahrtrichtung stadteinwärts     ;   ;
1688;0;050;050;1688 Bayenthal                ;Bayenthalgürtel 39            ;in Fahrtrichtung Goethe Straße     ;   ;
1689;0;050;050;1689 Lind                     ;Linder Mauspfad 71-87         ;in Fahrtrichtung Spich             ;   ;
1690;2;030;030;1690 Braunsfeld               ;Friedrich-Schmidt-Str.58b     ;in Fahrtrichtung Millitärringstraße;   ;
1691;2;030;030;1691 Holweide                 ;Piccoloministraße 270-276     ;in Fahrtrichtung Buschfeldstraße   ;   ;
1692;2;030;030;1692 Holweide                 ;Piccoloministraße 276-270     ;in Fahrtrichtung Honschaftsstraße  ;   ;
1693;0;050;050;1693 Rath-Heumar              ;Rather Mauspfad 88            ;in Fahrtrichtung Zum Rabenbruch    ;   ;
1694;0;050;050;1694 Rath-Heumar              ;Rather Mauspfad 88            ;in Fahrtrichtung Baldurstraße      ;   ;
1695;2;030;030;1695 Buchheim                 ;Berg.-Gladbacher Str.263-263g ;in Fahrtrichtung stadtauswärts     ;   ;
1696;2;030;030;1696 Buchheim                 ;Berg.-Gladbacher Str.263g-263 ;in Fahrtrichtung stadteinwärts     ;   ;
1697;2;030;030;1697 Godorf                   ;Godorfer Hauptstraße 92       ;in Fahrtrichtung Bunsenstraße      ;   ;
1698;2;030;030;1698 Godorf                   ;Godorfer Hauptstraße 92       ;in Fahrtrichtung Meschenicher Str. ;   ;
1699;0;050;050;1699 Elsdorf                  ;Frankfurter Straße 403-405    ;in Fahrtrichtung Wahn              ;   ;
1700;2;050;050;1700 Ehrenfeld                ;Innere Kanalstraße Lat.23-21  ;in Fahrtrichtung Weinsbergstraße   ;   ;
1701;2;030;030;1701 Raderthal                ;Markusstraße ggü.9-55         ;in Fahrtrichtung Südfriedhof       ;   ;
1702;2;030;030;1702 Raderthal                ;Markusstraße ggü.55-9         ;in Fahrtrichtung Brühler Straße    ;   ;
1703;2;030;030;1703 Stammheim                ;Stammheimer Ring 121-123      ;in Fahrtrichtung Schloßstraße      ;   ;
1704;2;030;030;1704 Stammheim                ;Stammheimer Ring 123-121      ;in Fahrtrichtung Gisbertstraße     ;   ;
1705;2;030;030;1705 Roggendorf/Thenhoven     ;Bruchstraße 140               ;in Fahrtrichtung Blumenberg        ;   ;
1706;2;030;030;1706 Roggendorf/Thenhoven     ;Bruchstraße 140               ;in Fahrtrichtung Walter-Dodde-Weg  ;   ;
1707;2;030;030;1707 Lövenich                 ;Brauweiler Straße, Lat.16-28  ;in Fahrtrichtung stadtauswärts     ;   ;
1708;2;030;030;1708 Bayenthal                ;Goltsteinstraße 138           ;in Fahrtrichtung Bayenthalgürtel   ;   ;
1709;0;030;030;1709 Ehrenfeld                ;Leyendecker Straße 11-45      ;in Fahrtrichtung Venloer Straße    ;   ;
1710;0;030;030;1710 Ehrenfeld                ;Leyendecker Straße 45-11      ;in Fahrtrichtung Oskar-Jäger-Straße;   ;
1711;2;030;030;1711 Dellbrück                ;Dellbrücker Hauptstraße 29-27 ;In Fahrtrichtung Hatzfeldstraße    ;   ;
1712;2;030;030;1712 Dellbrück                ;Dellbrücker Hauptstraße 27-29 ;in Fahrtrichtung Thurner Straße    ;   ;
1713;0;050;050;1713 Porz                     ;Bergerstraße 125-111          ;in Fahrtrichtung Humboldtstraße    ;   ;
1714;0;050;050;1714 Niehl                    ;Amsterdamer Straße 219-211    ;in Fahrtrichtung stadteinwärts     ;   ;
1715;2;030;030;1715 Bayenthal                ;Goltsteinstraße Höhe 150-144  ;in Fahrtrichtung Hölderlinstraße   ;   ;
1716;0;050;050;1716 Dünnwald                 ;Berliner Straße 1023          ;in Fahrtrichtung stadtauswärts     ;   ;
1717;2;030;030;1717 Mülheim                  ;Berliner Straße 79-103        ;in Fahrtrichtung Stadteinwärts     ;   ;
1718;2;030;030;1718 Widdersdorf              ;Hauptstraße 55                ;in Fahrtrichtung Unter Linden      ;   ;
1719;0;050;050;1719 Lindenthal               ;Dürener Straße 386            ;in Fahrtrichtung Stadteinwärts     ;   ;
1720;0;050;050;1720 Lindenthal               ;Dürener Straße 386            ;in Fahrtrichtung Stadtauswärts     ;   ;
1721;2;030;030;1721 Neustadt-Nord            ;Hansaring 115-123             ;in Fahrtrichtung Christophstraße   ;   ;
1722;0;050;050;1722 Ehrenfeld                ;Weinsbergstraße, Lat.36-30    ;in Fahrtrichtung Piusstraße        ;   ;
1723;0;050;050;1723 Ehrenfeld                ;Weinsbergstraße, Lat.30-36    ;in Fahrtrichtung Fröbelstraße      ;   ;
1724;2;030;030;1724 Meschenich               ;Brühler Landstraße 452-472    ;in Fahrtrichtung Stadtauswärts     ;   ;
1725;2;030;030;1725 Meschenich               ;Brühler Landstraße 472-452    ;in Fahrtrichtung Stadteinwärts     ;   ;
1726;0;050;050;1726 Altstadt-Süd             ;Am Leystapel, Laterne 6-5     ;in Fahrtrichtung Severinsbrücke    ;   ;
1727;2;030;030;1727 Nippes                   ;Escher Straße 15a             ;in Fahrtrichtung Liebigstraße      ;   ;
1728;0;050;050;1728 Niehl                    ;Friedrich-Karl Straße 214-222 ;in Fahrtrichtung Amsterdamer Straße;   ;
1729;0;050;050;1729 Bayenthal                ;Bayenthalgürtel, Lat. 42-44   ;in Fahrtrichtung Bonner Straße     ;   ;
1730;2;050;050;1730 Mülheim                  ;Pfälzischer Ring 100-102      ;in Fahrtrichtung Deutz Messe       ;   ;
1731;0;050;050;1731 Neustadt-Süd             ;Agrippinaufer Höhe Südbrücke  ;in Fahrtrichtung Ubierring         ;   ;
1732;2;030;030;1732 Rath/Heumar              ;Lützerathstr. Nr. 128         ;in Fahrtrichtung Rather Mauspfad   ;   ;
1733;2;050;050;1733 Neuehrenfeld             ;Parkgürtel Nr.6               ;in Fahrtrichtung Autobahn          ;   ;
1734;2;050;050;1734 Bayenthal                ;Bonner Straße ggü.303-313     ;in Fahrtrichtung stadtauswärts     ;   ;
1735;2;030;030;1735 Porz                     ;Ohmstraße Nr.35               ;in Fahrtrichtung Voltastraße       ;   ;
1736;2;030;030;1736 Lindweiler               ;Unnauer Weg gegenüber 11      ;in Fahrtrichtung Pescher Weg       ;   ;
1737;0;050;050;1737 Wahnheide                ;Sportplatz Str. 40A           ;in Fahrtrichtung Heidestr.         ;   ;
1738;0;050;050;1738 Altstadt/Süd             ;Holzmarkt unter Severinsbrücke;in Fahrtrichtung Mechtildisstraße  ;   ;
1739;2;030;030;1739 Holweide                 ;Bergisch Gladbacher Straße 651;in Fahrtrichtung stadteinwärts     ;   ;
1740;2;030;030;1740 Holweide                 ;Bergisch Gladbacher Straße 651;in Fahrtrichtung Stadtauswärts     ;   ;
1741;2;030;030;1741 Mülheim                  ;Berg. Gladbacher. ggü. 115-121;in Fahrtrichtung Stadteinwärts     ;   ;
1742;2;030;030;1742 Dünnwald                 ;Prämonstratenser Str. 76a     ;in Fahrtr. Dünnwalder Kommunalweg  ;   ;
1743;2;030;030;1743 Dünnwald                 ;Prämonstratenser Str. 76a     ;in Fahrtrichtung Am Klosterhof     ;   ;
1744;2;030;030;1744 Dellbrück                ;Berg.-Gladbacher-Str.1187-1149;in Fahrtrichtung Stadtauswärts     ;   ;
1745;2;030;030;1745 Sürth                    ;Bahnhofstrasse Nr.28          ;in Fahrtrichtung Heinrich-Erpenbach;   ;
1746;2;030;030;1746 Sürth                    ;BahnhofStraße Nr.28           ;in Fahrtrichtung Sürther-Hauptstr. ;   ;
1747;2;030;030;1747 Pesch                    ;Schulstrasse Höhe Lat.18-20   ;in Fahrtrichtung Montessoristraße  ;   ;
1748;2;030;030;1748 Pesch                    ;Schulstrasse Höhe Lat.20-18   ;in Fahrtrichtung Mengenicher Straße;   ;
1749;0;050;050;1749 Esch-Auweiler            ;Orrer Straße Nr. 150          ;in Fahrtrichtung Stadtauswärts     ;   ;
1750;2;030;030;1750 Pesch                    ;Johannesstraße 33             ;in Fahrtrichtung Escherstraße      ;   ;
1751;2;030;030;1751 Pesch                    ;Johannesstraße 33             ;in Fahrtrichtung Militärringstraße ;   ;
1752;2;030;030;1752 Lindweiler               ;Unnauer Weg gegenüber 11      ;in Fahrtrichtung Soldiner Straße   ;   ;
1753;2;030;030;1753 Höhenhaus                ;Von-Ketteler-Straße ggü.23-27 ;in Fahrtrichtung Oderweg           ;   ;
1754;2;030;030;1754 Höhenhaus                ;Von-Ketteler-Straße 47-41     ;in Fahrtrichtung Marie-Juchacz-Str.;   ;
1755;2;030;030;1755 Holweide                 ;Andersenstraße vor Haus 12-18 ;in Fahrtrichtung Märchenstraße     ;   ;
1756;2;030;030;1756 Holweide                 ;Drosselbartstr. vor Haus 12-14;in Fahrtrichtung Märchenstraße     ;   ;
1757;2;030;030;1757 Holweide                 ;Drosselbartstraße vor Haus 13 ;in Fahrtrichtung Andersenstraße    ;   ;
1758;2;030;030;1758 Holweide                 ;Drosselbartstraße vor Haus 4  ;in Fahrtrichtung Andersenstraße    ;   ;
1759;0;050;050;1759 Altstadt-Süd             ;Bayenstraße, Laterne Nr.23-17 ;in Fahrtrichtung Dreikönigenstraße ;   ;
1760;2;030;030;1760 Neustadt-Nord            ;Hohenzollernring Lat.19-25    ;in Fahrtr. Kaiser-Wilhelm-Ring     ;   ;
1761;2;030;030;1761 Bickendorf               ;Venloer Straße 865            ;in Fahrtrichtung Akazienweg        ;   ;
1762;2;030;030;1762 Riehl                    ;Stammheimer Straße ggü.82-84  ;in Fahrtrichtung An der Flora      ;   ;
1763;0;050;050;1763 Merheim                  ;Broichstraße Höhe Lat.7-9     ;in Fahrtrichtung Ostheimer Straße  ;   ;
1764;0;050;050;1764 Merheim                  ;Broichstraße Höhe Lat.7-9     ;in Fahrtrichtung Olpener Straße    ;   ;
1765;2;030;030;1765 Neustadt Nord            ;Hansaring Laterne40-44        ;in Fahrtrichtung Ebertplatz        ;   ;
1766;2;030;030;1766 Bickendorf               ;Mathias-Brüggen-Straße Nr.16  ;in Fahrtrichtung Ossendorfer Weg   ;   ;
1767;2;030;030;1767 Riehl                    ;Stammheimer Straße ggü. 82-84 ;in Fahrtr. Johannes-Müller Straße  ;   ;
1768;0;050;050;1768 Riehl                    ;Riehler Gürtel 45-39          ;in Fahrtrichtung Stammheimer Straße;   ;
1769;2;030;030;1769 Ehrenfeld                ;Vogelsanger Straße 34         ;in Fahrtrichtung stadtauswärts     ;   ;
1770;2;030;030;1770 Ehrenfeld                ;Vogelsanger Straße 34         ;in Fahrtrichtung stadteinwärts     ;   ;
1771;2;030;030;1771 Bickendorf               ;Mathias-Brüggen-Straße 16     ;in Fahrtrichtung Venloer Straße    ;   ;
1772;2;030;030;1772 Dellbrück                ;Gierather Straße 96-104       ;in Fahrtrichtung stadtauswärts     ;   ;
1773;0;050;050;1773 Riehl                    ;Riehler Gürtel 39-45          ;in Fahrtrichtung Amsterdamer Straße;   ;
1774;2;030;030;1774 Flittard                 ;Peter-Grieß-Str. Laterne 9-11 ;in Fahrtrichtung Hufelandstraße    ;   ;
1775;2;030;030;1775 Rodenkirchen             ;Nibelungenweg 33              ;in Fahrtrichtung Gudrunstraße      ;   ;
1776;2;030;030;1776 Rodenkirchen             ;Nibelungenweg 33              ;in Fahrtrichtung Brunhildstraße    ;   ;
1777;0;050;050;1777 Neuehrenfeld             ;Iltisstr. Höhe Haus Nr.120-92 ;in Fahrtrichtung Parkgürtel        ;   ;
1778;0;050;050;1778 Neustadt-Süd             ;Dasselstraße 4-26             ;in Fahrtrichtung Lindenstraße      ;   ;
1779;2;030;030;1779 Flittard                 ;Peter-Grieß-Str. Laterne 11-9 ;in Fahrtrichtung Semmelwesstraße   ;   ;
1780;2;030;030;1780 Neustadt-Nord            ;Kaiser-Wilhelm-Ring Höhe 11-29;in Fahrtrichtung Ebertplatz        ;   ;
1781;0;050;050;1781 Raderthal                ;Brühler Straße 240-270        ;in Fahrtrichtung Militärringstraße ;   ;
1782;0;050;050;1782 Raderthal                ;Brühler Straße 270-240        ;in Fahrtrichtung Markusstraße      ;   ;
1783;0;050;050;1783 Neuehrenfeld             ;Iltisstr. Höhe Haus Nr.92-120 ;in Fahrtrichtung Äußere Kanalstraße;   ;
1784;2;030;030;1784 Dellbrück                ;Dellbrücker Mauspfad 214-204  ;in Fahrtr. Bensberger Marktweg     ;   ;
1785;2;030;030;1785 Neustadt-Nord            ;Kaiser-Wilhelm-Ring Höhe 29-11;in Fahrtrichtung Rudolfplatz       ;   ;
1786;0;050;050;1786 Altstadt-Nord            ;Offenbachplatz Höhe Haus Nr.3 ;in Fahrtrichtung Tunisstraße       ;   ;
1787;2;030;030;1787 Rodenkirchen             ;Auenweg 18-20                 ;in Fahrtr. Grimmelshausenstraße    ;   ;
1788;2;030;030;1788 Müngersdorf              ;Am Sportpark Müngersdorf 2-6  ;in Fahrtrichtung Junkersdorfer Str.;   ;
1789;2;030;030;1789 Dellbrück                ;Dellbrücker Mauspfad 204-214  ;in Fahrtr. Berg. Gladbacher- Straße;   ;
1790;0;050;050;1790 Altstadt-Nord            ;Burgmauer Höhe Laterne 17-15  ;in Fahrtrichtung Tunisstraße       ;   ;
1791;0;050;050;1791 Neustadt-Nord            ;Konrad Adenauer Ufer Lat.46-52;in Fahrtrichtung stadtauswärts     ;   ;
1792;0;050;050;1792 Altstadt-Süd             ;Perlengraben, Laterne Nr. 8-20;in Fahrtrichtung Blaubach          ;   ;
1793;0;050;050;1793 Ensen                    ;Kölner Str. 178-176           ;in Fahrtrichtung Porz              ;   ;
1794;0;050;050;1794 Wahn                     ;Heidestraße Laterne24-28      ;in Fahrtrichtung Autobahn          ;   ;
1795;0;050;050;1795 Deutz                    ;Deutzer Brücke, Laterne 53-7  ;in Fahrtrichtung stadteinwärts     ;   ;
1796;0;050;050;1796 Deutz                    ;Deutzer Brücke, Laterne 12-58 ;in Fahrtrichtung stadtauswärts     ;   ;
1797;0;050;050;1797 Neustadt-Nord            ;Aachener Str., Höhe Haus 2-84 ;in Fahrtrichtung stadtauswärts     ;   ;
1798;2;030;030;1798 Neustadt-Süd             ;Sachsenring, Höhe Haus 69-67  ;in Fahrtrichtung Ulrepforte        ;   ;
1799;0;050;050;1799 Wahn                     ;Heidestraße Laterne28-24      ;in Fahrtrichtung Frankfurter Straße;   ;
1800;2;030;030;1800 Rondorf                  ;Adlerstraße 24-74             ;in Fahrtrichtung Falkenweg         ;   ;
1801;0;050;050;1801 Neustadt-Nord            ;Ebertplatz Laterne 10         ;in Fahrtrichtung Zoobrücke         ;   ;
1802;0;050;050;1802 Altstadt-Nord            ;Gereonstraße Höhe Haus 34-58  ;in Fahrtrichtung Christophstraße   ;   ;
1803;2;030;030;1803 Dellbrück                ;Bergisch-Gladbacher Str.1146  ;in Fahrtrichtung Stadtauswärts     ;   ;
1804;2;030;030;1804 Altstadt-Süd             ;Filzengraben, Höhe Haus 21-17 ;in Fahrtrichtung Mühlenbach        ;   ;
1805;2;030;030;1805 Rondorf                  ;Adlerstraße 74-27             ;in Fahrtrichtung Reiherstraße      ;   ;
1806;2;030;030;1806 Vogelsang                ;Goldammerweg 107              ;in Fahrtrichtung Vogelsanger Straße;   ;
1807;0;050;050;1807 Deutz                    ;Mindener Str.Höhe Laterne Nr.7;in Fahrtrichtung Deutzer Brücke    ;   ;
1808;0;050;050;1808 Altstadt-Süd             ;Hahnenstraße Höhe Haus 6-14   ;in Fahrtrichtung Pfeilstraße       ;   ;
1809;2;030;030;1809 Dellbrück                ;Bergisch-Gladbacher Str. 1146 ;in Fahrtrichtung Stadteinwärts     ;   ;
1810;2;030;030;1810 Marienburg               ;Marienburger Str.24-30        ;in Fahrtrichtung Pferdmengestraße  ;   ;
1811;2;030;030;1811 Vogelsang                ;Goldammerweg 107              ;in Fahrtrichtung Steinkauzweg      ;   ;
1812;0;050;050;1812 Junkersdorf              ;Marsdorfer Str. Höhe Pumpwerk ;in Fahrtrichtung Erich-Deuser-Str. ;   ;
1813;0;050;050;1813 Neustadt-Nord            ;Magnusstraße, Höhe Haus Nr.20 ;in Fahrtrichtung Hauptbahnhof      ;   ;
1814;0;050;050;1814 Neustadt-Nord            ;Magnusstraße, Höhe Haus Nr.20 ;in Fahrtrichtung Hohenzollernring  ;   ;
1815;2;030;030;1815 Höhenberg                ;Germania Str.Haus Nr.50-76    ;in Fahrtrichtung Olpener Straße    ;   ;
1816;2;030;030;1816 Brück                    ;Pohlstadtsweg ggü.Hs.469-475  ;in Fahrtrichtung Mudersbacher Str  ;   ;
1817;0;050;050;1817 Junkersdorf              ;Marsdorfer Str. Höhe Pumpwerk ;in Fahrtrichtung Dürener Straße    ;   ;
1818;0;050;050;1818 Volkhoven/Weiler         ;Merianstraße Höhe Lat.111-112 ;in Fahrtrichtung Fühlinger Weg     ;   ;
1819;2;030;030;1819 Esch-Auweiler            ;Orrer Straße 150              ;in Fahrtrichtung stadteinwärts     ;   ;
1820;3;050;050;1820 Zündorf                  ;Wahner Straße, Höhe Reithalle ;in Fahrtrichtung Zündorf           ;   ;
1821;3;080;080;1821 Zündorf                  ;Wahner Straße, Höhe Reithalle ;in Fahrtrichtung Libur             ;   ;
1822;2;030;030;1822 Dünnwald                 ;Leuchter Straße 10-30         ;in Fahrtrichtung Berliner Straße   ;   ;
1823;2;030;030;1823 Wahn                     ;Nachtigallenstraße 19         ;in Fahrtrichtung Albin-Köbisstraße ;   ;
1824;2;030;030;1824 Wahn                     ;Nachtigallenstraße 19         ;in Fahrtrichtung Frankfurter Straße;   ;
1825;2;030;030;1825 Dünnwald                 ;Leuchter Straße 10-30         ;in Fahrtr. Dünnwalder Mauspfad     ;   ;
1826;0;050;050;1826 Humbold/Gremberg         ;Gremberger Straße ggü. 16-22  ;in Fahrtrichtung An der Pulvermühle;   ;
1827;0;050;050;1827 Humbold/Gremberg         ;Gremberger Straße ggü. 16-22  ;in Fahrtrichtung Pfarrer-Mollstraße;   ;
1828;0;050;050;1828 Dellbrück                ;Bergisch-Gladbacher Str. 1186 ;in Fahrtrichtung stadteinwärts     ;   ;
1829;0;050;050;1829 Dellbrück                ;Bergisch-Gladbacher Str. 1186 ;in Fahrtrichtung stadtauswärts     ;   ;
1830;0;050;050;1830 Niehl                    ;Niehler Damm 233              ;in Fahrtrichtung Bremerhavener Str.;   ;
1831;0;050;050;1831 Niehl                    ;Niehler Damm 233              ;in Fahrtrichtung Sebastianstraße   ;   ;
1832;0;050;050;1832 Rath-Heumar              ;Eiler Straße 43               ;in Fahrtrichtung Forststraße       ;   ;
1833;0;050;050;1833 Rath-Heumar              ;Eiler Straße 43               ;in Fahrtrichtung Maarhäuser Weg    ;   ;
1834;2;030;030;1834 Holweide                 ;Bergisch-Gladbacher Str. 593  ;in Fahrtrichtung stadteinwärts     ;   ;
1835;2;030;030;1835 Holweide                 ;Bergisch-Gladbacher Str. 593  ;in Fahrtrichtung stadtauswärts     ;   ;
1836;2;030;030;1836 Braunsfeld               ;Friedrich-Schmidtstr.ggü70-72 ;in Fahrtrichtung MilitärringStraße ;   ;
1837;2;030;030;1837 Braunsfeld               ;Friedrich-Schmidtstr.ggü72-70 ;in Fahrtrichtung KitschburgerStraße;   ;
1838;2;030;030;1838 Neubrück                 ;Neubrücker Ring 18, Laterne 12;in Fahrtrichtung Brück             ;   ;
1839;2;030;030;1839 Neubrück                 ;Neubrücker Ring 18, Laterne 12;in Fahrtrichtung Rath-Heumar       ;   ;
1840;2;030;030;1840 Rath-Heumar              ;Rösrather Straße 390          ;in Fahrtrichtung Ostheim           ;   ;
1841;2;030;030;1841 Rath-Heumar              ;Rösrather Straße 390          ;in Fahrtrichtung Rösrath           ;   ;
1842;2;030;030;1842 Stammheim                ;Stammheimer Ring gegenüber 117;in Fahrtrichtung Egonstraße        ;   ;
1843;2;030;030;1843 Stammheim                ;Stammheimer Ring gegenüber 117;in Fahrtrichtung Düsseldorfer Str. ;   ;
1844;2;030;030;1844 Junkersdorf              ;Salzburger Weg ggü. Lat.Nr.3-5;in Fahrtrichtung Junkersdorfer Str.;   ;
1845;2;030;030;1845 Junkersdorf              ;Salzburger Weg ggü. Lat.Nr.3-5;in Fahrtrichtung Dürener Straße    ;   ;
1846;0;050;050;1846 Nippes                   ;Innere Kanalstr. ggü. Lat. 176;in Fahrtrichtung Niehler Straße    ;   ;
1847;2;030;030;1847 Junkersdorf              ;Frohnhofweg Haus Nr. 15       ;in Fahrtrichtung Jungbluthgasse    ;   ;
1848;2;030;030;1848 Junkersdorf              ;Frohnhofweg Haus Nr. 15       ;in Fahrtrichtung Sterrenhofweg     ;   ;
1849;2;030;030;1849 Vogelsang                ;Goldfasanenweg gegenüber 22   ;in Fahrtrichtung Vogelsanger Straße;   ;
1850;2;030;030;1850 Vogelsang                ;Goldfasanenweg gegenüber 22   ;in Fahrtrichtung Akazienweg        ;   ;
1851;0;050;050;1851 Buchheim                 ;Berg.-Glad.Str. Laterne Nr. 73;in Fahrtrichtung Stadteinwärts     ;   ;
1852;0;050;050;1852 Buchheim                 ;Berg.-Glad.Str. Laterne Nr. 73;in Fahrtrichtung Stadtauswärts     ;   ;
1853;2;030;030;1853 Rondorf                  ;Westerwaldstraße / vor Kita   ;in Fahrtrichtung Bödinger Straße   ;   ;
1854;2;030;030;1854 Rondorf                  ;Westerwaldstraße / vor Kita   ;in Fahrtrichtung Rondorfer Hauptstr;   ;
1855;2;030;030;1855 Pesch                    ;Pescher Weg, ggü. Fuchsienweg ;in Fahrtrichtung Lindweiler        ;   ;
1856;2;030;030;1856 Pesch                    ;Pescher Weg, ggü. Fuchsienweg ;in Fahrtrichtung Longericher Str.  ;   ;
1857;6;010;010;1857 Rath Heumar              ;Am Lusthaus Nr. 15            ;in Fahrtrichtung Rather Kirchweg   ;   ;
1858;6;010;010;1858 Rath Heumar              ;Am Lusthaus Nr. 15            ;in Fahrtrichtung Spielplatz        ;   ;
1859;2;030;030;1859 Zündorf                  ;Peletierweg Nr. 20            ;in Fahrtrichtung Hauptstraße       ;   ;
1860;2;030;030;1860 Zündorf                  ;Peletierweg Nr. 20            ;in Fahrtrichtung Schmittgasse      ;   ;
1861;2;030;030;1861 Poll                     ;Poller Hauptstraße 33         ;in Fahrtrichtung Müllergasse       ;   ;
1862;2;030;030;1862 Poll                     ;Poller Hauptstraße 33         ;in Fahrtrichtung Auf dem Sandberg  ;   ;
1863;2;030;030;1863 Rodenkirchen             ;Eygelshovener Straße Höhe 15-1;in Fahrtrichtung Sürther Feldallee ;   ;
1864;2;030;030;1864 Rodenkirchen             ;Eygelshovener Straße Höhe 1-15;in Fahrtrichtung Sürther Straße    ;   ;
1865;0;050;050;1865 Esch/Auweiler            ;Chorbuschstraße 72            ;in Fahrtrichtung Sinnersdorf       ;   ;
1866;0;050;050;1866 Esch/Auweiler            ;Chorbuschstraße 72            ;in Fahrtrichtung Orrer Straße      ;   ;
1867;2;030;030;1867 Pesch                    ;Escher Straße 32              ;in Fahrtrichtung Mozartstraße      ;   ;
1868;2;030;030;1868 Pesch                    ;Escher Straße 32              ;in Fahrtrichtung Kapellenweg       ;   ;
1869;2;030;030;1869 Merheim                  ;Hohensyburgstraße ggüb. 104   ;in Fahrtrichtung Olpener Straße    ;   ;
1870;2;030;030;1870 Merheim                  ;Hohensyburgstraße ggüb. 104   ;in Fahrtrichtung Bevingsweg        ;   ;
1871;2;030;030;1871 Weiß                     ;Weißer Hauptstraße 111        ;in Fahrtrichtung Heinrichstrasse   ;   ;
1872;2;030;030;1872 Weiß                     ;Weißer Hauptstraße 111        ;in Fahrtrichtung Weißer Straße     ;   ;
1873;2;030;030;1873 Marienburg               ;Am Südpark 49                 ;in Fahrtr. Schillingsrotter Platz  ;   ;
1874;2;030;030;1874 Marienburg               ;Am Südpark 49                 ;in Fahrtrichtung Rondorfer Straße  ;   ;
1875;2;030;030;1875 Marienburg               ;Pferdmenges Straße 42         ;in Fahrtrichtung Leyboldstraße     ;   ;
1876;2;030;030;1876 Marienburg               ;Pferdmenges Straße 42         ;in Fahrtrichtung Marienburger Str. ;   ;
1877;2;030;030;1877 Volkhoven Weiler         ;Toni-Welter Straße 4 - Kita   ;in Fahrtrichtung Pescher-Holzweg   ;   ;
1878;2;030;030;1878 Volkhoven Weiler         ;Toni-Welter Straße 4 - Kita   ;in Fahrtrichtung Heimersdorf       ;   ;
1879;0;050;050;1879 Zollstock                ;Höninger Weg 351-353          ;in Fahrtrichtung Höninger Platz    ;   ;
1880;0;050;050;1880 Zollstock                ;Höninger Weg 353-351          ;in Fahrtrichtung Zollstockgürtel   ;   ;
1881;2;030;030;1881 Bickendorf               ;Subbelrather Straße 546       ;in Fahrtrichtung Sandweg           ;   ;
1882;2;030;030;1882 Bickendorf               ;Subbelrather Straße 546       ;in Fahrtrichtung Äußere Kanalstraße;   ;
1883;2;030;030;1883 Merkenich                ;Merkenicher Hauptstraße 221   ;in Fahrtr. Merkenicher Ringstraße  ;   ;
1884;2;030;030;1884 Merkenich                ;Merkenicher Hauptstraße 221   ;in Fahrtr. Schlettstadter Straße   ;   ;
1885;2;030;030;1885 Ehrenfeld                ;Vogelsanger Straße 28-32      ;in Fahrtrichtung Innere Kanalstraße;   ;
1886;2;030;030;1886 Ehrenfeld                ;Vogelsanger Straße 28-32      ;in Fahrtrichtung Piusstraße        ;   ;
1887;2;030;030;1887 Niehl                    ;Niehler Kirchweg 186          ;in Fahrtrichtung Niehler Straße    ;   ;
1888;2;030;030;1888 Niehl                    ;Niehler Kirchweg 186          ;in Fahrtr. Friedrich-Karl-Straße   ;   ;
1889;2;030;030;1889 Pesch                    ;Pestalozzistraße gegenüber 4  ;in Fahrtrichtung Mengenicher Straße;   ;
1890;2;030;030;1890 Pesch                    ;Pestalozzistraße gegenüber 4  ;in Fahrtrichtung Fröbelstraße      ;   ;
1891;2;030;030;1891 Holweide                 ;Schnellweider Straße 79       ;in Fahrtrichtung Neufelder Straße  ;   ;
1892;2;030;030;1892 Holweide                 ;Schnellweider Straße 79       ;in Fahrtr. Maria-Himmelfahrt-Straße;   ;
1893;2;030;030;1893 Worringen                ;Altestraße gegenüber 1c       ;in Fahrtrichtung St.-Tönnis-Straße ;   ;
1894;2;030;030;1894 Worringen                ;Altestraße gegenüber 1c       ;in Fahrtrichtung Hackhauser Weg    ;   ;
1895;2;030;030;1895 Sürth                    ;Bahnhofstraße 26-28           ;in Fahrtrichtung Sürther Hauptstr. ;   ;
1896;2;030;030;1896 Sürth                    ;Bahnhofstraße 26-28           ;in Fahrtr. Heinrich-Erpenbachstraße;   ;
1897;2;030;030;1897 Rodenkirchen             ;Nibelungenweg 37              ;in Fahrtr. Schillingsrotter Straße ;   ;
1898;2;030;030;1898 Rodenkirchen             ;Nibelungenweg 37              ;in Fahrtrichtung Sürther Straße    ;   ;
1899;2;030;030;1899 Sülz                     ;Mommsenstraße 31-3            ;in Fahrtrichtung Sülzgürtel        ;   ;
1900;2;030;030;1900 Sülz                     ;Mommsenstraße 3-31            ;in Fahrtrichtung Zülpicher Straße  ;   ;
1901;2;030;030;1901 Mauenheim                ;Neue Kempener Straße 236      ;in Fahrtrichtung Bergstraße        ;   ;
1902;2;030;030;1902 Mauenheim                ;Neue Kempener Straße 236-296  ;in Fahrtrichtung Nibelungenstraße  ;   ;
1903;2;030;030;1903 Mauenheim                ;Neue Kempener Straße 274-296  ;in Fahrtrichtung Schmiedegasse     ;   ;
1904;2;030;030;1904 Mauenheim                ;Neue Kempener Straße 296-236  ;in Fahrtrichtung Bergstrasse       ;   ;
1905;2;030;030;1905 Braunsfeld               ;Wiethasestraße 9              ;in Fahrtrichtung Fürst-Pückler-Str.;   ;
1906;2;030;030;1906 Mauenheim                ;Nibelungenstraße 62           ;in Fahrtrichtung Neue Kempener Str.;   ;
1907;2;030;030;1907 Mauenheim                ;Nibelungenstraße 62           ;in Fahrtrichtung Merheimer Straße  ;   ;
1908;2;030;030;1908 Wahn                     ;Am Krausbaum Höhe Friedhof    ;in Fahrtrichtung Frankfurter Str.  ;   ;
1909;2;030;030;1909 Wahn                     ;Am Krausbaum Höhe Friedhof    ;in Fahrtrichtung Lind              ;   ;
1910;2;030;030;1910 Lindenthal               ;An der Decksteiner Mühle 7-3  ;in Fahrtrichtung Max-Scheler-Str.  ;   ;
1911;2;030;030;1911 Lindenthal               ;An der Decksteiner Mühle 3-7  ;in Fahrtrichtung Gleuler Straße    ;   ;
1912;2;030;030;1912 Pesch                    ;Johannesstr.Höhe Hs   33D-33  ;in Fahrtrichtung Militärringstraße ;   ;
1913;2;030;030;1913 Pesch                    ;Johannesstr.Höhe Hs   33-33A-D;in Fahrtrichtung Mengenicherstraße ;   ;
1914;2;030;030;1914 Zollstock                ;Bernkasteler Straße ggü.60-54 ;in Fahrtrichtung Höninger Weg      ;   ;
1915;2;030;030;1915 Zollstock                ;Bernkasteler Straße ggü.54-60 ;in Fahrtrichtung Brauneberger Str. ;   ;
1916;2;030;030;1916 Dellbrück                ;Bergisch Gladb.Str,1146-1202  ;in Fahrtrichtung stadtauswärts     ;   ;
1917;2;030;030;1917 Dellbrück                ;Bergisch Gladb.Str.1202-1146  ;in Fahrtrichtung stadteinwärts     ;   ;
1918;2;030;030;1918 Neustadt-Nord            ;Theodor-Heuss-Ring 11-9       ;in Fahrtrichtung Ebertplatz        ;   ;
1919;2;030;030;1919 Neustadt-Nord            ;Theodor-Heuss-Ring 30         ;in Fahrtr. Konrad-Adenauer-Ufer    ;   ;
1920;2;030;030;1920 Merkenich                ;Merkenicher Hauptstraße 203   ;in Fahrtrichtung Daverkusen Straße ;   ;
1921;2;030;030;1921 Fühlingen                ;Neusser Landstraße 23a        ;in Fahrtrichtung Kriegerhof Straße ;   ;
1922;2;030;030;1922 Fühlingen                ;Neusser Landstraße 23a        ;in Fahrtrichtung Feldblumenweg     ;   ;
1923;0;050;050;1923 Feldkassel               ;Robert-Bosch-Straße 6         ;in Fahrtrichtung Rheinkassel       ;   ;
1924;0;050;050;1924 Feldkassel               ;Robert-Bosch-Straße 6         ;in Fahrtrichtung Merianstraße      ;   ;
1925;0;050;050;1925 Rodenkirchen             ;Friedrich-Ebert-Str.ggü.Lat.25;in Fahrtrichtung Römerstraße       ;   ;
1926;0;050;050;1926 Rodenkirchen             ;Friedrich-Ebert-Str.ggü.Lat.25;in FR. Zum Forstbotanischen Garten ;   ;
1927;2;030;030;1927 Marienburg               ;Heinrich-Lübke-Ufer Laterne 22;in Fahrtrichtung Frankstraße       ;   ;
1928;2;030;030;1928 Marienburg               ;Heinrich-Lübke-Ufer Laterne 22;in Fahrtrichtung Oberländer Ufer   ;   ;
1929;2;030;030;1929 Neustadt-Nord            ;Hohenzollernring 55-41        ;in Fahrtrichtung Rudolfplatz       ;   ;
1930;2;030;030;1930 Neustadt-Nord            ;Hohenzollernring 41-55        ;in Fahrtrichtung Friesenplatz      ;   ;
1931;1;050;050;1931 Deutz                    ;Zoobrücke, Laterne Nr.2       ;in Fahrtrichtung stadtauswärts     ;   ;
1932;1;050;050;1932 Kalk                     ;B55a, Laterne Nr.32           ;in Fahrtrichtung stadteinwärts     ;   ;
1933;0;050;050;1933 Niehl                    ;Boltensternstraße Lat.99-101  ;in Fahrtrichtung Industriestraße   ;   ;
1934;0;050;050;1934 Niehl                    ;Boltensternstraße Lat.99-101  ;in Fahrtrichtung Mülheimer Brücke  ;   ;
1935;3;050;050;1935 Chorweiler               ;Mennweg vor Einfahrt Feldweg  ;in Fahrtrichtung Hitdorfer Fährweg ;   ;
1936;3;050;050;1936 Chorweiler               ;Mennweg vor Einfahrt Feldweg  ;in Fahrtrichtung Industriestraße   ;   ;
1937;3;050;050;1937 Chorweiler               ;Hitdorfer Fährweg 84          ;in Fahrtrichtung Langeler Damm     ;   ;
1938;3;050;050;1938 Chorweiler               ;Hitdorfer Fährweg 84          ;in Fahrtrichtung Mennweg           ;   ;
1939;0;050;050;1939 Rodenkirchen             ;Industriestraße Laterne 11-13 ;in Fahrtrichtung Sürth             ;   ;
1940;0;050;050;1940 Rodenkirchen             ;Industriestraße Laterne 11-13 ;in FR. Zum Forstbotanischen Garten ;   ;
1941;3;030;030;1941 Immendorf                ;Vor dem Dorf Höhe Am Moosberg ;in Fahrtr. Immendorfer Hauptstraße ;   ;
1942;3;030;030;1942 Immendorf                ;Vor dem Dorf Höhe Am Moosberg ;in Fahrtrichtung Giesdorfer Allee  ;   ;
1943;0;050;050;1943 Rodenkirchen             ;Weißer Straße Höhe Hs   16a   ;in Fahrtrichtung Hauptstraße       ;   ;
1944;0;050;050;1944 Rodenkirchen             ;Weißer Straße Höhe Hs   16a   ;in Fahrtrichtung Siegfriedstraße   ;   ;
1945;0;050;050;1945 Rodenkirchen             ;Weißer Straße Höhe Hs   17    ;in Fahrtrichtung Hauptstraße       ;   ;
1946;0;050;050;1946 Rodenkirchen             ;Weißer Straße Höhe Haus 17    ;in Fahrtrichtung Siegfriedstraße   ;   ;
1947;2;030;030;1947 Esch                     ;Chorbuschstraße 31            ;in Fahrtrichtung Am Baggerfeld     ;   ;
1948;2;030;030;1948 Esch                     ;Chorbuschstraße 31            ;in Fahrtrichtung Auf dem Driesch   ;   ;
1949;2;030;030;1949 Roggendorf/Thenhoven     ;Straberger Weg Höhe Laterne 6 ;in Fahrtrichtung Stadtauswärts     ;   ;
1950;2;030;030;1950 Roggendorf/Thenhoven     ;Straberger Weg Höhe Laterne 6 ;in Fahrtrichtung Sinnersdorfer Str.;   ;
1951;2;030;030;1951 Marienburg               ;Marienburgerstr. 24-30        ;in Fahrtrichtung Unter den Ulmen   ;   ;
1952;2;050;050;1952 Klettenberg              ;Rhöndorfer Straße 26-40       ;in Fahrtrichtung Gottesweg         ;   ;
1953;2;030;030;1953 Vingst                   ;Homarstraße 53                ;in Fahrtrichtung Ostheimerstr.     ;   ;
1954;2;030;030;1954 Vingst                   ;Homarstraße 53                ;in Fahrtrichtung Poll-Vingster Str.;   ;
1955;2;050;050;1955 Klettenberg              ;Rhöndorfer Straße 26-40       ;in Fahrtrichtung Klettenberggürtel ;   ;
1956;0;050;050;1956 Grengel                  ;Waldstraße, Höhe Haus 200-208 ;in Fahrtrichtung Urbach            ;   ;
1957;2;030;030;1957 Mülheim                  ;Montanusstraße, Höhe 83-51    ;in Fahrtr. Bergisch-Gladbacher Str.;   ;
1958;2;030;030;1958 Worringen                ;St.-Tönnis-Straße, Höhe 87b-85;in Fahrtrichtung Hackhauser Weg    ;   ;
1959;0;030;030;1959 Mülheim                  ;Graf-Adolf-Straße, Höhe 59-51 ;in Fahrtrichtung Rendsburger Platz ;   ;
1960;0;030;030;1960 Mülheim                  ;Graf-Adolf-Straße, Höhe 51-59 ;in Fahrtrichtung Frankfurter Straße;   ;
1961;2;030;030;1961 Worringen                ;St.-Tönnis-Straße, Höhe 85-87b;in Fahrtrichtung Erdweg            ;   ;
1962;2;030;030;1962 Brück                    ;Olpener Straße, Höhe Haus 946 ;in Fahrtrichtung stadteinwärts     ;   ;
1963;2;030;030;1963 Porz                     ;Poststraße, Höhe Hausnr. 31-13;in Fahrtrichtung stadteinwärts     ;   ;
1964;2;030;030;1964 Esch-Auweiler            ;Orrer Straße vor Amselweg     ;in Fahrtrichtung stadteinwärts     ;   ;
1965;2;030;030;1965 Roggendorf-Thenhoven     ;Sinnersdorfer Str. Hausnr. 85 ;in Fahrtrichtung Baptiststraße     ;   ;
1966;2;030;030;1966 Rath-Heumar              ;Lützeratherstr. Höhe 119-113c ;in Fahrtrichtung Rösratherstraße   ;   ;
1967;3;030;030;1967 Dünnwald                 ;Kalkweg, Höhe Bushalt. Kalkweg;in Fahrtrichtung Waltherstraße     ;   ;
1968;3;030;030;1968 Dünnwald                 ;Kalkweg, Höhe Bushalt. Kalkewg;in Fahrt. Dünnwalder Mauspfad      ;   ;
1969;2;030;030;1969 Dellbrück                ;Gierather Straße Höhe Haus 114;in Fahrtrichtung stadteinwärts     ;   ;
1970;2;030;030;1970 Dellbrück                ;Gierather Straße Höhe Haus 114;in Fahrtrichtung stadtauswärts     ;   ;
1971;2;030;030;1971 Rath-Heumar              ;Rather Mauspfad Hausnr. 18-16 ;in Fahrtrichtung Rösrather Straße  ;   ;
1972;2;030;030;1972 Neustadt-Süd             ;Sachsenring Hausr. 41-33      ;in Fahrtrichtung Chlodwigplatz     ;   ;
1973;0;050;050;1973 Zollstock                ;Vorgebirgstraße 346-362       ;in Fahrtrichtung Höninger Platz    ;   ;
1974;2;030;030;1974 Rodenkirchen             ;Römerstraße Hausnr. 28-66     ;in Fahrtr. Schillingsrotter Straße ;   ;
1975;0;050;050;1975 Deutz                    ;Siegburger Str. Laterne 43-39 ;in Fahrtrichtung Im Hasental       ;   ;
1976;0;050;050;1976 Deutz                    ;Siegburger Str. Laterne 39-43 ;in Fahrtrichtung Am Schnellert     ;   ;
1977;2;030;030;1977 Bocklemünd/Mengenich     ;Untere Dorfstraße Hausnr.28-34;in Fahrtrichtung Ransenbergweg     ;   ;
1978;2;030;030;1978 Bocklemünd/Mengenich     ;Untere Dorfstraße Hausnr.34-28;in Fahrtrichtung Mengenicher Straße;   ;
1979;2;030;030;1979 Neustadt-Süd             ;Ubierring Hausnr. 42-50       ;in Fahrtrichtung Agrippinaufer     ;   ;
1980;2;030;030;1980 Porz                     ;Humboldstr. Don-Bosco-Schule  ;in Fahrtrichtung Bonner Straße     ;   ;
1981;2;030;030;1981 Mülheim                  ;Berg. Gladbacher Str.135-105  ;in Fahrtrichtung stadteinwärts     ;   ;
1982;2;030;030;1982 Mülheim                  ;Bergisch Gladbacher Str.77-83 ;in Fahrtrichtung stadtauswärts     ;   ;
1983;2;030;030;1983 Neustadt-Süd             ;Am Duffesbach Höhe Haus 15-43 ;in Fahrtrichtung Eifelplatz        ;   ;
1984;2;030;030;1984 Neustadt-Süd             ;Am Duffesbach Höhe Haus 43-15 ;in Fahrtrichtung Salierring        ;   ;
1985;0;050;050;1985 Rondorf                  ;Bödinger Straße Laterne 23-29 ;in Fahrtrichtung Kapellenstraße    ;   ;
1986;2;030;030;1986 Longerich                ;Longericher Hauptstr.104-108  ;in Fahrtrichtung Lindweiler Weg    ;   ;
1987;2;030;030;1987 Ossendorf                ;Frohnhofstr. Höhe Haus 58-68  ;in Fahrtrichtung Rochusstraße      ;   ;
1988;2;030;030;1988 Ossendorf                ;Frohnhofstr. Höhe Haus 68-58  ;in Fahrtrichtung Iltisstraße       ;   ;
1989;2;030;030;1989 Longerich                ;Longericher Hauptstr.108-104  ;in Fahrtrichtung Grethenstraße     ;   ;
1990;2;030;030;1990 Holweide                 ;Chemnitzer Str.Höhe Haus 38-54;in Fahrtr. Johann-Bensberg-Straße  ;   ;
1991;2;030;030;1991 Rath/Heumar              ;Forststraße Höhe Haus 26a     ;in Fahrtrichtung Eiler Straße      ;   ;
1992;2;030;030;1992 Lindenthal               ;Klosterstraße Höhe Haus 96-78 ;in Fahrtr. Friedrich-Schmidt Straße;   ;
1993;2;030;030;1993 Holweide                 ;Chemnitzer Str.Höhe Haus 54-38;in Fahrtrichtung Wichheimer Straße ;   ;
1994;2;030;030;1994 Lindenthal               ;Decksteiner Str.Höhe Haus 18-2;in Fahrtrichtung Bachemer Straße   ;   ;
1995;2;030;030;1995 Bickendorf               ;Sandweg Hausnr. 148-146       ;in Fahrtrichtung Mühlenweg         ;   ;
1996;0;050;050;1996 Kalk                     ;Dillenburger Straße 91-65     ;in Fahrtrichtung Rolshover Straße  ;   ;
1997;0;050;050;1997 Altstadt-Nord            ;Turiner Straße Höhe Lat.11-10 ;in Fahrtrichtung Dagobertstraße    ;   ;
1998;2;030;030;1998 Buchheim                 ;Wichheimer Str. Höhe Haus 232 ;in Fahrtrichtung Chemnitzer Straße ;   ;
1999;0;050;050;1999 Kalk                     ;Dillenburger Straße 65-91     ;in Fahrtrichtung Ostheimer Straße  ;   ;
2000;2;030;030;2000 Mülheim                  ;Berg.Gladbacher Str.Lat.9-13  ;in Fahrtrichtung Eulenbergstraße   ;   ;
2001;0;050;050;2001 Altstadt-Süd             ;Pipinstraße, Höhe Laterne 6-8 ;in Fahrtrichtung Deutzer Brücke    ;   ;
2002;2;030;030;2002 Buchheim                 ;Wichheimer Str. Höhe Haus 232 ;in Fahrtrichtung Herler Ring       ;   ;
2003;2;030;030;2003 Weiden                   ;Ignystraße Höhe Haus 44-46    ;in Fahrtrichtung Jungbluthgasse    ;   ;
2004;2;030;030;2004 Weiden                   ;Ignystraße Höhe Haus 46-44    ;in Fahrtrichtung Diepenbeekallee   ;   ;
2005;0;050;050;2005 Bilderstöckchen          ;Parkgürtel Höhe Laterne 56-60 ;in Fahrtrichtung Nippes            ;   ;
2006;2;030;030;2006 Meschenich               ;Engeldorfer Str. Höhe 55a-41  ;in Fahrtrichtung Klosterstraße     ;   ;
2007;0;050;050;2007 Zollstock                ;Vorgebirgstraße,Höhe Lat.80-82;in Fahrtrichtung Zollstockgürtel   ;   ;
2008;0;050;050;2008 Bilderstöckchen          ;Parkgürtel Höhe Laterne 57    ;in Fahrtrichtung Ehrenfeld         ;   ;
2009;0;050;050;2009 Porz                     ;Kaiserstraße Hausnr.51-39     ;in Fahrtrichtung Frankfurterstraße ;   ;
2010;0;050;050;2010 Porz                     ;Kaiserstraße Hausnr.39-53     ;in Fahrtrichtung Porz              ;   ;
2011;2;030;030;2011 Bilderstöckchen          ;Escher Straße Laterne 90-80   ;in Fahrtrichtung Parkgürtel        ;   ;
2012;2;030;030;2012 Marienburg               ;Goethestraße 38-28            ;in Fahrtrichtung Bayenthalgürtel   ;   ;
2013;0;050;050;2013 Sürth                    ;Am Feldrain ggü.Hagenbuttenweg;in Fahrtrichtung Remigiusstraße    ;   ;
2014;0;050;050;2014 Deutz                    ;Deutz-Kalker Str.Hausnr.23-25 ;in Fahrtrichtung Gießener Straße   ;   ;
2015;2;030;030;2015 Marienburg               ;Goethestraße 28-38            ;in Fahrtrichtung Marienburger Str. ;   ;
2016;2;030;030;2016 Neustadt/Süd             ;Sachsenring 10-28             ;in Fahrtrichtung Ulrepforte        ;   ;
2017;0;050;050;2017 Deutz                    ;Deutz-Kalker Str.Hausnr.25-23 ;in Fahrtrichtung Deutzer Ring      ;   ;
2018;0;050;050;2018 Bayenthal                ;Bonner Straße 224-310         ;in Fahrtrichtung stadtauswärts     ;   ;
2019;2;030;030;2019 Rodenkirchen             ;Sürther Str. Höhe Lat.41-LM24 ;in Fahrtrichtung An der Hellfuhr   ;   ;
2020;2;030;030;2020 Brück                    ;Olpener Straße Höhe Haus 946  ;in Fahrtrichtung stadteinwärts     ;   ;
2021;0;050;050;2021 Bayenthal                ;Bonner Straße 310-224         ;in Fahrtrichtung stadteinwärts     ;   ;
2022;2;030;030;2022 Neubrück                 ;Europaring Höhe Haus 68-72    ;in Fahrtr. Ludwig-Quidde-Platz     ;   ;
2023;2;030;030;2023 Vogelsang                ;Kolkrabenweg Laterne 18-16    ;in Fahrtrichtung Venloer Straße    ;   ;
2024;2;030;030;2024 Vogelsang                ;Kolkrabenweg Laterne 16-18    ;in Fahrtrichtung Steinkauzweg      ;   ;
2025;2;030;030;2025 Neubrück                 ;Europaring Höhe Haus 72-68    ;in Fahrtrichtung Kolwitzweg        ;   ;
2026;2;030;030;2026 Porz                     ;Humboldtstrasse Lat. 35-37    ;in Fahrtrichtung Bonnerstrasse     ;   ;
2027;2;030;030;2027 Neustadt/Nord            ;Hansaring Laterne 46-52       ;in Fahrtrichtung Ebertplatz        ;   ;
2028;2;030;030;2028 Vingst                   ;Kuthstraße Höhe Haus 109-89   ;in Fahrtrichtung Kampgasse         ;   ;
2029;0;050;050;2029 Bayenthal                ;Raderthalgürtel Laterne 21-19 ;in Fahrtrichtung Brühler Straße    ;   ;
2030;2;070;070;2030 Sürth                    ;Industriestr.Höhe U.Buschweg  ;in Fahrtrichtung Ober Buschweg     ;   ;
2031;2;030;030;2031 Vingst                   ;Kuthstraße Hausnr.80-92       ;in Fahrtr. Alter Deutzer Postweg   ;   ;
2032;0;050;050;2032 Neustadt/Nord            ;Christophstraße Höhe Haus 5-15;in Fahrtrichtung Gladbacher Straße ;   ;
2033;0;050;050;2033 Braunsfeld               ;Maarweg Höhe Haus 126-134     ;in Fahrtrichtung Widdersdorfer Str.;   ;
2034;2;030;030;2034 Rath/Heumar              ;Porzer Str. Hausnr.55         ;in Fahrtrichtung Rösrather Straße  ;   ;
2035;0;050;050;2035 Neustadt-Nord            ;Christophstraße Höhe Haus 15-5;in Fahrtrichtung Gereonstraße      ;   ;
2036;2;030;030;2036 Zündorf                  ;Loorweg Hausnr.140            ;in Fahrtrichtung Hauptstr.         ;   ;
2037;0;050;050;2037 Humboldt-Gremberg        ;Rolshover Straße Höhe Haus 216;in Fahrtrichtung Gremberger Straße ;   ;
2038;2;030;030;2038 Godorf                   ;Godorfer Hauptstr.Haus 80-120 ;in Fahrtrichtung Bunsenstraße      ;   ;
2039;2;030;030;2039 Zündorf                  ;Loorweg Hausnr.140            ;in Fahrtrichtung Lülsdorfer Str.   ;   ;
2040;0;050;050;2040 Ensen                    ;Kölner Str. Höhe Haus 185-189 ;in Fahrtrichtung Westhoven         ;   ;
2041;2;030;030;2041 Zündorf                  ;Hauptstrasse Hs.N.50-44       ;in Fahrtrichtung Langel            ;   ;
2042;0;030;030;2042 Neuehrenfeld             ;Ossendorfer Str.Lat.8-2       ;in Fahrtrichtung Baadenberger Str. ;   ;
2043;2;030;030;2043 Ossendorf                ;Butzweilerhofallee Lat.31-45  ;in Fahrtrichtung Butzweilerstraße  ;   ;
2044;2;030;030;2044 Ossendorf                ;Butzweilerhofallee Lat.45-31  ;in Fahrtrichtung Von-Hünefeld-Str. ;   ;
2045;0;030;030;2045 Neuehrenfeld             ;Ossendorfer Strasse Lat.2-8   ;in Fahrtrichtung Äussere Kanalstr. ;   ;
2046;0;030;030;2046 Holweide                 ;Drosselbartstraße 17          ;in Fahrtrichtung Andersenstraße    ;   ;
2047;0;050;050;2047 Niehl                    ;Friedrich-Karl-Straße 222-214 ;in Fahrtrichtung Niehler Straße    ;   ;
2048;0;050;050;2048 Neustadt-Süd             ;Dasselstraße Höhe Haus 47-1b  ;in Fahrtrichtung Zülpicher Straße  ;   ;
2049;2;030;030;2049 Altstadt/Nord            ;Benesisstraße 42-36           ;in Fahrtrichtung Hahnenstraße      ;   ;
2050;2;030;030;2050 Rodenkirchen             ;Römer Straße Hausnr.66-28     ;in Fahrtrichtung Theodor-Heuss Str.;   ;
2051;2;030;030;2051 Buchheim                 ;Johanniterstraße 32-24        ;in Fahrtrichtung Hochmeisterstrasse;   ;
2052;2;030;030;2052 Buchheim                 ;Johanniterstraße 24-32        ;in Fahrtrichtung Herler Str.       ;   ;
2053;2;030;030;2053 Rath-Heumar              ;Röttgensweg Hausnr.40-44      ;in Fahrtrichtung Rösrather Straße  ;   ;
2054;2;030;030;2054 Bickendorf               ;Akazienweg Höhe Haus 74-70    ;in Fahrtrichtung Venloer Straße    ;   ;
2055;0;050;050;2055 Mülheim                  ;Clevischer Ring, Laterne 44-50;in Fahrtrichtung Düsseldorfer Str. ;   ;
2056;2;030;030;2056 Neustadt/Süd             ;Lothringer Straße,Höhe Haus 77;in Fahrtrichtung Eifelstraße       ;   ;
2057;0;050;050;2057 Lindenthal               ;Dürener Str.Höhe Laterne 53   ;in Fahrtrichtung Stadteinwärts     ;   ;
2058;2;030;030;2058 Neustadt/Süd             ;Salierring Höhe Hausnr.45-21  ;in Fahrtrichtung Am Duffesbach     ;   ;
2059;2;030;030;2059 Bickendorf               ;Akazienweg Hausnr.70-74       ;in Fahrtrichtung Goldfasanenweg    ;   ;
2060;0;050;050;2060 Mülheim                  ;Deutz-Mülheimer Str.Hausnr.202;in Fahrtrichtung Deutz             ;   ;
2061;0;050;050;2061 Braunsfeld               ;Maarweg Höhe Hausnr.135-161   ;in Fahrtrichtung Stolberger Str.   ;   ;
2062;2;030;030;2062 Lindenthal               ;Bachemer Str.Höhe Haus 89-103 ;in Fahrtrichtung stadtauswärts     ;   ;
2063;0;050;050;2063 Mülheim                  ;Deutz-Mülheimer Straße 202    ;in Fahrtrichtung Auenweg           ;   ;
2064;0;050;050;2064 Neuehrenfeld             ;Liebigstr.ggüber Haus 201-203 ;in Fahrtrichtung Hornstraße        ;   ;
2065;2;030;030;2065 Lindenthal               ;Bachemer Str Hausnummer 103-89;in Fahrtrichtung Stadteinwärts     ;   ;
2066;0;050;050;2066 Sülz                     ;Kerpenerstr.Hausnummer 97-29a ;in Fahrtrichtung Universitätsstr.  ;   ;
2067;0;050;050;2067 Neuehrenfeld             ;Liebigstraße ggü.Haus 203-201 ;in Fahrtrichtung Subbelrather Str. ;   ;
2068;2;030;030;2068 Rath/Heumar              ;Lützeratherstraße Höhe 128-134;in Fahrtrichtung Rather Mauspfad   ;   ;
2069;0;050;050;2069 Sülz                     ;Kerpener Straße, Höhe 29a-97  ;in Fahrtrichtung Sülzgürtel        ;   ;
2070;2;030;030;2070 Westhoven                ;Andre-Citroen-Straße 24-20    ;in Fahrtrichtung Kölner Straße     ;   ;
2071;0;050;050;2071 Braunsfeld               ;Aachener Straße Hausnr.487-455;in Fahrtrichtung Stadteinwärts     ;   ;
2072;0;050;050;2072 Kalk                     ;Wipperfürther Str.Laterne29-27;in Fahrtrichtung Kalk-MülheimerStr.;   ;
2073;2;030;030;2073 Lindweiler               ;Marienberger Weg Höhe Haus 15 ;in Fahrtrichtung Pescher Weg       ;   ;
2074;2;030;030;2074 Lindweiler               ;Marienberger Weg Höhe Haus 15 ;in Fahrtrichtung Unnauer Weg       ;   ;
2075;0;050;050;2075 Kalk                     ;Wipperführter Str.Hausnr.38-48;in Fahrtrichtung Falckensteinstraße;   ;
2076;0;050;050;2076 Ossendorf                ;Rochusstr. Höhe Haus 361-343  ;in Fahrtrichtung Margaretastraße   ;   ;
2077;0;050;050;2077 Höhenhaus                ;Sigwinstraße, Höhe Haus 89-83 ;in Fahrtrichtung Honschaftstraße   ;   ;
2078;0;050;050;2078 Höhenhaus                ;Sigwinstraße, Höhe Haus 83-89 ;in Fahrtrichtung Thuleweg          ;   ;
2079;0;050;050;2079 Ossendorf                ;Rochusstr. Höhe Haus 343-361  ;in Fahrtrichtung Hugo Eckener Str. ;   ;
2080;2;030;030;2080 Rheinkassel              ;Alte Römerstr.Hausnr.151-125  ;in Fahrtrichtung Merkenich         ;   ;
2081;2;030;030;2081 Rodenkirchen             ;Ringstraße ggü.Hausnr.72-70   ;in Fahrtrichtung Brückenstraße     ;   ;
2082;2;030;030;2082 Rodenkirchen             ;Ringstraße ggü.Hausnr.70-72   ;in Fahrtrichtung Sürther Straße    ;   ;
2083;2;030;030;2083 Rheinkassel              ;Alte Römerstr. Haus 125-151   ;in Fahrtrichtung Langel            ;   ;
2084;0;050;050;2084 Altstadt/Süd             ;Pipinstraße ggü.Laterne 10-12 ;in Fahrtrichtung Deutzer Brücke    ;   ;
2085;2;030;030;2085 Ehrenfeld                ;Venloer Str.ggü.Hausnr.543-507;in Fahrtrichtung Leyendecker Str.  ;   ;
2086;2;030;030;2086 Ehrenfeld                ;Venloer Str:ggü.Hausnr.507-543;in Fahrtrichtung Äußere Kanalstr.  ;   ;
2087;0;050;050;2087 Buchforst                ;Bertoldistr.Höhe Laterne 10-12;in Fahrtrichtung Waldecker Straße  ;   ;
2088;2;030;030;2088 Weidenpesch              ;Theklastraße, Höhe Haus 8-20  ;in Fahrtrichtung Merheimer Straße  ;   ;
2089;0;050;050;2089 Lindenthal               ;Universitätsstraße Höhe 57-53 ;in Fahrtrichtung Zollstock         ;   ;
2090;0;050;050;2090 Sülz                     ;Universitätsstraße Höhe 20    ;in Fahrtrichtung Aachener Straße   ;   ;
2091;0;050;050;2091 Buchforst                ;Bertoldistraße Laterne 10-14  ;in Fahrtrichtung Kreisverkehr      ;   ;
2092;2;030;030;2092 Weidenpesch              ;Theklastraße, Höhe Haus 10    ;in Fahrtrichtung Neusser Straße    ;   ;
2093;0;050;050;2093 Zollstock                ;Vorgebirgstr.Höhe Haus 153-147;in Fahrtrichtung stadteinwärts     ;   ;
2094;0;050;050;2094 Bilderstöckchen          ;Parkgürtel Höhe Laterne Nr.50 ;in Fahrtrichtung Escher Straße     ;   ;
2095;0;050;050;2095 Neustadt-Nord            ;Konr.-Adenauer-Ufer Höhe 55-41;in Fahrtrichtung stadteinwärts     ;   ;
2096;0;050;050;2096 Altstadt/Süd             ;Pipinstraße, Höhe Laterne 4-14;in Fahrtrichtung Deutzer Brücke    ;   ;
2097;0;050;050;2097 Ehrenfeld                ;Äußere Kanalstr. Laterne 62-70;in Fahrtrichtung Iltisstraße       ;   ;
2098;0;050;050;2098 Ehrenfeld                ;Äußere Kanalstr. Laterne 70-62;in Fahrtrichtung Subbelrather Str. ;   ;
2099;2;030;030;2099 Zollstock                ;Höninger Platz,Höhe Haus 27-29;in Fahrtrichtung Markusstraße      ;   ;
2100;0;050;050;2100 Zollstock                ;Zollstockgürtel Höhe 33c-25   ;in Fahrtrichtung Höninger Weg      ;   ;
2101;2;030;030;2101 Niehl                    ;Niehler Damm Höhe Haus 41-71  ;in Fahrtrichtung Sebastianstraße   ;   ;
2102;2;030;030;2102 Niehl                    ;Niehler Damm Höhe Haus 71-41  ;in Fahrtrichtung Boltensternstraße ;   ;
2103;2;030;030;2103 Volkhoven/Weiler         ;Deliastraße Höhe Haus 13-5    ;in Fahrtrichtung Dresenhofweg      ;   ;
2104;2;030;030;2104 Volkhoven/Weiler         ;Deliastraße Höhe Haus 5-13    ;in Fahrtrichtung Merianstraße      ;   ;
2105;3;060;060;2105 Eil                      ;Grengeler Mauspf. L489 Km1.200;in Fahrtrichtung Grengel           ;   ;
2106;2;030;030;2106 Vogelsang                ;Vogelsanger Straße,ggü.433-437;in Fahrtrichtung Vogelsanger Markt ;   ;
2107;0;050;050;2107 Braunsfeld               ;Stolberger Str. Höhe Haus 2-96;in Fahrtrichtung Maarweg           ;   ;
2108;2;030;030;2108 Worringen                ;Neusser Landstr.379 - Lat.139 ;in Fahrtrichtung Fühlingen         ;   ;
2109;2;030;030;2109 Worringen                ;Lat.139 - Neusser Landstr.379 ;in Fahrtrichtung Dormagen          ;   ;
2110;2;030;030;2110 Worringen                ;Neusser Landstr.403 - Lat.157 ;in Fahrtrichtung Fühlingen         ;   ;
2111;2;030;030;2111 Worringen                ;Lat.157 - Neusser Landstr.403 ;in Fahrtrichtung Dormagen          ;   ;
2112;0;050;050;2112 Raderberg                ;Brühler Straße, Höhe 124-136  ;in Fahrtrichtung stadtauswärts     ;   ;
2113;3;050;050;2113 Westhoven                ;Kölner Straße, Autobahnbrücke ;in Fahrtrichtung Poll              ;   ;
2114;0;050;050;2114 Ossendorf                ;Mathias-Brüggen-Str. Lat.40-56;in Fahrtrichtung Hugo-Eckener Str. ;   ;
2115;0;050;050;2115 Mauenheim                ;Bergstraße, Höhe Haus 14a     ;in Fahrtrichtung Neusser Straße    ;   ;
2116;0;050;050;2116 Ostheim                  ;Frankfurter Str., Lat. 207-209;in Fahrtrichtung Höhenberg         ;   ;
2117;0;050;050;2117 Ossendorf                ;Mathias-Brüggen-Str. Lat.56-40;in Fahrtrichtung Von-Hünefeld-Str. ;   ;
2118;2;030;030;2118 Roggendorf/Thenhoven     ;Sinnersdorfer Str.Höhe 182-188;in Fahrtrichtung Baptiststraße     ;   ;
2119;2;050;050;2119 Deutz                    ;Deutzer Ring, Höhe Laterne 8-9;in Fahrtrichtung Kalk              ;   ;
2120;2;030;030;2120 Ostheim                  ;Rösrather Straße,Höhe Haus 129;in Fahrtrichtung stadtauswärts     ;   ;
2121;2;030;030;2121 Roggendorf/Thenhoven     ;Sinnersdorfer Str.Höhe 188-182;in Fahrtrichtung Further Straße    ;   ;
2122;0;050;050;2122 Marienburg               ;Oberländer Ufer, Laterne 6A-6B;in Fahrtrichtung Rodenkirchen      ;   ;
2123;0;050;050;2123 Braunsfeld               ;Stolberger Str. Höhe Haus 96-2;in Fahrtrichtung Oskar-Jäger Straße;   ;
2124;2;030;030;2124 Neustadt/Süd             ;Beethovenstr. Höhe Laterne 1-5;in Fahrtrichtung Roonstraße        ;   ;
2125;0;050;050;2125 Marienburg               ;Oberländer Ufer, Laterne 6b-6a;in Fahrtrichtung Südbrücke         ;   ;
2126;2;030;030;2126 Neustadt/Süd             ;Hohenstaufenring Haus 64-78   ;in Fahrtrichtung Rudolfplatz       ;   ;
2127;2;030;030;2127 Ostheim                  ;Rösrather Straße,Höhe Haus 129;in Fahrtrichtung Servatiusstraße   ;   ;
2128;2;030;030;2128 Holweide                 ;Berg.-Gladbacher Str.702-748  ;in Fahrtrichtung stadtauswärts     ;   ;
2129;2;030;030;2129 Heimersdorf              ;Volkhovener Weg Haus 90-120   ;in Fahrtrichtung Stallagsweg       ;   ;
2130;2;030;030;2130 Heimersdorf              ;Volkhovener Weg Haus 120-90   ;in Fahrtrichtung Militärringstraße ;   ;
2131;0;050;050;2131 Wahnheide                ;Heidestraße Haus 224-240      ;in Fahrtrichtung Linder Mauspfad   ;   ;
2132;0;050;050;2132 Wahnheide                ;Heidestraße Haus 243-237      ;in Fahrtrichtung Magazinstraße     ;   ;
2133;0;050;050;2133 Wahnheide                ;Heidestraße Haus 208-198      ;in Fahrtrichtung Linder Mauspfad   ;   ;
2134;0;050;050;2134 Wahnheide                ;Heidestraße Haus 198-216      ;in Fahrtrichtung Wahn              ;   ;
2135;2;030;030;2135 Ostheim                  ;Rösrather Str.Höhe Haus 129   ;in Fahrtrichtung Servatiusstraße   ;   ;
2136;2;030;030;2136 Buchheim                 ;Berg.-Gladb. Str.Strommast 38 ;in Fahrtrichtung Holweide          ;   ;
2137;0;050;050;2137 Ossendorf                ;Margaretastraße ggü.Haus 39-5 ;in Fahrtr. Henriette-Ackermannstr. ;   ;
2138;2;030;030;2138 Dellbrück                ;Heidestraße Haus Nr. 66-8     ;in Fahrtr. Bergisch-Gladbacher Str.;   ;
2139;0;050;050;2139 Altstadt/Süd             ;Am Leystapel, Höhe Laterne 3-2;in Fahrtrichtung Severinsbrücke    ;   ;
2140;0;050;050;2140 Neustadt/Süd             ;Rothgerberbach, Höhe Haus 2   ;in Fahrtrichtung Barbarossaplatz   ;   ;
2141;0;050;050;2141 Poll                     ;Siegburger Str. Höhe Haus 242 ;in Fahrtrichtung stadteinwärts     ;   ;
2142;0;050;050;2142 Poll                     ;Siegburger Str. Haus Nr. 242  ;in Fahrtrichtung Stadtauswärts     ;   ;
2143;2;030;030;2143 Brück                    ;Olpener Strasse Höhe Haus 830 ;in Fahrtrichtung Mehrheim          ;   ;
2144;2;030;030;2144 Ehrenfeld                ;Melatengürtel Höhe 104-112    ;in Fahrtrichtung Ehrenfeldgürtel   ;   ;
2145;2;030;030;2145 Lindenthal               ;Wüllnerstr. Höhe Laterne 8-12 ;in Fahrtrichtung Klosterstraße     ;   ;
2146;0;050;050;2146 Ostheim                  ;Ostheimer Str. Haus Nr.180    ;in Fahrtrichtung Vingst            ;   ;
2147;0;050;050;2147 Ostheim                  ;Ostheimer Straße,Höhe Haus 180;in Fahrtrichtung Frankfurter Straße;   ;
2148;2;030;030;2148 Dellbrück                ;Dellbrücker Hauptstr. Haus 12 ;in Fahrtrichtung Thurner Straße    ;   ;
2149;0;050;050;2149 Deutz                    ;Siegburger Straße ggü.147-161 ;in Fahrtrichtung Im Hasental       ;   ;
2150;0;050;050;2150 Deutz                    ;Siegburger Straße 161-147     ;in Fahrtrichtung Severinsbrücke    ;   ;
2151;2;030;030;2151 Roggendorf/Thenhoven     ;Bruchstraße Höhe Haus 76-98   ;in Fahrtrichtung Baptiststraße     ;   ;
2152;2;030;030;2152 Vogelsang                ;Vogelsanger Str. ggü.Lat.99-95;in Fahrtrichtung Gelbspötterweg    ;   ;
2153;0;050;050;2153 Altstadt/Nord            ;Victoriastr. Höhe Haus 17-21  ;in Fahrtrichtung Eintrachtstraße   ;   ;
2154;2;030;030;2154 Widdersdorf              ;Hauptstraße Höhe Haus 96      ;in Fahrtrichtung Zum Dammfelde     ;   ;
2155;0;050;050;2155 Deutz                    ;Mindener Straße Haus Nr.4     ;in Fahrtrichtung Deutzer Bahnhof   ;   ;
2156;0;050;050;2156 Deutz                    ;Mindener Straße Haus Nr.4     ;in Fahrtrichtung Siegburger Straße ;   ;
2157;7;030;030;2157 Weidenpesch              ;Etzelstraße, Laterne 150-106  ;in Fahrtrichtung Schmiedegasse     ;   ;
2158;3;050;050;2158 Lindenthal               ;Militärring v.Bachemer Landstr;in Fahrtrichtung Gleueler Straße   ;   ;
2159;2;030;030;2159 Widdersdorf              ;Hauptstraße Höhe Haus 96      ;in Fahrtrichtung Unter Linden      ;   ;
2160;0;050;050;2160 Lindenthal               ;Gleueler Str. Haus 301-339    ;in Fahrtrichtung stadtauswärts     ;   ;
2161;2;030;030;2161 Deutz                    ;Poller Kirchweg Höhe Lat.14-8 ;in Fahrtrichtung Siegburger Straße ;   ;
2162;2;030;030;2162 Deutz                    ;Poller Kirchweg Höhe Lat.8-14 ;in Fahrtrichtung Am Schnellert     ;   ;
2163;3;050;050;2163 Lindenthal               ;Militärring v.Bachemer Landstr;in Fahrtrichtung Dürener Straße    ;   ;
2164;0;050;050;2164 Deutz                    ;Gummersbacher Str. Höhe Haus 2;in Fahrtrichtung Kalk              ;   ;
2165;0;050;050;2165 Lindenthal               ;Gleueler Str. Haus 339-301    ;in Fahrtrichtung stadteinwärts     ;   ;
2166;0;050;050;2166 Niehl                    ;Friedr.-Karl-Str.Höhe Lat.130 ;in Fahrtrichtung Amsterdamer Str.  ;   ;
2167;0;050;050;2167 Deutz                    ;Opladener Str. Höhe Laterne 17;in Fahrtrichtung Deutzer Bahnhof   ;   ;
2168;0;050;050;2168 Bayenthal                ;Gustav-Heinemann-Ufer 72-88a  ;in Fahrtrichtung Tacitusstraße     ;   ;
2169;0;050;050;2169 Neustadt/Nord            ;K.Adenauer-Ufer unter Zoobrü. ;in Fahrtrichtung stadteinwärts     ;   ;
2170;2;030;030;2170 Ehrenfeld                ;Helmholtzstr. Höhe Haus 70-72 ;in Fahrtrichtung Äußere Kanalstraße;   ;
2171;0;050;050;2171 Niehl                    ;Friedrich-Karl Straße, Lat.130;in Fahrtrichtung Boltensternstraße ;   ;
2172;2;030;030;2172 Neustadt/Nord            ;Hansaring 98a bis Ebertplatz 2;in Fahrtrichtung Ebertplatz        ;   ;
2173;2;030;030;2173 Junkersdorf              ;Vogelsanger Weg Höhe Haus 8-16;in Fahrtrichtung Blumenallee       ;   ;
2174;2;030;030;2174 Junkersdorf              ;Vogelsanger Weg Höhe Haus 16-8;in Fahrtrichtung Am Weidenpesch    ;   ;
2175;2;030;030;2175 Bickendorf               ;Venloer Str. 20mtr.vor Lat.238;in Fahrtr. Mathias-Brüggen-Straße  ;   ;
2176;2;030;030;2176 Vingst                   ;Kampgasse, Höhe Kita          ;in Fahrtrichtung Waldstraße        ;   ;
2177;0;030;030;2177 Klettenberg              ;Luxemburger Str. Höhe 447-429 ;in Fahrtrichtung stadteinwärts     ;   ;
2178;2;030;030;2178 Lindweiler               ;Unnauer Weg,Höhe Laterne 80-82;in Fahrtrichtung Lindweilerweg     ;   ;
2179;0;050;050;2179 Neustadt/Nord            ;Riehler Str.ggüber Haus Nr.49 ;in Fahrtr. Elsa-Brändström-Straße  ;   ;
2180;0;050;050;2180 Rodenkirchen             ;Weißer Str.Höhe Haus 36 -40   ;in Fahrtrichtung Siegfriedstraße   ;   ;
2181;2;030;030;2181 Mülheim                  ;Deutz-Mülheimer Straße 180-186;in Fahrtrichtung Auenweg           ;   ;
2182;2;030;030;2182 Braunsfeld               ;Stolberger Str. Höhe 114a-108 ;in Fahrtrichtung Maarweg           ;   ;
2183;2;030;030;2183 Braunsfeld               ;Eupener Straße Haus Nr.92-60  ;in Fahrtrichtung Aachener Straße   ;   ;
2184;0;050;050;2184 Zündorf                  ;Hauptstraße, Höhe Haus 261-265;in Fahrtrichtung Porz              ;   ;
2185;0;050;050;2185 Rodenkirchen             ;Friedrich-Ebert-Str.Höhe 35-47;in FR. Zum Forstbotanischen Garten ;   ;
2186;0;050;050;2186 Rodenkirchen             ;Friedrich-Ebert-Str.Höhe 47-35;in Fahrtr. Konrad-Adenauer-Straße  ;   ;
2187;2;030;030;2187 Raderberg                ;Raderberger Str.Haus 146-160c ;in Fahrtr. Gerhard-vom-Rath-Str.   ;   ;
2188;0;050;050;2188 Altstadt/Süd             ;Perlengraben Laterne 17-9     ;in Fahrtrichtung Deutz             ;   ;
2189;2;030;030;2189 Rodenkirchen             ;Ringstraße Höhe Haus 70-72    ;in Fahrtrichtung Sürther Straße    ;   ;
2190;2;030;030;2190 Rodenkirchen             ;Ringstraße, Höhe Haus 72-70   ;in Fahrtrichtung Brückenstraße     ;   ;
2191;0;050;050;2191 Rodenkirchen             ;Konrad-Adenauer-Str. Höhe 9-3 ;in Fahrtrichtung Frankstraße       ;   ;
2192;0;050;050;2192 Rodenkirchen             ;Konrad-Adenauer-Str. Höhe 3-9 ;in Fahrtr. Friedrich-Ebert-Straße  ;   ;
2193;2;030;030;2193 Neustadt/Nord            ;Hohenzollernring, Laterne 8-10;in Fahrtrichtung Friesenplatz      ;   ;
2194;0;050;050;2194 Riehl                    ;Boltensterstr. Laterne 52-55  ;in Fahrtr. Friedrich-Karl-Straße   ;   ;
2195;2;030;030;2195 Niehl                    ;Niehler Damm,Haus 219-205     ;in Fahrtrichtung Boltensternstraße ;   ;
2196;2;030;030;2196 Niehl                    ;Niehler Damm Höhe Haus 205-219;in Fahrtrichtung Sebastianstraße   ;   ;
2197;0;050;050;2197 Ossendorf                ;Margaretastr. Höhe Haus 6-44  ;in Fahrtrichtung Frohnhofstr.      ;   ;
2198;0;050;050;2198 Weiden                   ;Aachener Straße Höhe 1356-1372;in Fahrtrichtung stadtauswärts     ;   ;
2199;0;050;050;2199 Niehl                    ;Boltensternstraße Laterne 56  ;in Fahrtrichtung Barbarastraße     ;   ;
2200;2;030;030;2200 Rath-Heumar              ;In der Konde Nr.34b-18        ;in Fahrtrichtung Porzer Straße     ;   ;
2201;2;030;030;2201 Merheim                  ;Ostmerheimer Str. ggü. 399-423;in Fahrtrichtung Kratzweg          ;   ;
2202;0;050;050;2202 Altstadt/Nord            ;Turiner Str. Höhe Laterne 5-11;in Fahrtrichtung Ebertplatz        ;   ;
2203;2;030;030;2203 Merheim                  ;Kratzweg ggü. Haus Nr. 106-76 ;in Fahrtrichtung Kieskaulerweg     ;   ;
2204;2;030;030;2204 Merheim                  ;Kratzweg ggü. Haus Nr. 76-106 ;in Fahrtr. Ostmerheimer Straße     ;   ;
2205;0;050;050;2205 Riehl                    ;Niederländer Ufer Lat. 20-18  ;in Fahrtrichtung Stadteinwärts     ;   ;
2206;2;030;030;2206 Sürth                    ;Sürther Hauptstraße Nr.53-57  ;in Fahrtrichtung stadteinwärts     ;   ;
2207;2;030;030;2207 Niehl                    ;Sebastianstraße Hausnr.203-217;in Fahrtrichtung Niehler Damm      ;   ;
2208;2;030;030;2208 Niehl                    ;Sebastianstraße, Höhe 207-187 ;in Fahrtrichtung Niehler Straße    ;   ;
2209;2;030;030;2209 Sürth                    ;H.-Erpenbach-Str.i.H.Haus 34  ;in Fahrtrichtung Kölnstraße        ;   ;
2210;2;030;030;2210 Worringen                ;Bitterstr. Höhe Haus Nr. 25-19;in Fahrtrichtung Hackhauser Weg    ;   ;
2211;2;030;030;2211 Merheim                  ;Auf dem Eichenbrett Lat.7-11  ;in Fahrtrichtung Ostmerheimer Str. ;   ;
2212;2;030;030;2212 Zollstock                ;Höninger Weg Höhe 183-175     ;in Fahrtrichtung Theophano Straße  ;   ;
2213;0;050;050;2213 Niehl                    ;Boltenstern Str. ggü. 341-339 ;in Fahrtr. Friedrich-Karl-Straße   ;   ;
2214;0;050;050;2214 Niehl                    ;Boltenstern Str. ggü. 339-341 ;in Fahrtrichtung Amsterdamer Straße;   ;
2215;2;030;030;2215 Humboldt-Gremberg        ;Am Grauen Stein Nr.14-6       ;in Fahrtrichtung Gremberger Straße ;   ;
2216;2;030;030;2216 Worringen                ;Üdesheimer Weg Haus 19-37     ;in Fahrtrichtung Hackhauser Weg    ;   ;
2217;0;050;050;2217 Zollstock                ;Am Vorgebirgstor Höhe 37-19a  ;in Fahrtrichtung Vorgebirg Straße  ;   ;
2218;2;030;030;2218 Altstadt/Süd             ;Richard-Wagner-Str. Lat.47-39 ;in Fahrtrichtung Moltkestraße      ;   ;
2219;2;030;030;2219 Poll                     ;Poller Kirchweg,ggü. Lat.27-31;in Fahrtrichtung Müllergasse       ;   ;
2220;0;050;050;2220 Innenstadt               ;Ulrichgasse Laterne 7-8       ;in Fahrtrichtung Tel-Aviv-Straße   ;   ;
2221;2;030;030;2221 Worringen                ;Üdesheimer Weg Hausnr.37-19   ;in Fahrtrichtumg Krebelspfad       ;   ;
2222;2;030;030;2222 Weiß                     ;Heinrichstr. Haus Nr.15-5 (7a);in Fahrtrichtung WeißerStraße      ;   ;
2223;0;050;050;2223 Riehl                    ;Boltensternstr. Nr.95-25      ;in Fahrtrichtung Niederländer Ufer ;   ;
2224;2;030;030;2224 Kalk                     ;Kapellenstr. Höhe Haus 54-28  ;in Fahrtrichtung Kalker Hauptstraße;   ;
2225;2;030;030;2225 Sülz                     ;Berrenrather Str.Höhe Haus 352;in Fahrtrichtung stadteinwärts     ;   ;
2226;2;030;030;2226 Braunsfeld               ;Friedrich-Schmidt Str Nr 34-40;in Fahrtrichtung Kitschburger Str. ;   ;
2227;0;050;050;2227 Lindenthal               ;Aachener Str.Höhe Haus 261-217;in Fahrtrichtung stadteinwärts     ;   ;
2228;2;030;030;2228 Worringen                ;Hackenbroicher Straße 167-103 ;in Fahrtrichtung Bitterstraße      ;   ;
2229;3;080;080;2229 Grengel                  ;Alte Kölner Str. L84 km2,0-2,2;in Fahrtrichtung Grengeler Mauspfad;   ;
2230;3;050;050;2230 Libur                    ;Lib.Landstr.zw.Urbanusstr/Wall;in Fahrtrichtung Am Liburer Wall   ;   ;
2231;2;030;030;2231 Braunsfeld               ;Friedrich-Schmidt Str Nr 40-34;in Fahrtrichtung Hültzstraße       ;   ;
2232;0;050;050;2232 Riehl                    ;Boltensternstr.Haus Nr.127-115;in Fahrtrichtung An der Schanz     ;   ;
2233;2;030;030;2233 Worringen                ;Hackenbroicher Str.Höhe 77-167;in Fahrtrichtung Alte Straße       ;   ;
2234;2;030;030;2234 Neustadt/Nord            ;Krefelder Str. Höhe Haus 16-74;in Fahrtrichtung Innere Kanalstraße;   ;
2235;2;050;050;2235 Neuehrenfeld             ;Parkgürtel Lat.32-42          ;in Fahrtrichtung Escher Straße     ;   ;
2236;0;050;050;2236 Bilderstöckchen          ;Äußere Kanalstr. Lat.142-150  ;in Fahrtrichtung Escher Straße     ;   ;
2237;0;050;050;2237 Zündorf                  ;Loorweg Nr.178-190            ;in Fahrtrichtung Hauptstraße       ;   ;
2238;0;050;050;2238 Zündorf                  ;Loorweg Nr.190-170            ;in Fahrtrichtung Lülsdorfer Straße ;   ;
2239;2;030;030;2239 Neustadt/Nord            ;Krefelder Str. Höhe Haus 74-16;in Fahrtrichtung Hansaring         ;   ;
2240;0;050;050;2240 Neustadt/Nord            ;Konrad-Adenauer-Ufer 41-55    ;in Fahrtrichtung stadtauswärts     ;   ;
2241;2;030;030;2241 Bickendorf               ;Mathias-Brüggen-Str.ggü.Lat37 ;in Fahrtrichtung Mühlenweg         ;   ;
2242;2;030;030;2242 Immendorf                ;Giesdorfer Allee Hausnr.12-26 ;in Fahrtrichtung Vor dem Dorf      ;   ;
2243;0;030;030;2243 Niehl                    ;Niehler Kirchweg Lat.38-36    ;in Fahrtrichrung Friedrich Karlstr.;   ;
2244;2;030;030;2244 Weiden                   ;Ignystraße, Höhe Haus Nr.44-36;in Fahrtrichtung Diepenbeekallee   ;   ;
2245;0;050;050;2245 Klettenberg              ;Luxemburger Str. Hö. Lat.45   ;in Fahrtrichtung Stadteinwärts     ;   ;
2246;0;050;050;2246 Vingst                   ;Ostheimer Str. Höhe Haus 30-48;in Fahrtrichtung Burgstraße        ;   ;
2247;2;030;030;2247 Neustadt/Nord            ;Maybachstraße, Höhe Haus 8-12 ;in Fahrtrichtung Am Kümpchenshof   ;   ;
2248;2;030;030;2248 Neustadt/Nord            ;Maybachstraße, Höhe Haus 12-8 ;in Fahrtrichtung Erftstraße        ;   ;
2249;2;030;030;2249 Nippes                   ;Neusser Straße, Höhe 420-400  ;in Fahrtrichtung stadteinwärts     ;   ;
2250;2;030;030;2250 Nippes                   ;Neusser Straße, Höhe 400-420  ;in Fahrtrichtung stadtauswärts     ;   ;
2251;0;050;050;2251 Vingst                   ;Ostheimer Str. Höhe Haus 48-30;in Fahrtrichtung Homarstraße       ;   ;
2252;0;050;050;2252 Neustadt/Nord            ;Bismarckstraße,Höhe Haus 10-20;in Fahrtrichtung Venloer Straße    ;   ;
2253;2;030;030;2253 Dünnwald                 ;Berliner Str.Hausnr.955-847   ;in Fahrtrichtung Leuchterstraße    ;   ;
2254;2;030;030;2254 Immendorf                ;Giesdorfer Allee Lat.12-Hnr15a;in Fahrtrichtung Godorfer Straße   ;   ;
2255;0;050;050;2255 Wahnheide                ;Heidestraße Höhe Haus 187-197 ;in Fahrtrichtung Linder Mauspfad   ;   ;
2256;0;050;050;2256 Wahnheide                ;Heidestraße Höhe Haus 197-187 ;in Fahrtrichtung Wahn              ;   ;
2257;0;050;050;2257 Neustadt/Nord            ;Bismarkstraße, Höhe Haus 15-5 ;in Fahrtr. Kaiser-Wilhelm-Ring     ;   ;
2258;0;050;050;2258 Lindenthal               ;Aachener Straße, Höhe Haus 188;in Fahrtrichtung Piusstraße        ;   ;
2259;0;030;030;2259 Bilderstöckchen          ;Escher Straße,Haus Nr.304-282 ;in fahrtrichtung SchiefersburgerWeg;   ;
2260;2;030;030;2260 Holweide                 ;Kochwiesenstr.Höhe Haus 6-32  ;in Fahrtrichtung Burgwiesenstasse  ;   ;
2261;0;050;050;2261 Lindenthal               ;Gleueler Straße Lat.46-38     ;in Fahrtrichtung stadteinwärts     ;   ;
2262;0;050;050;2262 Deutz                    ;Siegburger Straße, Höhe 57-103;in Fahrtrichtung Poll              ;   ;
2263;0;050;050;2263 Neustadt/Nord            ;K.-Aden.-Ufer Höhe Servasgasse;in Fahrtrichtung Goldgasse         ;   ;
2264;2;030;030;2264 Vingst                   ;Lustheider Str. Höhe Lat.32-36;in Fahrtrichtung Vingster Ring     ;   ;
2265;2;030;030;2265 Bilderstöckchen          ;Escher Str. Höhe Haus 282-304 ;in Fahrtrichtung Am Bilderstöckchen;   ;
2266;0;050;050;2266 Zündorf                  ;Ranzeler Str. Höhe Haus 9-13  ;in Fahrtrichtung Ranzel            ;   ;
2267;0;050;050;2267 Deutz                    ;Siegburger Straße, Höhe 85-57 ;in Fahrtrichtung Mindener Straße   ;   ;
2268;0;050;050;2268 Ensen                    ;Kölner Str. Höhe Haus 110-122 ;in Fahrtrichtung Westhoven         ;   ;
2269;0;050;050;2269 Raderberg                ;Raderthalgürtel Lat.36-48     ;in Fahrtrichtung Vorgerbirg Str.   ;   ;
2270;2;030;030;2270 Neustadt/Süd             ;Salierring, Höhe Haus 26-38   ;in Fahrtrichtung Barbarossaplatz   ;   ;
2271;0;050;050;2271 Altstadt/Süd             ;Severinsbrücke Lat.4-8        ;in Fahrtrichtung stadtauswärts     ;   ;
2272;2;030;030;2272 Altstadt/Süd             ;Neumarkt Höhe Haus Nr.18-24   ;in Fahrtrichtung Hahnenstasse      ;   ;
2273;0;050;050;2273 Ensen                    ;Kölner Str. Höhe Haus 122-110 ;in Fahrtrichtung Porz              ;   ;
2274;0;050;050;2274 Buchforst                ;Bertoldistraße, Höhe Lat.14-10;in Fahrtrichtung Heidelberger Str. ;   ;
2275;2;030;030;2275 Sürth                    ;Kölnstraße, Höhe Haus Nr.53-19;in Fahrtrichtung Sürther Hauptstr. ;   ;
2276;2;030;030;2276 Sürth                    ;Kölnstraße, Höhe Haus Nr.19-53;in Fahrtrichtung Am Feldrain       ;   ;
2277;0;050;050;2277 Bilderstöckchen          ;Äußere Kanalstr. Lat. 148-143 ;in Fahrtrichtung Butzweilerstraße  ;   ;
2278;2;030;030;2278 Raderberg                ;Marktstraße Hsnr.53-57        ;in Fahrtrichtung Vorgebirgstraße   ;   ;
2279;2;030;030;2279 Worringen                ;Hackhauser Weg Höhe Haus 82-74;in Fahrtrichtung Üdesheimer Weg    ;   ;
2280;2;030;030;2280 Worringen                ;Hackhauser Weg Höhe Haus 74-82;in Fahrtrichtung Alte Straße       ;   ;
2281;0;050;050;2281 Höhenberg                ;Fuldaer Straße,Höhe Haus 60-76;in Fahrtrichtung Frankfurter Straße;   ;
2282;2;030;030;2282 Merkenich                ;Cohnenhofstr. Höhe Haus 105-95;in Fahrtrichtung Am Feldschlößchen ;   ;
2283;2;030;030;2283 Fühlingen                ;Arenzhofstraße Nr.8-44        ;in Fahrtrichtung Kriegerhofstraße  ;   ;
2284;2;030;030;2284 Fühlingen                ;Kriegerhofstraße Nr.25-5      ;in Fahrtrichtung Arenzhofstraße    ;   ;
2285;0;050;050;2285 Nippes                   ;Neusser Straße Höhe Lat.24-25 ;in Fahrtrichtung Kempener Straße   ;   ;
2286;2;030;030;2286 Westhoven                ;Oberstraße, Höhe Haus 77-87   ;in Fahrtrichtung Andre-Citroen-Str.;   ;
2287;3;030;030;2287 Merkenich                ;Cohnenhofstr. Höhe Haus 95-105;in Fahrtrichtung Mennweg           ;   ;
2288;2;030;030;2288 Nippes                   ;Neusser Str. Höhe Haus 327-377;in Fahrtrichtung Niehler Kirchweg  ;   ;
2289;0;050;050;2289 Ensen                    ;Kölner Straße Lat.89-85       ;in Fahrtrichtung Porz              ;   ;
2290;2;030;030;2290 Braunsfeld               ;Stolberger Str., Höhe 110-114a;in Fahrtrichtung Eupener Straße    ;   ;
2291;2;030;030;2291 Westhoven                ;Oberstraße, Höhe Haus 87-77   ;in Fahrtrichtung Berliner Straße   ;   ;
2292;0;050;050;2292 Niehl                    ;Amsterdamer Str. Höhe Haus 192;in Fahrtrichtung Stadtauswärts     ;   ;
2293;2;030;030;2293 Nippes                   ;Neusser Str. Höhe Haus 377-327;in Fahrtrichtung Schillstraße      ;   ;
2294;0;050;050;2294 Neustadt/Süd             ;Moselstraße, Höhe Haus 40-78  ;in Fahrtrichtung Zülpicher Straße  ;   ;
2295;0;050;050;2295 Ehrenfeld                ;Parkgürtel, Höhe Haus 31-13   ;in Fahrtrichtung Nußbaumerstraße   ;   ;
2296;0;050;050;2296 Riehl                    ;Amsterdamer Straße, Lat.49-39 ;in Fahrtrichtung Riehler Straße    ;   ;
2297;0;050;050;2297 Mülheim                  ;Frankfurter Str.Höhe 69-39    ;in Fahrtrichtung Wiener Platz      ;   ;
2298;0;050;050;2298 Mülheim                  ;Frankfurter Str. Höhe 34-62   ;in Fahrtrichtung Montanusstraße    ;   ;
2299;0;050;050;2299 Neustadt/Süd             ;Moselstraße, Höhe Haus 78-40  ;in Fahrtrichtung Luxemburger Straße;   ;
2300;2;030;030;2300 Roggendorf/Thenhoven     ;Bruchstraße, Höhe Haus 98-76  ;in Fahrtrichtung Sankt-Tönnis-Str. ;   ;
2301;2;030;030;2301 Zollstock                ;Kalscheurer Weg,Lat.17-41     ;in Fahrtrichtung Oberer Komarweg   ;   ;
2302;2;030;030;2302 Bickendorf               ;Vitalisstraße,ggüb Lat.62-46  ;in Fahrtrichtung Vogelsanger Straße;   ;
2303;0;050;050;2303 Altstadt/Süd             ;Cäcilienstraße, Höhe Lat.19-17;in Fahrtrichtung Heumarkt          ;   ;
2304;0;050;050;2304 Sürth                    ;Wesselinger Str. Höhe Haus 45 ;in Fahrtrichtung An den Weiden     ;   ;
2305;2;030;030;2305 Lövenich                 ;Brauweilerstraße, ggü. 122-98 ;in Fahrtrichtung stadteinwärts     ;   ;
2306;2;030;030;2306 Lövenich                 ;Brauweilerstraße, Höhe 98-122 ;in Fahrtrichtung stadtauswärts     ;   ;
2307;2;030;030;2307 Bickendorf               ;Vitalisstraße,ggüb Lat.46-62  ;in Fahrtrichtung Girlitzweg        ;   ;
2308;0;050;050;2308 Ossendorf                ;Mathias-Brüggen-Str.Nr.68-76  ;in Fahrtrichtung Hugo-Eckener-Str. ;   ;
2309;0;050;050;2309 Vogelsang                ;Venloer Straße, Höhe Haus 1061;in Fahrtrichtung Militärringstraße ;   ;
2310;0;050;050;2310 Vogelsang                ;Venloer Straße, Höhe Haus 1061;in Fahrtr. Mathias-Brüggen-Straße  ;   ;
2311;3;060;060;2311 Riehl                    ;Innere Kanal Str. Höhe Lat.53 ;in Fahrtrichtung stadteinwärts     ;   ;
2312;2;030;030;2312 Höhenberg                ;Germaniastrasse Haus 74-96    ;in Fahrtrichtung Buchheim          ;   ;
2313;0;050;050;2313 Bilderstöckchen          ;Robert-Perthel-Str. Lat.1a-37 ;in Fahrtrichtung Longericher Straße;   ;
2314;0;050;050;2314 Bilderstöckchen          ;Robert-Perthel-Str. Lat.37-1a ;in Fahrtrichtung Escher Straße     ;   ;
2315;2;030;030;2315 Niehl                    ;Nesselrodestraße, Höhe Haus 22;in Fahrtrichtung Niehler Straße    ;   ;
2316;2;030;030;2316 Niehl                    ;Nesselrodestraße, Höhe Haus 22;in Fahrtrichtung Amsterdamer Straße;   ;
2317;2;030;030;2317 Dellbrück                ;Gierather Straße, Höhe 104-96 ;in Fahrtrichtung stadteinwärts     ;   ;
2318;2;030;030;2318 Marienburg               ;Mehlemer Straße, Höhe 27-25   ;in Fahrtrichtung Pferdmengesstraße ;   ;
2319;2;030;030;2319 Holweide                 ;Buschfeldstraße, H.Nr.46a-28  ;in Fahrtrichtung Querstaße         ;   ;
2320;2;030;030;2320 Raderberg                ;Marktstraße Haus nr. 57-53    ;in Fahrtrichtung Raderberger Straße;   ;
2321;2;030;030;2321 Worringen                ;Grimlinghauser Weg Höhe 37-95 ;in Fahrtrichtung Dornstrasse       ;   ;
2322;2;030;030;2322 Worringen                ;Grimlinghauser Weg Höhe 95-37 ;in Fahrtrichtung Hackhauser Weg    ;   ;
2323;2;030;030;2323 Marienburg               ;Mehlemer Straße, Höhe 25-27   ;in Fahrtrichtung Goethestraße      ;   ;
2324;2;030;030;2324 Junkersdorf              ;Kirchweg, Höhe Haus 50-56     ;in Fahrtrichtung Aachener Straße   ;   ;
2325;2;050;050;2325 Pesch                    ;Am Baggerfeld Haus Nr.1       ;in Fahrtrichtung stadtauswärts     ;   ;
2326;0;050;050;2326 Dellbrück                ;Bensber.Marktweg Hs.328-Lat.46;in Fahrtrichtung Iddelsfelder Hardt;   ;
2327;2;030;030;2327 Merkenich                ;Cohnenhofstraße Haus 22-24    ;in Fahrtrichtung Mohlenweg         ;   ;
2328;2;030;030;2328 Merkenich                ;Cohnenhofstraße Haus 24-22    ;in Fahrtrichtung Kuhlenweg         ;   ;
2329;2;030;030;2329 Raderthal                ;Markusstraße Höhe Laterne 13  ;in Fahrtrichtung Höninger Platz    ;   ;
2330;2;030;030;2330 Raderthal                ;Markusstraße Höhe Laterne 13  ;in Fahrtrichtung Brühler Straße    ;   ;
2331;0;050;050;2331 Porz                     ;Hauptstraße Nr.338-334        ;in Fahrtrichtung In der Adelenhütte;   ;
2332;2;030;030;2332 Ehrenfeld                ;Vogelsanger Str. Höhe 107-89  ;in Fahrtrichtung Innere Kanalstraße;   ;
2333;2;030;030;2333 Ehrenfeld                ;Vogelsanger Str.Hs Nr. 84-106 ;in Fahrtrichtung Ehrenfeldgürtel   ;   ;
2334;0;050;050;2334 Lindenthal               ;Oskar-Jäger-Str.Haus 109-111  ;in Fahrtrichtung Ölstraße          ;   ;
2335;2;030;030;2335 Sürth                    ;Sürther Hauptstr.Höhe 155-161 ;in Fahrtrichtung Heideweg          ;   ;
2336;2;030;030;2336 Mauenheim                ;Neue Kempener Str. Laterne 20 ;in Fahrtrichtung Nibelungenstraße  ;   ;
2337;2;030;030;2337 Dellbrück                ;Eschenbruchstr. Höhe Haus 16-6;in Fahrtr. Bergisch Gladbacher Str.;   ;
2338;2;030;030;2338 Kalk                     ;Eythstr. Haus Nr.65-79        ;in Fahrtrichtung Lüttringhauser Str;   ;
2339;2;050;050;2339 Rath/Heumar              ;Rösrather Straße, Höhe 343-303;in Fahrtrichtung Lützerathstraße   ;   ;
2340;2;050;050;2340 Rath/Heumar              ;Rösrather Straße, Höhe 303-343;in Fahrtr. Pauline-Christmann-Str. ;   ;
2341;2;030;030;2341 Mauenheim                ;Neue Kempener Str. Laterne 20 ;in Fahrtrichtung Bergstrasse       ;   ;
2342;2;030;030;2342 Müngersdorf              ;Alter Militärring, Höhe 31-19 ;in Fahrtrichtung Aachener Straße   ;   ;
2343;0;030;030;2343 Poll                     ;Alfred-Schütte-Allee Lat.76-86;in Fahrtrichtung Müllergasse       ;   ;
2344;0;030;030;2344 Poll                     ;Alfred-Schütte-Allee Lat.86-76;in Fahrtrichtung Am Schnellert     ;   ;
2345;2;030;030;2345 Neustadt/Nord            ;Maybachstraße, Höhe Haus 10-22;in Fahrtrichtung Am Kümpchenshof   ;   ;
2346;0;050;050;2346 Ensen                    ;Kölner Straße Haus Nr.59      ;in Fahrtrichtung Porz              ;   ;
2347;2;030;030;2347 Müngersdorf              ;Alter Militärring, Höhe 19-31 ;in Fahrtrichtung Wendelinstraße    ;   ;
2348;2;030;030;2348 Merheim                  ;Fußfallstraße Haus 66-2       ;in Fahrtrichtung Ostmerheimerstr.  ;   ;
2349;0;050;050;2349 Höhenberg                ;Olpener Straße Höhe Haus 69-99;in Fahrtrichtung Germaniastraße    ;   ;
2350;0;050;050;2350 Höhenberg                ;Olpener Straße Höhe Haus 99-69;in Fahrtrichtung Frankfurterstraße ;   ;
2351;0;050;050;2351 Ensen                    ;Kölner Straße Haus Nr.59      ;in Fahrtrichtung Westhoven         ;   ;
2352;2;030;030;2352 Nippes                   ;Niehler Str. Höhe Haus 221-193;in Fahrtrichtung stadteinwärts     ;   ;
2353;2;030;030;2353 Merheim                  ;Fußfallstraße, Höhe Haus 2-66 ;in Fahrtrichtung Hohensyburgstraße ;   ;
2354;0;050;050;2354 Marienburg               ;Bonner Str. Haus Nr. 504-520  ;in Fahrtrichtung Verteilerkreis    ;   ;
2355;2;030;030;2355 Dellbrück                ;Dellbrück.Mauspfad ggü.218-224;in Fahrtrichtung Dabringhauser Str.;   ;
2356;0;050;050;2356 Holweide                 ;Neufelder Str. ggüb. Lat.24-44;in Fahrtr. Dellbrücker Mauspfad    ;   ;
2357;2;030;030;2357 Nippes                   ;Niehler Str. Höhe Haus 193-221;in Fahrtrichtung stadtauswärts     ;   ;
2359;0;050;050;2359 Marienburg               ;Bonner Str. Haus Nr. 520-504  ;in Fahrtrichtung stadteinwärts     ;   ;
2360;2;030;030;2360 Vingst                   ;Lustheider Str. Laterne 36-32 ;in Fahrtrichtung Nobelstraße       ;   ;
2361;0;050;050;2361 Hollweide                ;Neufelder Str. ggüb. Lat.24-44;in Fahrtrichtung Heinz-Kühn-Straße ;   ;
2362;2;030;030;2362 Zollstock                ;Kalscheurer Weg, Laterne 41-17;in Fahrtrichtung Kendenicher Straße;   ;
2363;2;030;030;2363 Urbach                   ;Dorotheenstraße Höhe Haus 8-30;in Fahrtrichtung Königsberger Str. ;   ;
2364;2;030;030;2364 Urbach                   ;Dorotheenstraße Höhe Haus 30-8;in Fahrtrichtung Kaiserstraße      ;   ;
2365;2;030;030;2365 Worringen                ;Dornstraße Haus 18-28         ;in Fahrtrichtung An den Kaulen     ;   ;
2366;2;030;030;2366 Immendorf                ;Godorfer Str. Höhe Haus 18-32 ;in Fahrtrichtung Euskirchener Str. ;   ;
2367;3;050;050;2367 Longerich                ;Militärringstraße Lat.70-74   ;in Fahrtrichtung Longericher Straße;   ;
2368;2;030;030;2368 Merheim                  ;Auf dem Eichenbrett Lat.7-11  ;in Fahrtrichtung Hopfenstraße      ;   ;
2369;2;030;030;2369 Marienburg               ;An der Alteburger Mühle L2A-12;in Fahrtrichtung Oberländer Ufer   ;   ;
2370;2;030;030;2370 Marienburg               ;An der Alteburger Mühle L12-2A;in Fahrtrichtung Bayenthalgürtel   ;   ;
2371;0;050;050;2371 Deutz                    ;Kennedy-Ufer Laterne 13-19    ;in Fahrtrichtung Rheinparkweg      ;   ;
2372;2;030;030;2372 Ostheim                  ;Servatiusstraße Haus 40-12    ;in Fahrtrichtung Rösrather Straße  ;   ;
2373;2;030;030;2373 Müngersdorf              ;Am Lindenweg Höhe 63-7        ;in Fahrtrichtung Gregor-Mendel-Ring;   ;
2374;2;030;030;2374 Müngersdorf              ;Am Lindenweg Höhe 7-63        ;in Fahrtrichtung Egelspfad         ;   ;
2375;2;030;030;2375 Worringen                ;Hackhauser Weg,Höhe Haus 64-46;in Fahrtrichtung Holtestraße       ;   ;
2376;2;030;030;2376 Worringen                ;Hackhauser Weg,Höhe Haus 46-64;in Fahrtrichtung Grimlinghauser Weg;   ;
2377;2;030;030;2377 Ostheim                  ;Servatiusstraße Haus 12-40    ;in Fahrtrichtung Steinrutschweg    ;   ;
2378;0;050;050;2378 Neustadt/Nord            ;Venloer Straße Höhe Lat.38-24 ;in Fahrtrichtung Venloer Wall      ;   ;
2379;0;050;050;2379 Mauenheim                ;Merheimer Str. Höhe Lat.50-56 ;in Fahrtrichtung Bergstraße        ;   ;
2380;0;050;050;2380 Mauenheim                ;Merheimer Str. Höhe Lat.56-50 ;in Fahrtrichtung Mauenheimer Gürtel;   ;
2381;0;050;050;2381 Humboldt/Gremberg        ;Rolshover Straße,Höhe Haus 216;in Fahrtrichtung Autobahn          ;   ;
2382;2;030;030;2382 Dellbrück                ;Walther Straße Höhe Lat.27-39 ;in Fahrtrichtung Kalkweg           ;   ;
2383;2;030;030;2383 Chorweiler               ;Weichselring Haus Nr28-6a(10) ;in Fahrtrichtung Warthestraße      ;   ;
2384;2;030;030;2384 Chorweiler               ;Weichselring Höhe Haus 6a-28  ;in Fahrtrichtung Regastraße        ;   ;
2385;2;030;030;2385 Rondorf                  ;Hahnenstrasse Höhe 10-18      ;in Fahrtrichtung Reiherstrasse     ;   ;
2386;0;050;050;2386 Zollstock                ;Zollstockgürtel Haus Nr. 6    ;in Fahrtrichtung Höninger Weg      ;   ;
2387;2;030;030;2387 Lindenthal               ;Frangenheimstraße Haus 27-3   ;in Fahrtrichtung Herbert Lewin Str.;   ;
2388;2;030;030;2388 Lindenthal               ;Frangenheimstraße Haus 3-27   ;in Fahrtr. Karl-Schwerin-Platz     ;   ;
2389;2;030;030;2389 Ehrenfeld                ;Venloer Straße Haus Nr.403-437;in Fahrtrichtung stadtauswärts     ;   ;
2390;0;050;050;2390 Buchforst                ;Heidelberger Straße ggü.41-63 ;in Fahrtrichtung Frankfurter Straße;   ;
2391;0;050;050;2391 Zollstock                ;Vorgebirgsstr. HS Nr 223-213  ;in Fahrtrichtung Stadteinwärts     ;   ;
2392;2;030;030;2392 Gremberghoven            ;Frankenplatz Haus Nr 20-4     ;in Fahrtrichtung Bahnhofplatz      ;   ;
2393;2;050;050;2393 Ostheim                  ;Frankfurter Straße Lat.319-313;in Fahrtr.Hardtgenbuscher Kirchweg ;   ;
2394;2;050;050;2394 Ostheim                  ;Frankfurter Straße Lat.313-319;in Fahrtr. Alter Deutzer Postweg   ;   ;
2395;0;050;050;2395 Buchforst                ;Heidelberger Straße ggü.63-41 ;in Fahrtrichtung Waldecker Straße  ;   ;
2396;0;030;030;2396 Weidenpesch              ;Mönchsgasse Nr.21-13          ;in Fahrtrichtung Schmiedegasse     ;   ;
2397;2;030;030;2397 Gremberghoven            ;Frankenplatz Haus 4-20        ;in Fahrtrichtung Teutonenstrasse   ;   ;
2398;0;050;050;2398 Bilderstöckchen          ;Parkgürtel Laterne 85-83      ;in Fahrtrichtung Ehrenfeldgürtel   ;   ;
2399;2;030;030;2399 Lövenich                 ;Widdersdorfer Landstr.Lat24-20;in Fahrtrichtung stadteinwärts     ;   ;
2400;2;030;030;2400 Lövenich                 ;Widdersdorfer Landstr.Lat20-24;in Fahrtrichtung stadtauswärts     ;   ;
2401;0;030;030;2401 Weidenpesch              ;Mönchsgasse Haus Nr. 13-21    ;in Fahrtrichtung Simonsgaul        ;   ;
2402;2;030;030;2402 Holweide                 ;Berg.-Gladb.-Str.Haus 609-575 ;in Fahrtrichtung stadteinwärts     ;   ;
2403;2;030;030;2403 Lind                     ;Linder Weg Höhe Haus 121-87   ;in Fahrtrichtung Nibelungenstraße  ;   ;
2404;2;030;030;2404 Lind                     ;Linder Weg Höhe Haus 87-121   ;in Fahrtrichtung Viehtrift         ;   ;
2405;2;030;030;2405 Dellbrück                ;Waltherstr. Höhe Laterne 39-27;in Fahrtrichtung Paffrather Straße ;   ;
2406;2;050;050;2406 Neustadt-Süd             ;AgrippinauferHöhe Laterne25-15;in Fahrtrichtung Ubierring         ;   ;
2407;2;030;030;2407 Holweide                 ;Berg.-Gladb.-Str.Haus 575-609 ;in Fahrtrichtung Stadtauswärts     ;   ;
2408;0;050;050;2408 Neuehrenfeld             ;Äußere Kanalstr. Lat. 141-142 ;in Fahrtrichtung Escher Straße     ;   ;
2409;2;030;030;2409 Holweide                 ;Neufelder Str.Höhe Haus 28-26 ;in Fahrtrichtung Dabringhauser Str.;   ;
2410;2;030;030;2410 Mauenheim                ;Neue Kempener Str. Haus186-234;in Fahrtrichtung Bergstraße        ;   ;
2411;0;050;050;2411 Zollstock                ;Vorgebirgsstraße Höhe 136-144 ;in Fahrtrichtung Stadtauswärts     ;   ;
2412;2;030;030;2412 Ostheim                  ;Zehnthofstraße Höhe Haus 26-36;in Fahrtrichtung Werntgenstraße    ;   ;
2413;0;050;050;2413 Dellbrück                ;Bensber.Marktweg Lat.46-Hs.328;in Fahrtrichtung Penningsfelder Weg;   ;
2414;0;050;050;2414 Lindenthal               ;Stadtwaldgürtel Höhe Hs.83-13 ;in Fahrtrichtung Dürener Straße    ;   ;
2415;2;030;030;2415 Lindweiler               ;Soldiner Str. Höhe Laterne 24 ;in Fahrtrichtung Unnauer Weg       ;   ;
2416;2;030;030;2416 Lindweiler               ;Soldiner Str. Höhe Laterne 24 ;in Fahrtrichtung Kirburger Weg     ;   ;
2417;2;030;030;2417 Ostheim                  ;Zehnthofstraße Höhe Haus 36-26;in Fahrtrichtung Frankfurterstraße ;   ;
2418;2;030;030;2418 Dellbrück                ;Diepeschrather Str. Höhe 3-35 ;in Fahrtrichtung Kreisverkehr      ;   ;
2419;0;050;050;2419 Bayenthal                ;Schönhauser Str. Höhe Haus 3  ;in Fahrtr.Gustav-Heinemann Ufer    ;   ;
2420;2;030;030;2420 Weiden                   ;Potsdamerstr. Lat.13-19       ;in Fahrtrichtung Freiburgerstr.    ;   ;
2421;2;030;030;2421 Weiden                   ;Potsdamerstr. Lat.19-13       ;in Fahrtrichtung An derAlten Post  ;   ;
2422;2;030;030;2422 Poll                     ;Allerseelenstr. Höhe 15-1     ;in Fahrtrichtung Siegburgerstr.    ;   ;
2423;2;030;030;2423 Poll                     ;Allerseelenstr.Höhe 1-15      ;in Fahrtrichtung Rolshover Kirchw. ;   ;
2424;2;050;050;2424 Poll                     ;Alfred-Schütte-Allee Lat.106  ;in Fahrtrichtung Am Schnellert     ;   ;
2425;0;050;050;2425 Poll                     ;Alfred-Schütte-Allee Lat.106  ;in Fahrtrichtung Poller Hauptstr.  ;   ;
2426;2;030;030;2426 Widdersdorf              ;Leonhardsgasse Haus Nr.30-10  ;in Fahrtrichtung Hauptstr.         ;   ;
2427;2;030;030;2427 Dellbrück                ;Diepeschrather Str. Höhe 35-3 ;in Fahrtrichtung Anemonenweg       ;   ;
2428;2;030;030;2428 Neustadt/Nord            ;Friesenwall, Höhe Haus 44-14  ;in Fahrtrichtung Mittelstraße      ;   ;
2429;0;050;050;2429 Dellbrück                ;Dellbrück.Mauspfad Hs.165-167 ;in Fahrtrichtung Berg.GladbacherStr;   ;
2431;2;030;030;2431 Lövenich                 ;Brauweilerstr. Lat.28-16      ;in Fahrtrichtung Stadteinwärts     ;   ;
2432;2;030;030;2432 Brück                    ;Brücker Mauspfad Hs594a-606   ;in Fahrtrichtung Am Klausenberg    ;   ;
2433;0;050;050;2433 Poll                     ;Alfred-Schütte Allee Lat. 114 ;in Fahrtrichtung Müllergasse       ;   ;
2434;0;050;050;2434 Poll                     ;Alfred-Schütte Allee Lat. 114 ;in Fahrtrichtung Maifischgasse     ;   ;
2435;2;030;030;2435 Holweide                 ;Piccoloministr. Höhe 523a-531 ;in Fahrtrichtung Wasserwerkstraße  ;   ;
2436;2;030;030;2436 Rath-Heumar              ;Wikinger Str. 49-37           ;in Fahrtrichtung Eiler Str.        ;   ;
2437;2;030;030;2437 Altstadt/Süd             ;Severinsbrücke Lat.6-2a       ;in Fahrtrichtung Holzmarkt         ;   ;
2438;2;030;030;2438 Immendorf                ;Godorfer Str. Haus Nr.18-58   ;in Fahrtrichtung Euskirchener Str. ;   ;
2439;2;030;030;2439 Immendorf                ;Godorfer Str.Lat 21a-15       ;in Fahrtrichtung Immend.Haupt Str. ;   ;
2440;2;030;030;2440 Bocklemünd/Mengenich     ;Obere Dorfstr. Hausnr.46-2a   ;in Fahrtrichtung Kappelsweg        ;   ;
2441;2;030;030;2441 Holweide                 ;Piccoloministr. Höhe Haus 531 ;in Fahrtr. Walter-Meckauer-Straße  ;   ;
2442;0;050;050;2442 Holweide                 ;Piccoloministr. Höhe Haus 416 ;in Fahrtr. Gerhart-Hauptmann-Str.  ;   ;
2443;0;050;050;2443 Holweide                 ;Piccoloministr.geg.HS.NR.416  ;in Fahrtrichtung Rodfeldstr.       ;   ;
2444;0;050;050;2444 Hahnwald                 ;Emil-Hoffmann-Str., Lat. 23-63;in Fahrtrichtung Wattigniesstraße  ;   ;
2445;0;050;050;2445 Hahnwald                 ;Emil-Hoffmann-Str. Lat.63-23  ;in Fahrtrichtung Industriestr.     ;   ;
2446;2;030;030;2446 Weiden                   ;An der Alten Post,Hs.42-Lat.34;in Fahrtrichtung Ostlandstraße     ;   ;
2447;2;030;030;2447 Neustadt/Süd             ;Maternusstr., Höhe Haus 30-18 ;in Fahrtrichtung Mainzer Straße    ;   ;
2448;2;030;030;2448 Neustadt-Süd             ;MaternusStr.Hs.Nr.18-30       ;in Fahrtrichtung Agrippinaufer     ;   ;
2449;2;030;030;2449 Mülheim                  ;Clevischer Ring Hs.Nr.113-87  ;in Fahrtrichtung Keupstrasse       ;   ;
2450;2;050;050;2450 Poll                     ;Siegburger Str.Hs.Nr.527-481  ;in Fahrtrichtung Stadteinwärts     ;   ;
2451;2;030;030;2451 Nippes                   ;Niehler Str. Höhe Haus 84-82  ;in Fahrtrichtung stadteinwärts     ;   ;
2452;0;050;050;2452 Holweide                 ;Honschaftstr.Höhe Lat.42-38   ;in Fahrtrichtung Piccoloministraße ;   ;
2453;0;050;050;2453 Holweide                 ;Honschaftstraße Laterne 38-42 ;in Fahrtrichtung Sigwinstraße      ;   ;
2454;2;030;030;2454 Nippes                   ;Niehler Str. Lat.38           ;in Fahrtrichtung Florastrasse      ;   ;
2455;2;030;030;2455 Weiß                     ;Pflasterhofweg Haus Nr.24-4a  ;in Fahrtrichtung Weißer Hauptstr.  ;   ;
2456;2;030;030;2456 Weiß                     ;Pflasterhofweg Haus Nr.4a-24  ;in Fahrtrichtung Ensener Weg       ;   ;
2457;2;030;030;2457 Heimersdorf              ;Gustorfer Weg Haus Nr.1-15    ;in Fahrtrichtung Kelzenberger Weg  ;   ;
2458;2;030;030;2458 Sülz                     ;Gottesweg, Höhe Haus Nr.127   ;in Fahrtrichtung Luxemburger Straße;   ;
2459;2;030;030;2459 Sülz                     ;Gottesweg Höhe Haus Nr.127    ;in Fahrtrichtung Rhöndorfer Straße ;   ;
2460;0;030;030;2460 Bickendorf               ;Sandweg Nr.130-124            ;in Fahrtrichtung Akazienweg        ;   ;
2461;0;050;050;2461 Rodenkirchen             ;Weißer Str. Lat.110           ;in Fahrtrichtung Stadteinwärts     ;   ;
2462;0;050;050;2462 Rodenkirchen             ;Weißer Str. Lat.110           ;in Fahrtrichtung Stadtauswärts     ;   ;
2463;2;030;030;2463 Altstadt/Süd             ;Mechtildisstr. Höhe Haus 10-4 ;in Fahrtrichtung Severinsbrücke    ;   ;
2464;2;030;030;2464 Neustadt/Süd             ;Ubierring Hs.Nr.51-21         ;in Fahrtrichtung Karolingerring    ;   ;
2465;2;030;030;2465 Sülz                     ;Mommsenstraße  Haus Nr. 5-25  ;in Fahrtrichtung Niehbuhrstraße    ;   ;
2466;2;030;030;2466 Sülz                     ;Mommsenstraße Hs.Nr.25-5      ;in Fahrtrichtung Euskirchenerstr.  ;   ;
2467;7;030;030;2467 Deutz                    ;Alfred Schütte Allee Lat.40-2 ;in Fahrtrichtung Drehbrücke        ;   ;
2468;7;030;030;2468 Deutz                    ;Alfred Schütte Allee Lat.2-40 ;in Fahrtrichtung Am Schnellert     ;   ;
2469;2;030;030;2469 Weiß                     ;Ritterstraße Höhe Haus 17-11  ;in Fahrtrichtung Heinrichstraße    ;   ;
2471;2;050;050;2471 Lindenthal               ;Dürener Str.Haus Nr.187-209   ;in Fahrtrichtung Landgrafenstraße  ;   ;
2472;0;050;050;2472 Lindenthal               ;Dürener Str.Haus Nr.209-187   ;in Fahrtrichtung Universitätsstr.  ;   ;
2473;2;050;050;2473 Poll                     ;Siegburger Str. Hs.Nr.481-527 ;in Fahrtrichtung Stadtauswärts     ;   ;
2474;2;030;030;2474 Dünnwald                 ;Im Leuchterbruch Lat.15-9     ;in Fahrtrichtung Dünn.Mauspfad     ;   ;
2475;2;030;030;2475 Dünnwald                 ;Im Leuchterbruch Lat.9-15     ;in Fahrtrichtung Leuchterstr.      ;   ;
2476;2;030;030;2473 Nippes                   ;Neusser Str. HS NR.293-325a   ;in Fahrtrichtung Blücher Str,      ;   ;
2477;2;030;030;2477 Nippes                   ;Neusser Str. HS Nr.325a-293   ;in Fahrtrichtung Baudristr.        ;   ;
2478;0;050;050;2478 Altstadt-Süd             ;Ulrichgasse Höhe Laterne 5-3  ;in Fahrtrichtung Ulrepforte        ;   ;
2479;2;030;030;2479 Dellbrück                ;Grafenmühlenweg Lat.16-14     ;in Fahrtrichtung Hatzfeldstr.      ;   ;
2480;2;030;030;2480 Marienburg               ;Bonner Str.Höhe HS Nr.482-488 ;in Fahrtrichtung stadtauswärts     ;   ;
2481;2;030;030;2481 Marienburg               ;Bonner Str.Haus Nr.484-360    ;in Fahrtrichtung stadteinwärts     ;   ;
2482;2;030;030;2482 Mülheim                  ;Clevischer Ring Hs Nr 78-114  ;in Fahrtrichtung Berliner Str.     ;   ;
2483;2;030;030;2483 Rodenkirchen             ;Konrad-AdenauerStr.Hs Nr 15-49;in Fahrtrichtung Friedr.-Ebert-Str ;   ;
2484;2;030;030;2484 Rodenkirchen             ;Konrad-AdenauerStr.Hs Nr 49-15;in Fahrtrichtung Frankstraße       ;   ;
2485;2;050;050;2485 Rheinkassel              ;Alte Römerstr. Höhe Haus Nr 69;in Fahrtrichtung Auf dem Auerberg  ;   ;
2486;2;050;050;2486 Rheinkassel              ;Alte Römerstr. Höhe Haus Nr 69;in Fahrtrichtung Auf dem Herbst    ;   ;
2487;2;030;030;2487 Bilderstöckchen          ;Reutlinger Str.Höhe 2c-14     ;in Fahrtrichtung Schiefersb. Weg   ;   ;
2488;2;030;030;2488 Stammheim                ;Ricarda-Huch-Str. Hs.Nr.18-40 ;in Fahrtrichtung Bonhoefferstr     ;   ;
2489;2;030;030;2489 Stammheim                ;Ricarda-Huch-tr.  Hs.Nr.40-18 ;in Fahrtrichtung Düsseldorfer Str. ;   ;
2490;2;050;050;2490 Merheim                  ;Olpener Str. Hs.Nr.550-610    ;in Fahrtrichtung Madausstr.        ;   ;
2492;2;030;030;2492 Kalk                     ;Vietorstr. Höhe 104-72        ;in Fahrtrichtung Kalker Hauptstr.  ;   ;
2491;2;050;050;2491 Merheim                  ;Olpener Str. Hs.Nr.610-550    ;in Fahrtrichtung Ostmerheimer Str. ;   ;
2494;2;050;050;2494 Rodenkirchen             ;Weißer Str. Hs.Nr.151-161     ;in Fahrtrichtung Hammerschmidtstr. ;   ;
2497;0;050;050;2497 Wahn                     ;Frankfurter Str. Hs.Nr.90-70  ;in Fahrtrichtung Troisdorf         ;   ;
2498;0;050;050;2498 Wahn                     ;Frankfurter Str.Hs.Nr.70-90   ;in Fahrtrichtung Urbach            ;   ;
2499;2;030;030;2499 Rondorf                  ;Rodenkirchener Str.Nr.160-162 ;in Fahrtrichtung Rondorfer Hauptstr;   ;
2500;2;030;030;2500 Rondorf                  ;Rodenkirchener Str.Nr.162-160 ;in Fahrtrichtung Zuckerberg        ;   ;
2501;2;010;010;2501 Gremberghoven            ;Cimbernstr. Hs.Nr.42-28       ;in Fahrtrichtung Hohenstaufenstr.  ;   ;
2495;2;030;030;2495 Neustadt/Süd             ;Bonner Wall Hs.Nr.51-25       ;in Fahrtrichtung Bonner Str.       ;   ;
2496;2;030;030;2495 Neustadt/Süd             ;Bonner Wall Hs.Nr.25-51       ;in Fahrtrichtung Vorgebirgstr.     ;   ;
2504;2;030;030;2504 Mülheim                  ;Buchholz Str. Nr.40-28        ;in Fahrtrichtung Sackgasse         ;   ;
2505;2;030;030;2505 Zollstock                ;Höninger Weg Hs.Nr.168-198    ;in Fahrtrichtung Gottesweg         ;   ;
2506;6;010;010;2506 Altstadt Nord            ;Schwalbengasse Hs.Nr.6-32     ;in Fahrtrichtung Auf dem Berlich   ;   ;
2507;2;030;030;2507 Rath Heumar              ;Paffendorfstr. Hs Nr.39-29    ;in Fahrtrichtung Paffendorfstr.    ;   ;
2509;2;030;030;2509 Höhenhaus                ;Zeisbuschweg Lat.15-5         ;in Fahrtrichtung Leuchterstr.      ;   ;
2510;2;030;030;2510 Höhenhaus                ;Zeisbuschweg Lat.5-21         ;in Fahrtrichtung Imbacher Weg      ;   ;
2511;2;030;030;2511 Longerich                ;Lindweilerweg Hs Nr.88-102    ;in Fahrtrichtung Lützlongericherstr;   ;
2512;2;030;030;2512 Longerich                ;Lindweilerweg Hs Nr.102-88    ;in Fahrtrichtung Robert Perthelstr.;   ;
2513;2;030;030;2513 Ensen                    ;Hohe Str. Hs.Nr.71-79         ;in Fahrtrichtung Gilgaustr.        ;   ;
2514;2;030;030;2514 Poll                     ;Poller Hauptstr.geg.50-50a    ;in Fahrtrichtung Mendener Str.     ;   ;
2515;2;030;030;2514 Raderberg                ;RaderbergerStr.Hs.Nr.117-117a ;in Fahrtrichtung Mannsfelder Str.  ;   ;
2516;0;050;050;2516 Höhenhaus                ;Im Weidenbruch Hs.122-130     ;in Fahrtrichtung Hülsenweg         ;   ;
2518;2;030;030;2518 Holweide                 ;Schnellweider Str.Nr.12-100   ;in Fahrtrichtung Neufelder Str.    ;   ;
2519;2;030;030;2519 Holweide                 ;Schnellweider Str.Nr.100-12   ;in Fahrtrichtung Maria-Himmelf.Str.;   ;
2520;6;010;010;2520 Merkenich                ;Jungbluthstr.Hs.Nr.9-47       ;in Fahrtrichtung Spoerkelhof       ;   ;
2521;6;010;010;2521 Merkenich                ;Jungbluthstr.Hs.Nr.47-9       ;in Fahrtrichtung MerkenicherRingstr;   ;
2522;2;030;030;2522 Widdersdorf              ;Hauptstr.Lat.73B-Hs Nr.117    ;in Fahrtrichtung Kreisverkehr      ;   ;
2523;2;030;030;2523 Widdersdorf              ;Hauptstr.HS Nr.117-Lat73B     ;in Fahrtrichtung Freimersdorferweg ;   ;
2524;0;050;050;2524 Merheim                  ;Olpener Str. Hs.Nr.364-374    ;in Fahrtrichtung Stadtauswärts     ;   ;
2525;0;050;050;2525 Merheim                  ;Olpener Str. Hs.Nr.374-364    ;in Fahrtrichtung Stadteinwärts     ;   ;
2526;2;030;030;2526 Neustadt/Nord            ;Hohenzollernring Hs.Nr 2-24   ;in Fahrtrichtung Friesenplatz      ;   ;
2527;2;030;030;2527 Vogelsang                ;Girlitzweg v Nr.22b geg Nr 24 ;in Fahrtrichtung Wasseramselweg    ;   ;
2528;2;030;030;2528 Vogelsang                ;Girlitzweg geg.Nr.24 v.Hs.22b ;in Fahrtrichtung Vitalisstr.       ;   ;
2529;2;030;030;2529 Vogelsang                ;Girlitzweg Lat.Nr.4-16        ;in Fahrtrichtung Wasseramselweg    ;   ;
2530;2;030;030;2530 Vogelsang                ;Girlitzweg Lat. 16-4          ;in Fahrtrichtung Vitalisstr.       ;   ;
2531;0;030;030;2531 Rodenkirchen             ;Frankstraße HS.Nr.19-47       ;in Fahrtrichtung Konrad AdenauerStr;   ;
2532;2;030;030;2532 Rodenkirchen             ;Frankstraße HS.Nr.47-19       ;in Fahrtrichtung Brückenstraße     ;   ;
2533;2;030;030;2533 Raderthal                ;Markusstr.ggüb.Lat.Nr.27-33   ;in Fahrtrichtung Hönninger Platz   ;   ;
2534;2;030;030;2534 Raderthal                ;Markusstr. ggüb.Lat.33-27     ;in Fahrtrichtung Brühlerstr.       ;   ;
2535;2;030;030;2535 Longerich                ;Longericher Str. geg.LNR 197  ;in Fahrtrichtung Lohmüllerstr.     ;   ;
2536;2;030;030;2536 Longerich                ;Longericher Str. geg.LNR 197  ;in Fahrtrichtung Hansenstr.        ;   ;
2537;2;030;030;2537 Fühlingen                ;Neusser Landstr.Hs.Nr.140-172 ;in Fahrtrichtung Kreisverkehr      ;   ;
2538;2;030;030;2538 Fühlingen                ;Neusser Landstr.Hs.Nr.109-77  ;in Fahrtrichtung Roggendorfer Weg  ;   ;
2539;2;030;030;2539 Kalk                     ;Kalk-Mülheimer Str.HsNr 2-150 ;in Fahrtrichtung Wipperfürther Str.;   ;
2540;2;030;030;2540 Mülheim                  ;Deutz-MülheimerStr.geg.186-180;in Fahrtrichtung Messeallee Nord   ;   ;
2541;2;030;030;2541 Worringen                ;Alte Neusser Landstr.198-190  ;in Fahrtrichtung Neusser Landstr.  ;   ;
2542;2;030;030;2542 Worringen                ;Alte Neusser Landstr. 190-198 ;in Fahrtrichtung Am Frohnweiher    ;   ;