# Deutschland, stündliche Zeitreihen 2024 (Netzlast, PV, Wind on/offshore, Wasserkraft, Biomasse)
# Quelle: github-mirror (Notlösung)
# Endpunkt/Hinweis: NOTLÖSUNG (nicht Teil der offiziellen Quellen-Priorität): öffentlicher GitHub-Mirror https://github.com/hakimdalim/smard-data-extractor (Datei juli24-25_energie_zusammengefasst_mit_aufloesung.csv, Commit 189bcdf697fe12e05127ea15eb6ac7bc67a134b2), enthält reale SMARD-Exportdaten, aber nur Jul-Dez 2024 und nur Wind Onshore/Photovoltaik/Netzlast. Grund: api.energy-charts.info, smard.de und open-power-system-data.org sind aus dieser Sandbox heraus per Egress-Policy blockiert (403 auf CONNECT), siehe research/daten_stundenprofile.md.
# Abrufdatum (UTC): 2026-08-15T11:20:52Z
# Vollständig (alle Pflichtreihen, 8784 Stunden): False
# Einheit: MW (Stundenmittel je Spalte == MWh im jeweiligen Stundenintervall)
# Zeitzone Index: naive lokale Zeit Europe/Berlin (kein UTC, siehe Kommentar in fetch_github_mirror())
# Fehlgeschlagene/übersprungene Quellen:
#   - energy-charts.info: HTTPSConnectionPool(host='api.energy-charts.info', port=443): Max retries exceeded with url: /public_power?country=de&start=2024-01-01&end=2024-01-31 (Caused by ProxyError('Unable to connect to proxy', OSError('Tunnel connection failed: 403 Forbidden')))
#   - smard.de index (load_mw): HTTPSConnectionPool(host='www.smard.de', port=443): Max retries exceeded with url: /app/chart_data/410/DE/index_hour.json (Caused by ProxyError('Unable to connect to proxy', OSError('Tunnel connection failed: 403 Forbidden')))
#   - open-power-system-data.org: HTTPSConnectionPool(host='data.open-power-system-data.org', port=443): Max retries exceeded with url: /time_series/latest/time_series_60min_singleindex.csv (Caused by ProxyError('Unable to connect to proxy', OSError('Tunnel connection failed: 403 Forbidden')))
# Fehlende Stundenwerte je Spalte: {'wind_onshore_mw': 0, 'solar_mw': 0, 'load_mw': 0}
# Komplett fehlende Reihen (nicht in dieser Datei): ['wind_offshore_mw', 'hydro_ror_mw', 'biomass_mw']
timestamp_utc,wind_onshore_mw,solar_mw,load_mw
2024-07-01 00:00:00,4502.25,3.0,40471.75
2024-07-01 01:00:00,4408.5,3.0,39402.5
2024-07-01 02:00:00,4278.75,3.0,38458.75
2024-07-01 03:00:00,3976.5,2.75,38234.25
2024-07-01 04:00:00,4126.75,5.75,39489.25
2024-07-01 05:00:00,4650.25,292.75,42308.5
2024-07-01 06:00:00,4594.0,1956.25,49761.25
2024-07-01 07:00:00,4677.75,5532.0,55221.0
2024-07-01 08:00:00,4620.75,10442.0,58835.75
2024-07-01 09:00:00,4813.25,15488.0,59616.75
2024-07-01 10:00:00,5264.25,20190.5,60680.75
2024-07-01 11:00:00,6387.75,23495.0,61022.75
2024-07-01 12:00:00,8097.5,24756.0,60504.5
2024-07-01 13:00:00,9306.5,25295.5,59946.75
2024-07-01 14:00:00,11228.0,24398.0,58689.0
2024-07-01 15:00:00,12953.25,21700.0,58078.25
2024-07-01 16:00:00,13954.5,19034.0,57654.25
2024-07-01 17:00:00,14474.0,15150.75,58276.5
2024-07-01 18:00:00,13503.5,9937.75,57930.75
2024-07-01 19:00:00,11042.75,5029.25,56789.75
2024-07-01 20:00:00,9246.25,1628.5,55159.0
2024-07-01 21:00:00,7969.75,130.75,52174.75
2024-07-01 22:00:00,7802.5,6.0,49747.5
2024-07-01 23:00:00,8551.5,3.5,46784.5
2024-07-02 00:00:00,8773.5,3.0,43656.0
2024-07-02 01:00:00,9117.0,2.5,42457.0
2024-07-02 02:00:00,9169.0,2.0,41877.25
2024-07-02 03:00:00,8864.0,2.5,42179.5
2024-07-02 04:00:00,8614.0,5.25,42846.75
2024-07-02 05:00:00,8784.75,341.0,45209.25
2024-07-02 06:00:00,8382.25,2489.75,51953.25
2024-07-02 07:00:00,7601.0,6477.0,57017.5
2024-07-02 08:00:00,7213.25,11598.0,59642.5
2024-07-02 09:00:00,8120.25,16367.5,61292.75
2024-07-02 10:00:00,9687.75,17876.75,62237.25
2024-07-02 11:00:00,10833.5,17397.75,62711.25
2024-07-02 12:00:00,11692.25,18351.0,63340.75
2024-07-02 13:00:00,12930.5,18374.5,62485.75
2024-07-02 14:00:00,14443.5,16948.0,61604.75
2024-07-02 15:00:00,15371.0,14530.0,60314.75
2024-07-02 16:00:00,15575.25,11993.0,58913.5
2024-07-02 17:00:00,15605.25,8889.5,59486.75
2024-07-02 18:00:00,14325.75,5620.0,59614.0
2024-07-02 19:00:00,13243.25,3030.5,58265.0
2024-07-02 20:00:00,12085.5,953.5,55866.0
2024-07-02 21:00:00,11191.75,82.25,53424.0
2024-07-02 22:00:00,9804.75,3.75,51226.5
2024-07-02 23:00:00,9597.5,8.75,47640.75
2024-07-03 00:00:00,8949.0,7.75,45481.0
2024-07-03 01:00:00,8381.5,3.0,44098.75
2024-07-03 02:00:00,8108.5,2.0,43214.75
2024-07-03 03:00:00,7696.0,2.0,43402.5
2024-07-03 04:00:00,7360.75,4.25,44441.75
2024-07-03 05:00:00,7374.5,259.0,46777.5
2024-07-03 06:00:00,6441.75,1987.75,53377.25
2024-07-03 07:00:00,5102.0,5966.5,57581.25
2024-07-03 08:00:00,4715.0,11721.5,60407.75
2024-07-03 09:00:00,4939.75,17428.5,61024.75
2024-07-03 10:00:00,5924.5,21095.25,62005.75
2024-07-03 11:00:00,6985.0,22350.75,62598.5
2024-07-03 12:00:00,8360.25,21976.5,62065.25
2024-07-03 13:00:00,8785.25,21090.5,61115.5
2024-07-03 14:00:00,8621.75,18434.25,59403.0
2024-07-03 15:00:00,7961.25,16397.75,58325.25
2024-07-03 16:00:00,7106.25,14067.5,57746.0
2024-07-03 17:00:00,6523.5,11048.25,58135.75
2024-07-03 18:00:00,5717.5,7796.5,58246.0
2024-07-03 19:00:00,4834.5,4259.0,57669.25
2024-07-03 20:00:00,4225.75,1416.75,55218.75
2024-07-03 21:00:00,4188.0,138.75,53047.75
2024-07-03 22:00:00,5220.25,16.5,49909.75
2024-07-03 23:00:00,7742.5,11.0,46406.0
2024-07-04 00:00:00,9942.25,7.25,44468.25
2024-07-04 01:00:00,12096.75,3.75,43452.25
2024-07-04 02:00:00,13998.5,3.75,42129.5
2024-07-04 03:00:00,15391.5,2.75,42724.25
2024-07-04 04:00:00,16841.25,4.75,43564.0
2024-07-04 05:00:00,18773.25,252.75,46709.25
2024-07-04 06:00:00,21070.75,1808.0,53708.25
2024-07-04 07:00:00,21197.0,4944.0,58863.25
2024-07-04 08:00:00,21378.75,9358.25,62496.25
2024-07-04 09:00:00,21527.5,15018.75,63936.75
2024-07-04 10:00:00,22789.75,20239.0,65565.25
2024-07-04 11:00:00,23578.25,23379.0,65836.25
2024-07-04 12:00:00,24128.25,24883.5,63646.5
2024-07-04 13:00:00,23456.5,26192.5,62032.25
2024-07-04 14:00:00,22166.75,27564.75,59241.25
2024-07-04 15:00:00,21162.75,27416.5,57379.25
2024-07-04 16:00:00,21492.25,24186.0,56560.25
2024-07-04 17:00:00,22439.0,19270.5,57648.75
2024-07-04 18:00:00,21391.25,13372.5,58953.0
2024-07-04 19:00:00,19264.75,6713.5,58204.75
2024-07-04 20:00:00,15931.0,2187.5,55787.25
2024-07-04 21:00:00,14066.5,190.5,53472.75
2024-07-04 22:00:00,13458.75,8.0,51343.25
2024-07-04 23:00:00,14965.75,3.25,48148.75
2024-07-05 00:00:00,15947.25,2.5,45210.5
2024-07-05 01:00:00,17199.5,3.0,43593.5
2024-07-05 02:00:00,16677.25,3.75,42302.0
2024-07-05 03:00:00,16746.75,3.0,42731.75
2024-07-05 04:00:00,16704.25,6.5,43682.5
2024-07-05 05:00:00,17257.0,388.75,46065.5
2024-07-05 06:00:00,16789.5,2885.5,52334.5
2024-07-05 07:00:00,14289.75,8473.5,56871.0
2024-07-05 08:00:00,13040.5,16764.25,60018.0
2024-07-05 09:00:00,15706.25,24960.0,61398.0
2024-07-05 10:00:00,18578.25,30457.5,61709.5
2024-07-05 11:00:00,19540.25,33235.0,61664.75
2024-07-05 12:00:00,20220.5,33603.25,60592.75
2024-07-05 13:00:00,19591.25,32659.5,59086.5
2024-07-05 14:00:00,20699.75,30574.25,56972.75
2024-07-05 15:00:00,21360.25,27746.5,56550.0
2024-07-05 16:00:00,21173.75,23350.25,56408.75
2024-07-05 17:00:00,19250.0,17450.5,56371.0
2024-07-05 18:00:00,16078.5,11308.75,54455.5
2024-07-05 19:00:00,13461.75,5884.5,52148.5
2024-07-05 20:00:00,10446.75,1949.5,49422.0
2024-07-05 21:00:00,8554.0,144.75,48612.75
2024-07-05 22:00:00,8047.25,15.25,47223.0
2024-07-05 23:00:00,9248.75,7.25,44202.0
2024-07-06 00:00:00,10281.0,6.5,41611.0
2024-07-06 01:00:00,11234.0,5.0,39826.25
2024-07-06 02:00:00,12159.5,4.25,38040.0
2024-07-06 03:00:00,13234.75,3.25,37595.75
2024-07-06 04:00:00,14815.75,5.75,37618.5
2024-07-06 05:00:00,16689.25,416.25,37777.5
2024-07-06 06:00:00,17483.75,3240.25,39817.75
2024-07-06 07:00:00,16924.5,9925.25,42331.25
2024-07-06 08:00:00,14562.0,19276.5,45727.0
2024-07-06 09:00:00,12015.5,27818.75,48690.75
2024-07-06 10:00:00,14131.5,32902.75,49916.0
2024-07-06 11:00:00,16043.75,33919.25,50332.5
2024-07-06 12:00:00,17820.0,32384.75,51635.75
2024-07-06 13:00:00,18500.75,29383.0,50761.5
2024-07-06 14:00:00,17196.5,25871.5,49133.75
2024-07-06 15:00:00,20115.25,21755.25,48283.0
2024-07-06 16:00:00,24833.0,16097.75,48904.75
2024-07-06 17:00:00,28718.25,11260.5,49549.25
2024-07-06 18:00:00,31365.75,7543.25,50441.0
2024-07-06 19:00:00,29032.25,4575.5,49088.5
2024-07-06 20:00:00,27643.25,1610.5,47921.5
2024-07-06 21:00:00,27752.25,166.5,45874.25
2024-07-06 22:00:00,25726.75,5.25,44153.75
2024-07-06 23:00:00,23924.0,3.75,41300.0
2024-07-07 00:00:00,21986.5,6.0,38528.25
2024-07-07 01:00:00,20408.75,3.0,37055.75
2024-07-07 02:00:00,19230.25,3.0,36259.75
2024-07-07 03:00:00,18042.25,3.0,34979.5
2024-07-07 04:00:00,16529.75,6.25,35114.25
2024-07-07 05:00:00,15491.0,342.75,35144.0
2024-07-07 06:00:00,14544.0,2639.5,36071.0
2024-07-07 07:00:00,12093.75,8687.5,38098.5
2024-07-07 08:00:00,10455.5,16694.25,40785.75
2024-07-07 09:00:00,9284.5,23956.0,42909.75
2024-07-07 10:00:00,9111.5,28869.75,43929.75
2024-07-07 11:00:00,9501.5,30852.5,45669.75
2024-07-07 12:00:00,10047.75,31654.25,45551.0
2024-07-07 13:00:00,9182.75,32044.0,43428.0
2024-07-07 14:00:00,7867.25,30874.75,41722.0
2024-07-07 15:00:00,6844.0,29434.0,40887.5
2024-07-07 16:00:00,5659.25,26215.0,41395.25
2024-07-07 17:00:00,5663.25,20310.75,43289.25
2024-07-07 18:00:00,5377.25,13019.0,44510.75
2024-07-07 19:00:00,3671.0,6302.75,44949.5
2024-07-07 20:00:00,2603.0,2006.0,44376.5
2024-07-07 21:00:00,2159.0,132.75,43806.25
2024-07-07 22:00:00,1901.25,7.5,43508.0
2024-07-07 23:00:00,2006.75,4.5,41089.25
2024-07-08 00:00:00,2268.5,5.0,38864.75
2024-07-08 01:00:00,2759.25,3.0,37544.0
2024-07-08 02:00:00,3248.5,3.0,37327.0
2024-07-08 03:00:00,4013.75,3.0,37818.25
2024-07-08 04:00:00,4617.0,8.25,38787.25
2024-07-08 05:00:00,5628.5,335.0,42138.0
2024-07-08 06:00:00,6009.5,2748.75,49073.5
2024-07-08 07:00:00,5317.5,8978.75,54535.0
2024-07-08 08:00:00,3532.25,18441.5,57133.0
2024-07-08 09:00:00,3662.75,28552.0,57869.5
2024-07-08 10:00:00,4295.5,36198.75,58045.5
2024-07-08 11:00:00,4944.75,40103.5,57973.0
2024-07-08 12:00:00,5127.25,41762.0,57912.5
2024-07-08 13:00:00,4633.0,41761.0,56830.25
2024-07-08 14:00:00,3561.0,40025.5,55599.75
2024-07-08 15:00:00,2708.75,36266.75,55551.5
2024-07-08 16:00:00,1872.5,30297.75,54958.25
2024-07-08 17:00:00,1148.25,22895.75,55093.0
2024-07-08 18:00:00,711.5,14423.75,55573.0
2024-07-08 19:00:00,631.5,6484.25,55017.25
2024-07-08 20:00:00,966.25,1894.25,53326.75
2024-07-08 21:00:00,1614.25,142.5,51462.75
2024-07-08 22:00:00,2711.25,7.0,49079.75
2024-07-08 23:00:00,4305.5,2.75,45668.75
2024-07-09 00:00:00,5523.5,3.5,42922.25
2024-07-09 01:00:00,6566.0,3.0,40795.5
2024-07-09 02:00:00,7194.25,2.0,39582.75
2024-07-09 03:00:00,7573.75,2.0,39286.5
2024-07-09 04:00:00,7828.25,4.25,40755.0
2024-07-09 05:00:00,8283.5,323.5,43593.5
2024-07-09 06:00:00,7767.75,2787.0,50678.25
2024-07-09 07:00:00,6079.25,9225.75,56008.75
2024-07-09 08:00:00,3825.0,18878.5,58824.0
2024-07-09 09:00:00,2943.5,29007.0,59219.75
2024-07-09 10:00:00,3105.5,37258.25,59860.75
2024-07-09 11:00:00,3726.0,42755.75,60821.75
2024-07-09 12:00:00,4765.5,45683.75,60151.25
2024-07-09 13:00:00,5623.75,45888.0,59534.5
2024-07-09 14:00:00,5662.0,43938.5,57897.25
2024-07-09 15:00:00,5688.5,40178.5,57404.0
2024-07-09 16:00:00,5530.25,34463.25,57021.75
2024-07-09 17:00:00,5900.25,26172.0,57103.25
2024-07-09 18:00:00,6709.25,15889.5,57789.0
2024-07-09 19:00:00,7779.75,6841.25,58393.5
2024-07-09 20:00:00,10146.0,1945.0,57156.5
2024-07-09 21:00:00,14918.25,115.25,55003.75
2024-07-09 22:00:00,17339.5,4.25,54056.75
2024-07-09 23:00:00,18186.0,4.5,50417.75
2024-07-10 00:00:00,17301.5,2.75,47472.25
2024-07-10 01:00:00,16318.0,3.5,45388.0
2024-07-10 02:00:00,14591.75,2.75,44790.75
2024-07-10 03:00:00,11988.75,2.25,45322.0
2024-07-10 04:00:00,9671.25,4.25,46046.75
2024-07-10 05:00:00,9471.5,339.75,47489.5
2024-07-10 06:00:00,8941.5,2411.25,53677.5
2024-07-10 07:00:00,6879.5,6819.5,58513.0
2024-07-10 08:00:00,5231.5,12360.5,61645.0
2024-07-10 09:00:00,4545.25,17551.75,62588.75
2024-07-10 10:00:00,4910.75,21790.75,63256.0
2024-07-10 11:00:00,5361.75,24464.5,63326.75
2024-07-10 12:00:00,5596.5,27173.25,63541.25
2024-07-10 13:00:00,5997.0,29242.75,62288.0
2024-07-10 14:00:00,5671.0,28751.5,60589.0
2024-07-10 15:00:00,5382.5,27189.75,58736.75
2024-07-10 16:00:00,4719.75,23139.75,56519.5
2024-07-10 17:00:00,4133.5,17240.75,57392.75
2024-07-10 18:00:00,3202.0,10435.75,58195.75
2024-07-10 19:00:00,2776.25,5022.5,58014.0
2024-07-10 20:00:00,2425.5,1627.0,56167.25
2024-07-10 21:00:00,2107.5,151.0,53694.0
2024-07-10 22:00:00,1738.75,5.75,50960.5
2024-07-10 23:00:00,1731.0,3.5,47542.0
2024-07-11 00:00:00,1825.0,2.75,44844.75
2024-07-11 01:00:00,1876.75,2.75,43045.5
2024-07-11 02:00:00,1688.5,2.5,42224.25
2024-07-11 03:00:00,1817.75,2.0,42122.5
2024-07-11 04:00:00,2095.0,3.75,42746.0
2024-07-11 05:00:00,2555.5,194.75,45158.25
2024-07-11 06:00:00,2904.75,1827.5,51372.75
2024-07-11 07:00:00,2521.25,5556.25,56555.5
2024-07-11 08:00:00,2271.25,11585.25,59748.25
2024-07-11 09:00:00,2488.0,19531.75,60787.25
2024-07-11 10:00:00,3553.0,26791.75,60472.5
2024-07-11 11:00:00,4716.25,31897.0,60997.75
2024-07-11 12:00:00,5456.75,34848.5,60243.5
2024-07-11 13:00:00,5369.5,36477.0,59225.75
2024-07-11 14:00:00,5103.0,35837.5,58375.75
2024-07-11 15:00:00,4437.0,34035.0,57692.75
2024-07-11 16:00:00,3556.0,29695.0,56827.0
2024-07-11 17:00:00,3111.75,22398.25,56735.25
2024-07-11 18:00:00,2293.5,13976.25,56476.0
2024-07-11 19:00:00,1572.0,6527.0,56141.25
2024-07-11 20:00:00,1396.75,1980.75,54468.75
2024-07-11 21:00:00,1419.0,146.5,52289.25
2024-07-11 22:00:00,1385.0,10.25,50347.25
2024-07-11 23:00:00,1633.25,2.5,46941.0
2024-07-12 00:00:00,1870.25,2.5,44482.75
2024-07-12 01:00:00,2236.25,2.75,42617.75
2024-07-12 02:00:00,2791.75,2.0,41528.5
2024-07-12 03:00:00,3560.25,2.0,41300.75
2024-07-12 04:00:00,4422.75,3.25,42286.75
2024-07-12 05:00:00,5369.0,261.5,44389.0
2024-07-12 06:00:00,6235.25,2252.5,50517.0
2024-07-12 07:00:00,5931.75,6739.0,55381.5
2024-07-12 08:00:00,5294.75,12123.25,58353.5
2024-07-12 09:00:00,5450.25,16605.5,59619.75
2024-07-12 10:00:00,7083.5,19347.25,59075.0
2024-07-12 11:00:00,9153.0,21089.25,59031.0
2024-07-12 12:00:00,11414.75,22203.0,58625.0
2024-07-12 13:00:00,12497.25,22623.25,57938.5
2024-07-12 14:00:00,13776.5,21377.75,56643.25
2024-07-12 15:00:00,15733.75,20657.75,56488.0
2024-07-12 16:00:00,17282.75,17465.5,56385.5
2024-07-12 17:00:00,18127.0,13153.5,57520.25
2024-07-12 18:00:00,18724.5,8075.5,58176.75
2024-07-12 19:00:00,19037.0,3685.75,57032.5
2024-07-12 20:00:00,18625.75,1031.0,54870.5
2024-07-12 21:00:00,16953.25,78.5,52022.0
2024-07-12 22:00:00,16104.0,10.0,49080.5
2024-07-12 23:00:00,15602.75,6.0,45962.5
2024-07-13 00:00:00,14445.25,4.5,43488.25
2024-07-13 01:00:00,13169.75,3.0,40833.75
2024-07-13 02:00:00,12165.75,3.75,39609.5
2024-07-13 03:00:00,12301.25,2.0,39192.0
2024-07-13 04:00:00,12564.75,3.75,38577.25
2024-07-13 05:00:00,12601.75,124.25,39123.0
2024-07-13 06:00:00,12853.75,1655.0,40374.25
2024-07-13 07:00:00,12973.75,5634.0,42800.25
2024-07-13 08:00:00,13346.25,11555.25,46350.5
2024-07-13 09:00:00,14323.75,17375.0,48354.0
2024-07-13 10:00:00,15146.0,22311.25,49657.5
2024-07-13 11:00:00,15104.75,26052.25,50281.5
2024-07-13 12:00:00,13935.75,28998.25,49805.25
2024-07-13 13:00:00,13370.75,29942.5,48270.25
2024-07-13 14:00:00,13516.75,29541.0,46899.75
2024-07-13 15:00:00,13231.0,27647.25,46324.25
2024-07-13 16:00:00,12900.0,23971.75,45946.25
2024-07-13 17:00:00,11721.0,18666.5,46691.25
2024-07-13 18:00:00,10006.25,11826.75,46782.25
2024-07-13 19:00:00,8087.25,5722.0,46321.0
2024-07-13 20:00:00,6475.5,1853.0,44557.25
2024-07-13 21:00:00,5372.0,117.5,43600.5
2024-07-13 22:00:00,4919.5,13.5,42899.0
2024-07-13 23:00:00,5224.25,6.25,40392.5
2024-07-14 00:00:00,5302.75,9.75,38033.75
2024-07-14 01:00:00,6003.5,4.0,36233.5
2024-07-14 02:00:00,6096.5,2.0,35799.75
2024-07-14 03:00:00,5465.75,4.25,35200.75
2024-07-14 04:00:00,5157.25,4.5,35069.0
2024-07-14 05:00:00,5843.75,269.25,34912.25
2024-07-14 06:00:00,6038.75,2767.75,35792.75
2024-07-14 07:00:00,5326.0,9323.5,37646.0
2024-07-14 08:00:00,4531.5,18955.0,40636.25
2024-07-14 09:00:00,4851.25,28257.75,42353.5
2024-07-14 10:00:00,5215.0,33922.75,43443.5
2024-07-14 11:00:00,5576.0,37002.0,44700.25
2024-07-14 12:00:00,6136.0,37940.5,44989.5
2024-07-14 13:00:00,5316.25,37652.5,43502.0
2024-07-14 14:00:00,5287.75,35444.5,42543.5
2024-07-14 15:00:00,7537.5,31876.5,42275.25
2024-07-14 16:00:00,8596.75,25972.25,42548.75
2024-07-14 17:00:00,7982.0,18334.75,44096.25
2024-07-14 18:00:00,8249.5,11063.25,45751.5
2024-07-14 19:00:00,6847.75,5293.25,46277.25
2024-07-14 20:00:00,4655.5,1586.0,45601.5
2024-07-14 21:00:00,3741.5,96.5,44848.75
2024-07-14 22:00:00,4033.0,6.75,44605.0
2024-07-14 23:00:00,4670.5,3.75,42370.25
2024-07-15 00:00:00,5127.5,6.5,40202.5
2024-07-15 01:00:00,5855.5,3.5,38403.75
2024-07-15 02:00:00,5955.75,3.0,37449.25
2024-07-15 03:00:00,5938.5,3.75,37337.0
2024-07-15 04:00:00,5931.75,7.5,38485.5
2024-07-15 05:00:00,5974.25,284.75,41392.25
2024-07-15 06:00:00,5723.5,2844.0,48658.0
2024-07-15 07:00:00,4882.5,9625.25,53888.25
2024-07-15 08:00:00,3451.25,19470.5,57322.25
2024-07-15 09:00:00,3512.75,29589.25,57890.75
2024-07-15 10:00:00,4090.25,37088.25,57713.25
2024-07-15 11:00:00,4373.5,42312.0,58323.0
2024-07-15 12:00:00,4513.75,44973.25,57717.25
2024-07-15 13:00:00,3975.75,44466.5,56881.5
2024-07-15 14:00:00,3163.25,42838.5,55715.0
2024-07-15 15:00:00,2307.25,39003.5,54745.75
2024-07-15 16:00:00,1658.0,32255.0,54402.5
2024-07-15 17:00:00,1353.5,23999.25,54922.25
2024-07-15 18:00:00,1207.0,13893.25,56188.75
2024-07-15 19:00:00,1678.75,5436.5,56222.0
2024-07-15 20:00:00,3114.75,1424.5,54033.75
2024-07-15 21:00:00,5786.0,82.5,51695.5
2024-07-15 22:00:00,8665.75,3.5,49605.0
2024-07-15 23:00:00,13243.75,3.75,47442.75
2024-07-16 00:00:00,16013.5,4.0,44066.0
2024-07-16 01:00:00,16424.5,2.25,42364.75
2024-07-16 02:00:00,15964.5,3.25,41495.0
2024-07-16 03:00:00,15583.75,2.5,42024.75
2024-07-16 04:00:00,14316.75,4.0,42739.25
2024-07-16 05:00:00,13980.75,118.25,45792.0
2024-07-16 06:00:00,13247.0,1437.0,52678.5
2024-07-16 07:00:00,11761.25,4771.25,56698.25
2024-07-16 08:00:00,11424.5,9946.25,60302.0
2024-07-16 09:00:00,11961.5,16446.25,60180.0
2024-07-16 10:00:00,12339.25,22832.75,61013.5
2024-07-16 11:00:00,13325.75,27854.5,61090.5
2024-07-16 12:00:00,14370.75,30715.0,60432.75
2024-07-16 13:00:00,14929.75,32599.25,59049.5
2024-07-16 14:00:00,15489.75,32616.75,57428.25
2024-07-16 15:00:00,16024.0,29634.75,57386.5
2024-07-16 16:00:00,16038.25,25495.5,56808.0
2024-07-16 17:00:00,16388.5,19762.25,56286.0
2024-07-16 18:00:00,15352.25,12609.75,56146.5
2024-07-16 19:00:00,13090.75,6045.75,55765.0
2024-07-16 20:00:00,11409.75,1692.25,53338.25
2024-07-16 21:00:00,11494.0,99.5,51053.0
2024-07-16 22:00:00,12266.25,10.5,48566.25
2024-07-16 23:00:00,13066.75,4.5,45635.0
2024-07-17 00:00:00,13422.75,4.5,43471.5
2024-07-17 01:00:00,13765.75,3.0,41640.5
2024-07-17 02:00:00,14499.5,2.25,40738.5
2024-07-17 03:00:00,14816.5,2.0,41341.75
2024-07-17 04:00:00,14650.0,4.25,43064.75
2024-07-17 05:00:00,14533.25,188.5,45701.25
2024-07-17 06:00:00,13661.0,1993.0,52044.75
2024-07-17 07:00:00,11991.75,6480.0,56568.25
2024-07-17 08:00:00,11797.25,12736.5,59381.25
2024-07-17 09:00:00,12874.0,19484.25,60399.5
2024-07-17 10:00:00,13719.75,24906.5,60767.75
2024-07-17 11:00:00,13620.25,27590.75,60703.25
2024-07-17 12:00:00,13105.0,28953.25,60011.5
2024-07-17 13:00:00,12769.25,28510.25,59395.5
2024-07-17 14:00:00,12750.25,27664.5,57884.0
2024-07-17 15:00:00,12470.5,26420.75,57694.5
2024-07-17 16:00:00,11934.0,23723.75,56837.75
2024-07-17 17:00:00,10654.0,18739.5,57073.25
2024-07-17 18:00:00,9773.5,12456.25,57368.5
2024-07-17 19:00:00,8171.25,5983.25,56683.5
2024-07-17 20:00:00,6202.5,1682.75,54999.75
2024-07-17 21:00:00,4866.5,79.5,52916.0
2024-07-17 22:00:00,3974.5,9.75,50753.0
2024-07-17 23:00:00,3363.75,7.25,47133.75
2024-07-18 00:00:00,3176.5,8.0,44564.5
2024-07-18 01:00:00,2937.75,5.5,42475.75
2024-07-18 02:00:00,3000.0,3.25,41278.0
2024-07-18 03:00:00,2872.5,2.25,41181.25
2024-07-18 04:00:00,2714.75,5.25,42432.5
2024-07-18 05:00:00,2800.0,228.25,45104.5
2024-07-18 06:00:00,2503.5,2657.0,50426.25
2024-07-18 07:00:00,1944.0,8951.5,55408.5
2024-07-18 08:00:00,1261.0,18135.25,58986.75
2024-07-18 09:00:00,724.25,27698.75,59796.5
2024-07-18 10:00:00,561.75,35330.25,60240.0
2024-07-18 11:00:00,602.75,39830.25,60212.25
2024-07-18 12:00:00,617.75,41953.25,59398.25
2024-07-18 13:00:00,624.25,42159.75,58577.5
2024-07-18 14:00:00,641.5,40633.75,57821.25
2024-07-18 15:00:00,608.75,36880.0,56930.75
2024-07-18 16:00:00,625.0,31284.25,55986.25
2024-07-18 17:00:00,624.0,24081.0,56324.25
2024-07-18 18:00:00,534.25,15248.25,56724.75
2024-07-18 19:00:00,491.25,7007.25,56449.25
2024-07-18 20:00:00,757.75,1861.75,54427.25
2024-07-18 21:00:00,1345.75,103.5,52421.0
2024-07-18 22:00:00,1945.75,7.75,50475.75
2024-07-18 23:00:00,2729.5,4.25,46910.5
2024-07-19 00:00:00,3296.0,4.25,43815.0
2024-07-19 01:00:00,3608.5,3.25,42380.25
2024-07-19 02:00:00,3544.75,3.0,41623.5
2024-07-19 03:00:00,3509.25,4.25,41096.5
2024-07-19 04:00:00,3341.75,6.75,41916.25
2024-07-19 05:00:00,3183.75,224.5,43960.25
2024-07-19 06:00:00,2752.25,2655.5,49596.75
2024-07-19 07:00:00,2158.0,9069.75,54542.0
2024-07-19 08:00:00,1196.5,18096.5,57506.25
2024-07-19 09:00:00,526.75,27650.0,58720.5
2024-07-19 10:00:00,421.0,35655.0,58471.5
2024-07-19 11:00:00,600.0,40770.25,58836.0
2024-07-19 12:00:00,647.25,42886.25,58709.75
2024-07-19 13:00:00,534.0,42107.25,56984.75
2024-07-19 14:00:00,468.5,39432.0,55462.0
2024-07-19 15:00:00,459.75,35418.75,54888.25
2024-07-19 16:00:00,544.5,29725.5,54328.75
2024-07-19 17:00:00,761.0,22161.25,54686.5
2024-07-19 18:00:00,1188.0,13435.75,54260.5
2024-07-19 19:00:00,1771.25,6004.5,53476.0
2024-07-19 20:00:00,2429.75,1740.5,51357.75
2024-07-19 21:00:00,3557.75,104.0,49716.0
2024-07-19 22:00:00,4818.25,4.5,47613.0
2024-07-19 23:00:00,5648.5,4.0,44551.25
2024-07-20 00:00:00,5769.5,3.25,42399.25
2024-07-20 01:00:00,5763.5,3.25,40558.5
2024-07-20 02:00:00,5658.0,4.0,39190.0
2024-07-20 03:00:00,5487.0,3.5,38800.25
2024-07-20 04:00:00,5267.75,4.0,38630.75
2024-07-20 05:00:00,5432.5,177.5,38719.0
2024-07-20 06:00:00,5086.25,2243.0,40376.5
2024-07-20 07:00:00,4161.5,8095.25,42807.0
2024-07-20 08:00:00,2071.25,17098.0,45970.5
2024-07-20 09:00:00,1244.75,26754.0,48331.75
2024-07-20 10:00:00,1667.0,34927.75,49257.25
2024-07-20 11:00:00,2248.5,40765.5,49409.25
2024-07-20 12:00:00,2336.75,42572.25,48922.25
2024-07-20 13:00:00,2273.5,42052.25,47233.5
2024-07-20 14:00:00,2376.25,40371.75,45984.75
2024-07-20 15:00:00,2364.25,36563.0,45713.25
2024-07-20 16:00:00,2531.25,30598.5,45904.25
2024-07-20 17:00:00,3060.75,22543.75,46751.75
2024-07-20 18:00:00,3709.75,13731.25,47559.75
2024-07-20 19:00:00,4651.0,6025.75,47462.75
2024-07-20 20:00:00,5847.25,1517.75,45709.5
2024-07-20 21:00:00,7941.5,61.0,44831.0
2024-07-20 22:00:00,10057.5,5.0,43511.25
2024-07-20 23:00:00,11917.0,3.0,41038.25
2024-07-21 00:00:00,11762.5,3.0,38839.25
2024-07-21 01:00:00,10804.75,3.0,37274.0
2024-07-21 02:00:00,9712.0,3.0,35993.25
2024-07-21 03:00:00,8553.75,3.5,35257.75
2024-07-21 04:00:00,7857.75,4.25,34532.5
2024-07-21 05:00:00,7331.5,185.0,35052.0
2024-07-21 06:00:00,6507.75,2384.0,35611.25
2024-07-21 07:00:00,4869.5,8337.25,37764.25
2024-07-21 08:00:00,2067.75,17066.75,41250.0
2024-07-21 09:00:00,1148.0,25838.0,43695.0
2024-07-21 10:00:00,1114.75,32554.5,45703.5
2024-07-21 11:00:00,1796.0,36436.75,46217.75
2024-07-21 12:00:00,2236.5,37654.5,45113.5
2024-07-21 13:00:00,3077.5,35654.75,43603.0
2024-07-21 14:00:00,3594.25,31952.25,43880.5
2024-07-21 15:00:00,4526.5,27853.25,43643.5
2024-07-21 16:00:00,5963.0,21861.75,44261.5
2024-07-21 17:00:00,6105.25,16090.25,45701.5
2024-07-21 18:00:00,5583.75,9655.0,46398.5
2024-07-21 19:00:00,5818.25,4257.75,46895.75
2024-07-21 20:00:00,5116.0,1120.0,46249.0
2024-07-21 21:00:00,4121.25,48.75,45559.75
2024-07-21 22:00:00,3850.5,12.0,44703.5
2024-07-21 23:00:00,4707.0,8.5,42421.0
2024-07-22 00:00:00,5125.5,3.75,40292.0
2024-07-22 01:00:00,5929.5,3.0,38817.5
2024-07-22 02:00:00,6474.5,3.0,38550.25
2024-07-22 03:00:00,7106.0,3.75,39005.0
2024-07-22 04:00:00,7564.75,7.25,39605.5
2024-07-22 05:00:00,8527.0,84.0,43281.0
2024-07-22 06:00:00,10509.5,1218.75,49989.5
2024-07-22 07:00:00,11259.25,4516.5,55564.25
2024-07-22 08:00:00,11511.25,9789.75,59137.25
2024-07-22 09:00:00,12478.0,15883.25,60341.75
2024-07-22 10:00:00,13364.5,21911.0,60377.25
2024-07-22 11:00:00,13944.25,27232.75,61435.75
2024-07-22 12:00:00,14071.5,31023.0,60354.75
2024-07-22 13:00:00,13981.25,32965.5,59161.75
2024-07-22 14:00:00,14048.5,32569.0,57798.5
2024-07-22 15:00:00,13436.75,30486.75,57046.25
2024-07-22 16:00:00,11844.25,26884.0,56418.0
2024-07-22 17:00:00,10719.25,20934.75,57263.5
2024-07-22 18:00:00,8708.75,13544.25,57173.25
2024-07-22 19:00:00,5634.25,6022.25,56165.0
2024-07-22 20:00:00,3248.75,1510.25,53878.25
2024-07-22 21:00:00,2489.5,70.25,51838.0
2024-07-22 22:00:00,2700.75,13.25,49591.75
2024-07-22 23:00:00,3434.25,3.25,46329.25
2024-07-23 00:00:00,4102.0,3.75,43450.5
2024-07-23 01:00:00,5191.5,2.75,42166.25
2024-07-23 02:00:00,6059.0,3.25,40677.25
2024-07-23 03:00:00,6414.25,3.25,40571.5
2024-07-23 04:00:00,6593.25,5.5,41338.0
2024-07-23 05:00:00,6987.5,131.5,43547.25
2024-07-23 06:00:00,7300.25,1891.5,49414.25
2024-07-23 07:00:00,6467.25,6474.0,54237.75
2024-07-23 08:00:00,4965.25,12770.25,57299.75
2024-07-23 09:00:00,5091.25,20291.25,58725.25
2024-07-23 10:00:00,6641.0,26419.5,60475.75
2024-07-23 11:00:00,8277.25,29080.5,60902.5
2024-07-23 12:00:00,8897.5,29901.25,60164.75
2024-07-23 13:00:00,9185.0,30908.25,59266.75
2024-07-23 14:00:00,9891.5,30155.0,58103.25
2024-07-23 15:00:00,10709.75,26326.5,57232.5
2024-07-23 16:00:00,10524.5,21552.5,55954.5
2024-07-23 17:00:00,9940.0,15754.25,56098.25
2024-07-23 18:00:00,9975.0,9313.75,56368.5
2024-07-23 19:00:00,9960.25,4273.75,55725.25
2024-07-23 20:00:00,8482.25,1125.25,53191.75
2024-07-23 21:00:00,7084.5,59.0,51424.75
2024-07-23 22:00:00,6804.5,6.75,48495.0
2024-07-23 23:00:00,6867.5,3.25,45251.75
2024-07-24 00:00:00,7304.0,3.5,43091.0
2024-07-24 01:00:00,7288.25,5.0,41507.75
2024-07-24 02:00:00,7520.5,5.25,40880.75
2024-07-24 03:00:00,7788.5,4.5,40813.0
2024-07-24 04:00:00,7509.0,4.75,41439.25
2024-07-24 05:00:00,7597.5,109.0,43939.5
2024-07-24 06:00:00,7484.75,1658.0,49547.5
2024-07-24 07:00:00,6639.5,5235.5,54207.0
2024-07-24 08:00:00,6863.5,10397.75,57744.0
2024-07-24 09:00:00,7546.0,17137.25,58972.75
2024-07-24 10:00:00,7610.5,23830.25,59771.75
2024-07-24 11:00:00,7794.75,29255.0,60542.25
2024-07-24 12:00:00,9269.25,32706.0,59662.75
2024-07-24 13:00:00,9898.75,33920.0,57760.75
2024-07-24 14:00:00,11191.0,33826.75,56166.75
2024-07-24 15:00:00,12114.25,32477.0,55424.25
2024-07-24 16:00:00,12125.25,28529.75,54911.75
2024-07-24 17:00:00,11749.75,22360.5,55166.0
2024-07-24 18:00:00,10020.25,14076.5,54756.0
2024-07-24 19:00:00,7755.75,6238.5,54574.25
2024-07-24 20:00:00,5232.25,1480.75,53042.5
2024-07-24 21:00:00,4395.5,49.0,51080.25
2024-07-24 22:00:00,4145.5,7.25,48999.25
2024-07-24 23:00:00,4130.0,3.25,45783.0
2024-07-25 00:00:00,3677.5,4.75,43334.5
2024-07-25 01:00:00,2844.25,3.25,41599.75
2024-07-25 02:00:00,2417.5,2.25,40436.75
2024-07-25 03:00:00,2080.75,2.0,40311.25
2024-07-25 04:00:00,1776.25,3.5,40917.75
2024-07-25 05:00:00,1940.5,129.75,43374.5
2024-07-25 06:00:00,1850.0,2231.0,48967.5
2024-07-25 07:00:00,1528.75,8516.5,53719.25
2024-07-25 08:00:00,1042.25,17904.25,56795.75
2024-07-25 09:00:00,1116.25,27639.75,57086.75
2024-07-25 10:00:00,1373.75,34899.25,57013.0
2024-07-25 11:00:00,1657.75,38811.0,57703.5
2024-07-25 12:00:00,1651.75,41191.75,57394.75
2024-07-25 13:00:00,1508.75,42056.25,56078.25
2024-07-25 14:00:00,1317.25,40126.25,55278.25
2024-07-25 15:00:00,1170.75,35935.5,54678.0
2024-07-25 16:00:00,1157.25,29308.75,53848.25
2024-07-25 17:00:00,1101.25,20564.75,54999.25
2024-07-25 18:00:00,1084.25,11896.25,55209.5
2024-07-25 19:00:00,1318.0,5260.5,54614.75
2024-07-25 20:00:00,1744.75,1242.25,53021.5
2024-07-25 21:00:00,2100.75,24.0,51656.0
2024-07-25 22:00:00,2594.75,15.0,48748.5
2024-07-25 23:00:00,3508.75,3.75,45392.0
2024-07-26 00:00:00,4693.5,5.25,42950.0
2024-07-26 01:00:00,5964.75,3.0,41237.5
2024-07-26 02:00:00,6614.25,4.25,40546.5
2024-07-26 03:00:00,7026.75,2.25,40504.0
2024-07-26 04:00:00,7452.5,3.75,41127.75
2024-07-26 05:00:00,8019.75,83.25,43775.75
2024-07-26 06:00:00,8365.75,1639.25,49398.75
2024-07-26 07:00:00,7373.75,5675.5,54579.75
2024-07-26 08:00:00,6174.0,11040.5,57813.75
2024-07-26 09:00:00,5911.5,15970.75,59385.5
2024-07-26 10:00:00,5985.25,19489.5,60465.25
2024-07-26 11:00:00,6182.25,21498.75,60292.75
2024-07-26 12:00:00,6511.75,23286.5,59099.25
2024-07-26 13:00:00,7176.75,23970.5,57834.0
2024-07-26 14:00:00,7421.75,24572.75,56623.0
2024-07-26 15:00:00,7423.5,24881.5,55821.75
2024-07-26 16:00:00,6911.5,22779.5,53992.25
2024-07-26 17:00:00,6070.5,17640.5,54014.25
2024-07-26 18:00:00,4759.5,10799.5,54296.0
2024-07-26 19:00:00,3748.0,4586.0,52888.5
2024-07-26 20:00:00,2372.25,991.5,50523.0
2024-07-26 21:00:00,2001.75,39.75,48852.0
2024-07-26 22:00:00,1791.75,9.75,46494.0
2024-07-26 23:00:00,1552.25,8.75,43592.75
2024-07-27 00:00:00,1503.75,5.0,40208.25
2024-07-27 01:00:00,1632.0,4.75,38627.0
2024-07-27 02:00:00,1500.0,3.0,37387.5
2024-07-27 03:00:00,1046.75,2.5,36828.25
2024-07-27 04:00:00,824.5,2.5,36882.25
2024-07-27 05:00:00,857.0,50.0,37616.75
2024-07-27 06:00:00,770.75,1225.0,39095.5
2024-07-27 07:00:00,699.25,4697.25,41596.75
2024-07-27 08:00:00,483.25,9768.0,44914.25
2024-07-27 09:00:00,294.75,15818.5,47648.75
2024-07-27 10:00:00,274.0,22303.75,49615.75
2024-07-27 11:00:00,350.25,26711.25,50458.5
2024-07-27 12:00:00,413.5,28452.25,49160.25
2024-07-27 13:00:00,520.5,28515.0,47940.0
2024-07-27 14:00:00,674.75,26143.0,46949.0
2024-07-27 15:00:00,967.25,21490.75,46808.0
2024-07-27 16:00:00,1260.5,15890.25,46125.5
2024-07-27 17:00:00,1561.75,10748.0,46899.0
2024-07-27 18:00:00,1868.0,5822.75,47518.5
2024-07-27 19:00:00,2379.5,2328.5,46322.0
2024-07-27 20:00:00,2660.25,480.25,44530.75
2024-07-27 21:00:00,2998.75,31.75,43387.75
2024-07-27 22:00:00,3660.0,4.5,41634.0
2024-07-27 23:00:00,4674.0,4.5,39477.5
2024-07-28 00:00:00,5571.5,6.25,36642.75
2024-07-28 01:00:00,6244.0,9.0,35451.5
2024-07-28 02:00:00,7288.25,3.25,34356.5
2024-07-28 03:00:00,8465.75,3.0,34149.5
2024-07-28 04:00:00,9328.0,4.5,34471.0
2024-07-28 05:00:00,10117.5,39.75,34524.0
2024-07-28 06:00:00,10852.25,816.0,35079.0
2024-07-28 07:00:00,9717.5,3903.5,37099.75
2024-07-28 08:00:00,7531.5,9461.0,39922.25
2024-07-28 09:00:00,6874.0,17232.75,42585.0
2024-07-28 10:00:00,7226.5,25909.75,44411.75
2024-07-28 11:00:00,6701.25,32871.0,45352.5
2024-07-28 12:00:00,6687.75,36886.5,44536.25
2024-07-28 13:00:00,5075.25,38130.5,43006.5
2024-07-28 14:00:00,4892.0,36669.75,41268.5
2024-07-28 15:00:00,6766.0,34830.0,40928.75
2024-07-28 16:00:00,8848.25,30561.5,41110.0
2024-07-28 17:00:00,9386.0,23709.5,42409.25
2024-07-28 18:00:00,10301.25,15060.25,45244.75
2024-07-28 19:00:00,9164.0,6178.5,45736.0
2024-07-28 20:00:00,6785.25,1320.5,45124.25
2024-07-28 21:00:00,6595.5,30.0,45324.5
2024-07-28 22:00:00,7063.0,5.25,44684.0
2024-07-28 23:00:00,7669.25,3.0,42073.0
2024-07-29 00:00:00,7359.0,3.0,37835.0
2024-07-29 01:00:00,6644.0,3.0,36392.25
2024-07-29 02:00:00,6097.25,4.5,35550.5
2024-07-29 03:00:00,5735.25,3.0,35516.5
2024-07-29 04:00:00,5580.5,4.5,36819.0
2024-07-29 05:00:00,5659.25,96.75,39562.5
2024-07-29 06:00:00,5356.25,1949.0,45270.5
2024-07-29 07:00:00,4007.75,8496.0,51005.25
2024-07-29 08:00:00,2676.25,18639.25,54008.5
2024-07-29 09:00:00,2221.0,29321.75,54014.5
2024-07-29 10:00:00,2636.5,37873.5,54018.75
2024-07-29 11:00:00,2939.5,42635.25,53858.0
2024-07-29 12:00:00,2988.0,46192.5,53454.25
2024-07-29 13:00:00,2798.5,46897.5,53087.5
2024-07-29 14:00:00,2505.0,45695.0,51723.5
2024-07-29 15:00:00,2136.0,41870.0,51065.0
2024-07-29 16:00:00,1896.5,35850.25,50858.5
2024-07-29 17:00:00,1515.25,26938.0,51437.25
2024-07-29 18:00:00,1282.25,15819.25,51879.75
2024-07-29 19:00:00,1382.25,6125.75,52031.75
2024-07-29 20:00:00,1860.0,1275.5,50869.25
2024-07-29 21:00:00,2619.25,37.5,49281.75
2024-07-29 22:00:00,3677.25,11.75,46278.5
2024-07-29 23:00:00,4764.25,5.25,42500.75
2024-07-30 00:00:00,5069.75,4.75,40137.75
2024-07-30 01:00:00,5089.0,3.75,38728.5
2024-07-30 02:00:00,4696.5,3.5,37977.25
2024-07-30 03:00:00,4081.0,5.5,37554.25
2024-07-30 04:00:00,3763.0,6.0,38138.0
2024-07-30 05:00:00,3722.75,83.0,40839.5
2024-07-30 06:00:00,3970.75,1879.0,46326.0
2024-07-30 07:00:00,3486.75,8264.25,51561.5
2024-07-30 08:00:00,1946.75,18151.0,54690.5
2024-07-30 09:00:00,735.25,28697.75,55608.25
2024-07-30 10:00:00,538.5,37193.5,55831.75
2024-07-30 11:00:00,534.25,43269.75,56366.0
2024-07-30 12:00:00,486.5,46116.0,55440.0
2024-07-30 13:00:00,468.25,46204.25,54468.0
2024-07-30 14:00:00,437.0,44284.25,53431.75
2024-07-30 15:00:00,415.0,40282.75,52945.0
2024-07-30 16:00:00,472.75,33704.75,52337.5
2024-07-30 17:00:00,580.0,24762.75,53119.0
2024-07-30 18:00:00,742.75,14316.0,53571.25
2024-07-30 19:00:00,1041.25,5589.5,53347.5
2024-07-30 20:00:00,1343.5,1180.25,51896.25
2024-07-30 21:00:00,1803.0,34.5,50224.5
2024-07-30 22:00:00,2326.0,9.5,47750.0
2024-07-30 23:00:00,2828.75,2.75,44431.75
2024-07-31 00:00:00,2746.75,4.25,41326.75
2024-07-31 01:00:00,2590.0,2.0,39644.75
2024-07-31 02:00:00,2197.25,2.0,38689.5
2024-07-31 03:00:00,1528.5,3.25,38138.25
2024-07-31 04:00:00,1195.75,4.75,38810.5
2024-07-31 05:00:00,1018.75,79.5,42231.5
2024-07-31 06:00:00,1128.5,1869.75,47881.5
2024-07-31 07:00:00,1123.5,7705.5,53184.5
2024-07-31 08:00:00,895.5,16551.5,56130.75
2024-07-31 09:00:00,454.0,26380.0,57160.75
2024-07-31 10:00:00,415.0,33625.25,57939.75
2024-07-31 11:00:00,566.25,37270.75,59429.5
2024-07-31 12:00:00,804.5,39016.5,59285.5
2024-07-31 13:00:00,851.25,38526.0,57750.75
2024-07-31 14:00:00,1152.75,36329.75,56234.25
2024-07-31 15:00:00,1555.75,31755.75,55396.0
2024-07-31 16:00:00,1891.5,24937.25,54746.75
2024-07-31 17:00:00,2541.5,17846.5,55017.75
2024-07-31 18:00:00,3286.75,10322.25,54911.75
2024-07-31 19:00:00,3626.5,4291.75,54705.75
2024-07-31 20:00:00,3773.75,927.5,52854.75
2024-07-31 21:00:00,4027.75,24.0,51067.0
2024-07-31 22:00:00,3943.75,6.0,48091.25
2024-07-31 23:00:00,4420.25,3.25,44815.5
2024-08-01 00:00:00,4526.25,3.0,44247.75
2024-08-01 01:00:00,4113.5,2.5,42449.75
2024-08-01 02:00:00,3524.5,2.0,41238.75
2024-08-01 03:00:00,3163.5,2.0,41059.75
2024-08-01 04:00:00,2842.75,2.5,41754.5
2024-08-01 05:00:00,2977.5,57.25,44452.5
2024-08-01 06:00:00,3117.25,1623.5,50009.0
2024-08-01 07:00:00,2356.25,7026.5,55335.0
2024-08-01 08:00:00,1082.25,15093.0,58745.75
2024-08-01 09:00:00,850.75,23350.75,60659.0
2024-08-01 10:00:00,991.5,29669.25,61800.25
2024-08-01 11:00:00,1340.5,32202.5,63135.25
2024-08-01 12:00:00,1313.0,31517.5,62350.75
2024-08-01 13:00:00,1337.75,29212.75,61580.5
2024-08-01 14:00:00,1942.0,27075.5,59936.0
2024-08-01 15:00:00,2399.75,23638.25,59070.5
2024-08-01 16:00:00,2682.25,19077.5,57876.0
2024-08-01 17:00:00,3429.75,13296.0,57956.25
2024-08-01 18:00:00,4167.0,8104.75,58007.25
2024-08-01 19:00:00,5260.75,3536.75,56626.25
2024-08-01 20:00:00,5621.25,670.25,54267.5
2024-08-01 21:00:00,5844.75,9.25,52602.25
2024-08-01 22:00:00,5663.75,4.25,49703.5
2024-08-01 23:00:00,5502.75,3.25,46289.5
2024-08-02 00:00:00,4943.75,9.75,43758.25
2024-08-02 01:00:00,4824.5,4.25,42127.25
2024-08-02 02:00:00,4548.25,2.0,41673.25
2024-08-02 03:00:00,4257.25,5.25,41281.5
2024-08-02 04:00:00,4215.75,2.0,41738.75
2024-08-02 05:00:00,4710.0,19.25,44474.25
2024-08-02 06:00:00,5343.75,710.75,49862.75
2024-08-02 07:00:00,5157.75,3392.75,54380.75
2024-08-02 08:00:00,4408.0,7770.75,57552.25
2024-08-02 09:00:00,3817.75,12822.0,58240.75
2024-08-02 10:00:00,3331.0,18138.25,59063.0
2024-08-02 11:00:00,3124.5,23358.0,59645.25
2024-08-02 12:00:00,2694.0,26645.5,59030.0
2024-08-02 13:00:00,2157.0,28803.0,56457.25
2024-08-02 14:00:00,1838.25,29469.5,54607.75
2024-08-02 15:00:00,1656.5,28325.5,54243.0
2024-08-02 16:00:00,1500.75,24950.25,53481.5
2024-08-02 17:00:00,1416.0,19699.25,53521.25
2024-08-02 18:00:00,1293.25,12252.5,53867.0
2024-08-02 19:00:00,1187.25,4792.75,52746.75
2024-08-02 20:00:00,1094.75,886.75,50874.75
2024-08-02 21:00:00,1194.0,19.0,49210.25
2024-08-02 22:00:00,1136.75,7.75,46752.5
2024-08-02 23:00:00,1113.5,3.0,43757.75
2024-08-03 00:00:00,1139.0,7.5,41178.25
2024-08-03 01:00:00,1121.25,2.25,39589.0
2024-08-03 02:00:00,1077.5,2.0,38628.5
2024-08-03 03:00:00,1140.75,4.5,37980.5
2024-08-03 04:00:00,1183.25,2.75,38032.0
2024-08-03 05:00:00,1290.75,43.0,38332.5
2024-08-03 06:00:00,1371.75,1419.0,39312.5
2024-08-03 07:00:00,1150.5,6369.75,41080.75
2024-08-03 08:00:00,819.0,13998.5,44155.25
2024-08-03 09:00:00,605.75,22748.0,47202.0
2024-08-03 10:00:00,587.5,30043.0,48672.75
2024-08-03 11:00:00,987.75,34123.25,48819.0
2024-08-03 12:00:00,1574.5,35901.0,47737.0
2024-08-03 13:00:00,2039.5,35199.75,46340.75
2024-08-03 14:00:00,2640.0,33667.5,45799.75
2024-08-03 15:00:00,3149.25,30249.25,45368.75
2024-08-03 16:00:00,3627.5,25184.0,44741.25
2024-08-03 17:00:00,4021.5,18149.25,45452.5
2024-08-03 18:00:00,3651.0,10183.25,46250.0
2024-08-03 19:00:00,3799.75,3802.5,46109.25
2024-08-03 20:00:00,3661.75,623.5,44688.0
2024-08-03 21:00:00,3123.75,16.25,44024.75
2024-08-03 22:00:00,3624.0,7.25,42418.0
2024-08-03 23:00:00,4140.5,8.5,39913.75
2024-08-04 00:00:00,4437.0,6.25,38265.25
2024-08-04 01:00:00,4424.25,8.0,36656.5
2024-08-04 02:00:00,4736.5,5.25,36122.75
2024-08-04 03:00:00,5171.25,3.0,35585.5
2024-08-04 04:00:00,5516.75,6.25,35416.75
2024-08-04 05:00:00,6041.75,17.5,35421.25
2024-08-04 06:00:00,6972.25,739.5,35844.75
2024-08-04 07:00:00,6740.5,3986.25,37664.25
2024-08-04 08:00:00,6814.0,9665.0,40605.75
2024-08-04 09:00:00,7770.75,16403.25,43841.75
2024-08-04 10:00:00,7987.75,22255.75,45526.25
2024-08-04 11:00:00,8943.75,26716.25,46941.75
2024-08-04 12:00:00,9626.5,29230.0,46273.75
2024-08-04 13:00:00,11189.0,29762.0,44589.0
2024-08-04 14:00:00,12636.25,28350.75,44451.5
2024-08-04 15:00:00,13923.25,25393.25,44259.0
2024-08-04 16:00:00,13868.5,20883.75,43709.25
2024-08-04 17:00:00,13426.0,14745.0,44609.0
2024-08-04 18:00:00,11403.75,8840.5,45160.75
2024-08-04 19:00:00,8821.5,3765.5,45457.75
2024-08-04 20:00:00,6685.25,658.75,45414.5
2024-08-04 21:00:00,5464.0,11.25,45461.5
2024-08-04 22:00:00,5350.75,4.0,43932.75
2024-08-04 23:00:00,5228.25,3.0,41980.0
2024-08-05 00:00:00,4837.5,3.5,40036.25
2024-08-05 01:00:00,4332.75,3.0,39056.25
2024-08-05 02:00:00,4192.0,3.25,38153.75
2024-08-05 03:00:00,3887.25,2.25,38637.0
2024-08-05 04:00:00,3358.75,2.75,39883.5
2024-08-05 05:00:00,3092.0,29.75,43288.25
2024-08-05 06:00:00,2930.5,921.0,49065.5
2024-08-05 07:00:00,2185.75,4622.5,53749.0
2024-08-05 08:00:00,1407.5,10631.75,57074.75
2024-08-05 09:00:00,1184.0,18236.5,58325.5
2024-08-05 10:00:00,1339.0,25759.0,58385.75
2024-08-05 11:00:00,1547.0,31768.5,58619.0
2024-08-05 12:00:00,1570.0,35883.25,57799.75
2024-08-05 13:00:00,1433.75,38154.5,56208.0
2024-08-05 14:00:00,1270.25,38458.5,54351.25
2024-08-05 15:00:00,1066.25,36164.25,53412.5
2024-08-05 16:00:00,873.0,30743.0,53061.75
2024-08-05 17:00:00,641.5,22788.75,53801.25
2024-08-05 18:00:00,443.5,13212.75,54583.0
2024-08-05 19:00:00,294.25,5104.75,54297.25
2024-08-05 20:00:00,395.0,831.25,52892.5
2024-08-05 21:00:00,707.75,19.5,51549.5
2024-08-05 22:00:00,1288.25,10.0,48640.0
2024-08-05 23:00:00,2026.75,5.0,45335.5
2024-08-06 00:00:00,2661.0,4.5,42983.25
2024-08-06 01:00:00,3331.0,6.5,41335.5
2024-08-06 02:00:00,3483.5,3.0,40488.0
2024-08-06 03:00:00,3372.75,4.75,40502.0
2024-08-06 04:00:00,3027.25,4.0,41157.75
2024-08-06 05:00:00,2968.5,34.5,43925.5
2024-08-06 06:00:00,3101.0,1363.5,49654.25
2024-08-06 07:00:00,2736.75,7356.0,54320.25
2024-08-06 08:00:00,1508.75,17401.75,56914.25
2024-08-06 09:00:00,657.0,28212.25,57636.5
2024-08-06 10:00:00,959.0,36703.0,58028.0
2024-08-06 11:00:00,1212.0,42313.0,57686.0
2024-08-06 12:00:00,1330.25,45270.0,57051.5
2024-08-06 13:00:00,1292.75,45374.25,56048.75
2024-08-06 14:00:00,1240.25,43345.0,55330.5
2024-08-06 15:00:00,1134.5,39026.75,54584.25
2024-08-06 16:00:00,1047.25,32287.5,53967.75
2024-08-06 17:00:00,1020.25,23580.25,54618.75
2024-08-06 18:00:00,1150.0,13275.75,55246.25
2024-08-06 19:00:00,1430.75,4755.5,55604.0
2024-08-06 20:00:00,2290.25,762.5,54402.25
2024-08-06 21:00:00,3727.25,21.0,53007.25
2024-08-06 22:00:00,5312.75,13.5,49965.25
2024-08-06 23:00:00,6067.0,8.0,46493.25
2024-08-07 00:00:00,6423.5,3.75,44055.5
2024-08-07 01:00:00,6492.0,3.5,42717.25
2024-08-07 02:00:00,5978.0,3.0,41977.25
2024-08-07 03:00:00,5402.75,3.0,41767.5
2024-08-07 04:00:00,4870.75,3.25,42722.0
2024-08-07 05:00:00,4469.5,30.5,45140.0
2024-08-07 06:00:00,4345.5,1315.75,50036.0
2024-08-07 07:00:00,3692.25,6881.0,54675.25
2024-08-07 08:00:00,1846.5,15308.25,57985.75
2024-08-07 09:00:00,875.5,23618.25,58404.75
2024-08-07 10:00:00,923.0,29542.0,59219.5
2024-08-07 11:00:00,1716.75,31688.0,60381.25
2024-08-07 12:00:00,2859.75,32100.75,60352.0
2024-08-07 13:00:00,3814.25,30769.0,59448.5
2024-08-07 14:00:00,4734.25,27537.75,57291.5
2024-08-07 15:00:00,5488.25,23652.5,56442.75
2024-08-07 16:00:00,5857.0,19908.5,56092.75
2024-08-07 17:00:00,5885.25,14482.0,57153.75
2024-08-07 18:00:00,6046.5,8353.5,57540.5
2024-08-07 19:00:00,5719.25,3382.0,56690.5
2024-08-07 20:00:00,4008.0,571.75,55010.25
2024-08-07 21:00:00,3605.25,12.75,53750.5
2024-08-07 22:00:00,3755.0,9.25,50346.5
2024-08-07 23:00:00,3869.25,6.5,46538.5
2024-08-08 00:00:00,3633.25,2.5,43854.25
2024-08-08 01:00:00,3525.25,2.0,42267.75
2024-08-08 02:00:00,3317.75,2.5,41527.75
2024-08-08 03:00:00,2939.75,2.25,41054.75
2024-08-08 04:00:00,2947.0,3.0,42304.75
2024-08-08 05:00:00,3318.5,16.75,45443.25
2024-08-08 06:00:00,4324.0,884.25,50757.5
2024-08-08 07:00:00,4229.0,3884.75,55291.75
2024-08-08 08:00:00,3940.5,7837.5,58429.75
2024-08-08 09:00:00,3291.0,13343.5,59542.75
2024-08-08 10:00:00,3331.75,19167.75,58935.5
2024-08-08 11:00:00,3981.5,25012.0,59690.75
2024-08-08 12:00:00,4725.75,28955.25,59937.75
2024-08-08 13:00:00,4784.5,31058.75,58765.25
2024-08-08 14:00:00,5033.5,32265.25,56714.5
2024-08-08 15:00:00,4846.5,30731.0,55341.5
2024-08-08 16:00:00,4593.0,25955.25,54321.0
2024-08-08 17:00:00,3523.75,19594.25,54470.25
2024-08-08 18:00:00,2518.0,11668.25,55321.25
2024-08-08 19:00:00,1478.75,4363.5,54979.25
2024-08-08 20:00:00,1072.5,613.75,53469.0
2024-08-08 21:00:00,1098.5,16.75,52242.25
2024-08-08 22:00:00,2091.25,6.0,49032.75
2024-08-08 23:00:00,4230.0,4.5,45372.0
2024-08-09 00:00:00,6759.75,9.0,43203.25
2024-08-09 01:00:00,8852.75,11.5,41770.5
2024-08-09 02:00:00,10662.25,10.25,40724.75
2024-08-09 03:00:00,11883.5,8.75,40620.75
2024-08-09 04:00:00,13381.25,9.25,41354.5
2024-08-09 05:00:00,15297.0,21.25,44170.0
2024-08-09 06:00:00,18617.0,1056.75,49870.25
2024-08-09 07:00:00,19479.0,5552.75,54314.0
2024-08-09 08:00:00,18446.5,12391.75,57460.5
2024-08-09 09:00:00,18020.0,19822.75,58930.0
2024-08-09 10:00:00,18571.5,25405.5,60320.25
2024-08-09 11:00:00,20850.0,28457.25,60861.25
2024-08-09 12:00:00,22099.0,28968.5,60576.0
2024-08-09 13:00:00,21736.0,27981.0,59341.75
2024-08-09 14:00:00,22283.0,26077.75,58047.0
2024-08-09 15:00:00,22262.0,23501.5,57372.0
2024-08-09 16:00:00,21958.5,20349.75,56511.25
2024-08-09 17:00:00,22816.25,15879.25,56633.5
2024-08-09 18:00:00,21681.5,9737.0,56823.75
2024-08-09 19:00:00,18888.5,3838.0,55323.5
2024-08-09 20:00:00,15729.0,548.75,52874.0
2024-08-09 21:00:00,13471.75,26.75,50714.5
2024-08-09 22:00:00,12362.0,14.5,47759.5
2024-08-09 23:00:00,11057.25,10.25,44663.25
2024-08-10 00:00:00,10046.5,9.25,42172.25
2024-08-10 01:00:00,8780.0,5.5,40527.75
2024-08-10 02:00:00,8227.25,6.5,39091.0
2024-08-10 03:00:00,7848.25,3.5,38615.25
2024-08-10 04:00:00,8090.75,6.25,38199.0
2024-08-10 05:00:00,8628.0,18.25,38750.25
2024-08-10 06:00:00,9703.5,1046.0,39869.75
2024-08-10 07:00:00,8937.25,6361.75,42442.5
2024-08-10 08:00:00,7082.75,15267.75,46165.25
2024-08-10 09:00:00,6876.25,25130.75,48520.25
2024-08-10 10:00:00,7325.25,32046.25,48776.75
2024-08-10 11:00:00,7877.0,36264.0,48463.5
2024-08-10 12:00:00,8532.5,38204.0,47821.25
2024-08-10 13:00:00,6872.0,38408.25,46186.75
2024-08-10 14:00:00,6197.5,37470.0,44584.25
2024-08-10 15:00:00,7005.75,34941.25,44260.5
2024-08-10 16:00:00,8875.0,30252.75,44926.75
2024-08-10 17:00:00,10405.75,22739.75,47029.0
2024-08-10 18:00:00,11229.75,12634.0,47685.0
2024-08-10 19:00:00,9163.5,4200.75,47532.5
2024-08-10 20:00:00,7443.25,513.0,46436.0
2024-08-10 21:00:00,6601.75,29.75,46014.75
2024-08-10 22:00:00,5782.75,8.5,44239.0
2024-08-10 23:00:00,5216.25,5.5,41801.75
2024-08-11 00:00:00,5013.0,5.75,39496.75
2024-08-11 01:00:00,4465.25,8.0,37834.5
2024-08-11 02:00:00,4275.25,6.0,37005.0
2024-08-11 03:00:00,4333.25,5.5,36516.75
2024-08-11 04:00:00,4445.25,5.0,36431.0
2024-08-11 05:00:00,4393.25,17.5,36661.75
2024-08-11 06:00:00,4125.5,974.75,37096.75
2024-08-11 07:00:00,3434.5,6039.75,38486.25
2024-08-11 08:00:00,2697.5,15133.25,41253.75
2024-08-11 09:00:00,2853.5,25518.75,43583.25
2024-08-11 10:00:00,2688.5,33201.75,44102.75
2024-08-11 11:00:00,2717.0,38703.25,44802.0
2024-08-11 12:00:00,3070.25,41704.5,44236.75
2024-08-11 13:00:00,2239.5,41169.75,42263.0
2024-08-11 14:00:00,2392.25,39679.0,41043.75
2024-08-11 15:00:00,2931.75,36826.25,40931.0
2024-08-11 16:00:00,3523.0,31928.5,41528.75
2024-08-11 17:00:00,3170.0,24055.0,43025.0
2024-08-11 18:00:00,3012.25,13264.5,44452.25
2024-08-11 19:00:00,2833.5,4348.0,45385.75
2024-08-11 20:00:00,3309.0,522.75,45561.5
2024-08-11 21:00:00,4497.75,12.5,45423.0
2024-08-11 22:00:00,5933.5,8.25,44010.0
2024-08-11 23:00:00,6642.25,5.75,41559.0
2024-08-12 00:00:00,6576.0,5.75,39670.0
2024-08-12 01:00:00,6408.75,7.0,38393.5
2024-08-12 02:00:00,6229.5,5.5,37644.0
2024-08-12 03:00:00,6054.25,8.0,37802.0
2024-08-12 04:00:00,5895.25,7.0,39029.5
2024-08-12 05:00:00,5825.0,19.75,41920.0
2024-08-12 06:00:00,6191.75,1057.25,48261.75
2024-08-12 07:00:00,5212.75,6595.25,53673.5
2024-08-12 08:00:00,3143.25,16135.25,57541.75
2024-08-12 09:00:00,1697.25,26686.25,57937.5
2024-08-12 10:00:00,1350.25,35281.75,58964.25
2024-08-12 11:00:00,1487.0,40677.0,59449.5
2024-08-12 12:00:00,1722.5,43876.0,58526.75
2024-08-12 13:00:00,1814.75,44332.0,57307.5
2024-08-12 14:00:00,1855.25,42477.75,56200.75
2024-08-12 15:00:00,1803.0,37756.5,55629.75
2024-08-12 16:00:00,2027.5,30543.0,55270.75
2024-08-12 17:00:00,2578.25,21509.5,55784.5
2024-08-12 18:00:00,3129.0,11630.0,56672.25
2024-08-12 19:00:00,3570.0,4055.5,57264.25
2024-08-12 20:00:00,5203.0,535.0,55765.5
2024-08-12 21:00:00,8838.0,25.25,54906.25
2024-08-12 22:00:00,11659.25,11.5,51811.25
2024-08-12 23:00:00,12886.75,5.75,48655.75
2024-08-13 00:00:00,13278.5,6.25,46117.25
2024-08-13 01:00:00,13213.5,6.25,44441.75
2024-08-13 02:00:00,13005.0,8.5,43053.75
2024-08-13 03:00:00,12307.75,7.0,42650.25
2024-08-13 04:00:00,11452.5,6.5,42890.25
2024-08-13 05:00:00,11160.0,18.25,45769.75
2024-08-13 06:00:00,11279.0,923.25,51227.5
2024-08-13 07:00:00,9403.0,6162.25,55907.75
2024-08-13 08:00:00,6140.25,15280.5,59741.5
2024-08-13 09:00:00,3913.75,25554.25,60740.75
2024-08-13 10:00:00,3535.25,34168.75,61193.0
2024-08-13 11:00:00,4027.5,39910.75,61036.75
2024-08-13 12:00:00,4358.25,42767.5,60500.0
2024-08-13 13:00:00,4296.5,42956.25,59464.5
2024-08-13 14:00:00,4807.25,40355.75,58462.0
2024-08-13 15:00:00,4762.5,34607.5,58608.75
2024-08-13 16:00:00,5846.0,27473.25,58312.5
2024-08-13 17:00:00,7144.0,18247.5,58855.75
2024-08-13 18:00:00,8533.25,8945.75,58907.25
2024-08-13 19:00:00,11113.0,2799.0,57980.0
2024-08-13 20:00:00,13463.75,302.25,57015.0
2024-08-13 21:00:00,16542.5,12.75,56491.75
2024-08-13 22:00:00,16296.0,6.75,52191.0
2024-08-13 23:00:00,15095.0,9.5,48836.0
2024-08-14 00:00:00,13687.25,4.25,46453.0
2024-08-14 01:00:00,10049.25,6.25,44425.75
2024-08-14 02:00:00,9370.25,4.0,43507.25
2024-08-14 03:00:00,9244.0,2.5,42987.5
2024-08-14 04:00:00,8699.75,3.5,43467.0
2024-08-14 05:00:00,7756.0,13.75,45436.5
2024-08-14 06:00:00,7781.75,860.25,50991.5
2024-08-14 07:00:00,6388.75,5298.0,56121.25
2024-08-14 08:00:00,4417.25,12806.0,59889.0
2024-08-14 09:00:00,2795.75,21436.0,61176.25
2024-08-14 10:00:00,2527.75,28171.5,61803.75
2024-08-14 11:00:00,2350.75,32748.0,62102.5
2024-08-14 12:00:00,2989.75,34739.0,61271.0
2024-08-14 13:00:00,2968.0,34725.5,59851.25
2024-08-14 14:00:00,2166.0,33098.75,58529.25
2024-08-14 15:00:00,1969.75,29161.75,58279.5
2024-08-14 16:00:00,2818.0,23148.25,58321.75
2024-08-14 17:00:00,3705.0,15430.75,58847.5
2024-08-14 18:00:00,3841.75,7518.25,58466.75
2024-08-14 19:00:00,3459.75,2427.0,57355.5
2024-08-14 20:00:00,3006.0,275.0,55190.25
2024-08-14 21:00:00,2770.5,17.5,53754.5
2024-08-14 22:00:00,2757.0,9.25,50160.0
2024-08-14 23:00:00,2324.0,5.0,47142.25
2024-08-15 00:00:00,2478.75,3.75,45334.75
2024-08-15 01:00:00,2459.0,3.5,43381.5
2024-08-15 02:00:00,2549.25,3.75,42235.0
2024-08-15 03:00:00,2554.5,4.25,42002.75
2024-08-15 04:00:00,2777.25,3.5,42328.0
2024-08-15 05:00:00,2876.75,9.0,44817.0
2024-08-15 06:00:00,2989.5,699.0,49710.0
2024-08-15 07:00:00,2591.5,4583.0,53980.0
2024-08-15 08:00:00,1906.75,11292.75,56919.75
2024-08-15 09:00:00,1757.25,19411.25,57606.25
2024-08-15 10:00:00,2138.5,27435.75,58191.25
2024-08-15 11:00:00,2394.0,33940.25,58597.0
2024-08-15 12:00:00,2524.5,37582.75,57652.5
2024-08-15 13:00:00,2765.75,38782.0,56150.25
2024-08-15 14:00:00,3066.75,37076.25,54629.75
2024-08-15 15:00:00,4018.5,33737.75,54079.5
2024-08-15 16:00:00,5097.75,27951.25,53961.75
2024-08-15 17:00:00,5825.75,20330.75,54820.75
2024-08-15 18:00:00,5292.5,11004.5,56087.25
2024-08-15 19:00:00,4218.0,3505.0,56132.75
2024-08-15 20:00:00,4147.0,316.75,54594.25
2024-08-15 21:00:00,4255.25,14.25,52675.5
2024-08-15 22:00:00,5247.75,6.75,49563.0
2024-08-15 23:00:00,5958.0,7.0,46308.25
2024-08-16 00:00:00,6667.75,7.0,43560.75
2024-08-16 01:00:00,6501.5,7.75,42315.25
2024-08-16 02:00:00,6715.75,4.75,41876.0
2024-08-16 03:00:00,6628.25,3.75,41847.0
2024-08-16 04:00:00,6228.0,5.75,42004.5
2024-08-16 05:00:00,6401.75,9.75,44559.0
2024-08-16 06:00:00,7532.0,737.0,49824.25
2024-08-16 07:00:00,7569.5,5362.75,54230.5
2024-08-16 08:00:00,6868.0,13793.75,57458.75
2024-08-16 09:00:00,6960.75,23097.25,58839.25
2024-08-16 10:00:00,8980.25,30424.5,58752.25
2024-08-16 11:00:00,11079.0,34133.0,59643.25
2024-08-16 12:00:00,11441.75,34749.0,58367.0
2024-08-16 13:00:00,10807.5,34141.25,56973.5
2024-08-16 14:00:00,10008.5,32284.0,55620.0
2024-08-16 15:00:00,8470.25,29084.25,54706.5
2024-08-16 16:00:00,6836.5,24178.5,54204.75
2024-08-16 17:00:00,5493.5,17033.25,54501.25
2024-08-16 18:00:00,4431.25,9139.25,54526.5
2024-08-16 19:00:00,3362.0,2887.25,53638.25
2024-08-16 20:00:00,2374.5,248.5,51950.5
2024-08-16 21:00:00,1478.5,16.25,50322.75
2024-08-16 22:00:00,1297.5,5.5,46990.5
2024-08-16 23:00:00,1247.75,4.5,44020.75
2024-08-17 00:00:00,1505.25,6.25,41469.75
2024-08-17 01:00:00,1516.25,4.75,39546.0
2024-08-17 02:00:00,1529.0,3.25,38471.75
2024-08-17 03:00:00,1499.0,3.5,37908.0
2024-08-17 04:00:00,1357.25,4.75,38013.25
2024-08-17 05:00:00,1743.0,7.25,38731.0
2024-08-17 06:00:00,2225.25,458.5,40052.5
2024-08-17 07:00:00,2518.75,3058.5,42380.75
2024-08-17 08:00:00,2193.75,7986.25,45239.5
2024-08-17 09:00:00,1629.25,14578.25,47538.25
2024-08-17 10:00:00,1395.5,21638.0,49226.75
2024-08-17 11:00:00,1549.25,26741.5,49966.0
2024-08-17 12:00:00,1990.75,29846.0,49451.75
2024-08-17 13:00:00,2125.25,30563.0,47805.0
2024-08-17 14:00:00,2048.25,29919.0,46207.25
2024-08-17 15:00:00,1977.25,27541.75,45500.75
2024-08-17 16:00:00,1960.75,22863.0,45832.75
2024-08-17 17:00:00,2060.0,16177.5,46793.0
2024-08-17 18:00:00,2460.75,8277.0,47428.75
2024-08-17 19:00:00,2422.0,2509.25,46945.5
2024-08-17 20:00:00,2163.5,189.5,45839.0
2024-08-17 21:00:00,1702.75,10.25,45051.75
2024-08-17 22:00:00,1544.25,6.25,43015.75
2024-08-17 23:00:00,1282.75,5.0,40421.5
2024-08-18 00:00:00,1276.5,4.5,38771.25
2024-08-18 01:00:00,1212.75,4.25,37113.5
2024-08-18 02:00:00,1081.25,5.0,35943.25
2024-08-18 03:00:00,1001.75,5.0,35245.75
2024-08-18 04:00:00,966.75,3.5,34950.25
2024-08-18 05:00:00,1141.25,5.75,35499.5
2024-08-18 06:00:00,1339.75,326.75,35816.75
2024-08-18 07:00:00,1265.25,2021.25,37115.5
2024-08-18 08:00:00,985.0,4623.0,39807.75
2024-08-18 09:00:00,870.25,8164.5,42243.5
2024-08-18 10:00:00,923.0,11988.5,44553.5
2024-08-18 11:00:00,1113.75,15347.0,46840.5
2024-08-18 12:00:00,1433.5,18513.5,46954.25
2024-08-18 13:00:00,1952.0,19787.25,45707.0
2024-08-18 14:00:00,3225.75,18636.5,44461.0
2024-08-18 15:00:00,4524.75,16205.5,43885.75
2024-08-18 16:00:00,5715.0,12702.5,43821.25
2024-08-18 17:00:00,6620.5,8552.5,44963.5
2024-08-18 18:00:00,6937.0,4745.75,45826.5
2024-08-18 19:00:00,7113.25,1728.75,45849.0
2024-08-18 20:00:00,7057.75,182.75,45451.5
2024-08-18 21:00:00,7154.5,6.5,44951.75
2024-08-18 22:00:00,7272.5,4.0,43431.25
2024-08-18 23:00:00,7079.0,3.25,41043.75
2024-08-19 00:00:00,7153.75,3.75,38839.25
2024-08-19 01:00:00,7245.5,3.0,38067.5
2024-08-19 02:00:00,6976.75,2.5,37698.0
2024-08-19 03:00:00,6847.25,4.5,37833.75
2024-08-19 04:00:00,6553.75,5.75,39108.75
2024-08-19 05:00:00,6014.25,7.25,42263.0
2024-08-19 06:00:00,5465.25,350.25,48561.0
2024-08-19 07:00:00,4422.0,3115.25,53209.0
2024-08-19 08:00:00,2765.75,9034.25,56645.5
2024-08-19 09:00:00,1846.0,16971.25,57847.25
2024-08-19 10:00:00,1649.25,24071.75,58155.75
2024-08-19 11:00:00,1457.0,28097.0,58849.0
2024-08-19 12:00:00,1299.25,29327.25,57264.0
2024-08-19 13:00:00,1120.75,29011.5,56431.5
2024-08-19 14:00:00,1059.5,27911.0,53562.25
2024-08-19 15:00:00,899.25,25841.0,51871.75
2024-08-19 16:00:00,731.5,21712.75,53761.75
2024-08-19 17:00:00,561.25,15648.0,54140.75
2024-08-19 18:00:00,405.75,8341.25,55287.5
2024-08-19 19:00:00,476.75,2540.0,54885.5
2024-08-19 20:00:00,879.75,186.5,53337.25
2024-08-19 21:00:00,1309.0,16.75,51566.5
2024-08-19 22:00:00,2330.5,10.75,47839.25
2024-08-19 23:00:00,3861.5,5.5,44444.5
2024-08-20 00:00:00,5514.0,6.75,41394.25
2024-08-20 01:00:00,6842.75,9.5,40479.5
2024-08-20 02:00:00,7758.0,7.75,39864.5
2024-08-20 03:00:00,8274.5,12.5,39748.5
2024-08-20 04:00:00,8704.5,12.5,40607.0
2024-08-20 05:00:00,8743.25,16.25,43904.25
2024-08-20 06:00:00,9005.0,535.25,50047.25
2024-08-20 07:00:00,8537.0,4290.0,54405.5
2024-08-20 08:00:00,6414.25,11072.25,57086.25
2024-08-20 09:00:00,3634.25,19143.25,58157.75
2024-08-20 10:00:00,2898.0,25885.75,59096.5
2024-08-20 11:00:00,3312.75,30576.0,59501.0
2024-08-20 12:00:00,3999.25,32881.75,59517.5
2024-08-20 13:00:00,4895.75,33069.0,58749.5
2024-08-20 14:00:00,5537.0,31384.0,57313.5
2024-08-20 15:00:00,5659.75,27818.75,56777.5
2024-08-20 16:00:00,5611.75,22212.5,56121.25
2024-08-20 17:00:00,5880.25,14999.0,56893.75
2024-08-20 18:00:00,4907.25,7672.75,58044.5
2024-08-20 19:00:00,3880.75,2212.75,57669.75
2024-08-20 20:00:00,4099.25,119.5,56511.5
2024-08-20 21:00:00,5707.0,11.0,53761.5
2024-08-20 22:00:00,7240.75,7.25,49873.75
2024-08-20 23:00:00,9108.75,8.5,46015.25
2024-08-21 00:00:00,11606.0,9.0,43875.0
2024-08-21 01:00:00,13875.25,13.0,42615.75
2024-08-21 02:00:00,14653.75,5.5,41460.5
2024-08-21 03:00:00,15261.75,4.5,41903.25
2024-08-21 04:00:00,16201.25,10.0,42612.0
2024-08-21 05:00:00,17599.5,11.0,45491.0
2024-08-21 06:00:00,19572.0,372.0,51710.75
2024-08-21 07:00:00,18869.25,3396.5,56251.5
2024-08-21 08:00:00,19304.25,9882.0,59131.25
2024-08-21 09:00:00,20338.5,17992.0,59968.5
2024-08-21 10:00:00,22963.5,24564.25,61636.0
2024-08-21 11:00:00,23181.25,29420.25,61064.5
2024-08-21 12:00:00,22912.0,32442.75,59807.0
2024-08-21 13:00:00,21868.0,33529.75,59268.5
2024-08-21 14:00:00,20017.75,32745.5,57177.5
2024-08-21 15:00:00,21184.0,30521.25,55871.75
2024-08-21 16:00:00,20750.5,26074.0,55298.75
2024-08-21 17:00:00,22269.0,18600.5,57828.75
2024-08-21 18:00:00,20785.0,9560.5,58261.5
2024-08-21 19:00:00,15813.75,2748.75,57228.5
2024-08-21 20:00:00,12780.5,193.5,55800.75
2024-08-21 21:00:00,11166.75,30.5,53725.75
2024-08-21 22:00:00,10585.0,13.5,50086.25
2024-08-21 23:00:00,10303.0,13.0,46800.5
2024-08-22 00:00:00,9686.25,11.5,43414.5
2024-08-22 01:00:00,9408.75,7.5,41384.5
2024-08-22 02:00:00,9084.25,8.0,40307.25
2024-08-22 03:00:00,9423.25,10.5,40298.25
2024-08-22 04:00:00,9727.5,9.25,41217.5
2024-08-22 05:00:00,10354.0,13.25,44166.75
2024-08-22 06:00:00,11607.0,402.75,50056.5
2024-08-22 07:00:00,12234.0,3719.5,54755.5
2024-08-22 08:00:00,10943.25,10499.75,57606.25
2024-08-22 09:00:00,9885.5,19624.5,58277.75
2024-08-22 10:00:00,11449.0,28652.25,58607.0
2024-08-22 11:00:00,12161.5,34593.25,58494.5
2024-08-22 12:00:00,11792.5,38185.75,57746.25
2024-08-22 13:00:00,11261.75,39202.5,57106.25
2024-08-22 14:00:00,11814.5,37694.5,55607.75
2024-08-22 15:00:00,12760.5,34100.5,55324.25
2024-08-22 16:00:00,13925.75,27603.25,55663.5
2024-08-22 17:00:00,14758.0,18833.0,56883.75
2024-08-22 18:00:00,13344.75,8904.0,56799.5
2024-08-22 19:00:00,12318.0,2249.25,57150.25
2024-08-22 20:00:00,13893.5,104.5,55601.75
2024-08-22 21:00:00,15154.5,27.75,53223.75
2024-08-22 22:00:00,16117.5,16.25,49714.25
2024-08-22 23:00:00,17565.0,12.75,46592.0
2024-08-23 00:00:00,18491.75,12.25,43797.75
2024-08-23 01:00:00,19205.75,11.75,42637.75
2024-08-23 02:00:00,19163.0,12.0,42052.25
2024-08-23 03:00:00,19500.5,13.5,41951.5
2024-08-23 04:00:00,20346.75,12.5,43217.5
2024-08-23 05:00:00,21234.5,16.25,46104.25
2024-08-23 06:00:00,23236.25,428.75,51796.75
2024-08-23 07:00:00,23982.0,4153.5,57174.5
2024-08-23 08:00:00,24020.25,11924.5,59937.25
2024-08-23 09:00:00,22875.0,21664.75,59860.25
2024-08-23 10:00:00,22496.25,29959.5,60352.25
2024-08-23 11:00:00,23153.25,35444.75,60164.5
2024-08-23 12:00:00,25320.25,37987.25,60387.0
2024-08-23 13:00:00,26314.75,36868.5,59051.5
2024-08-23 14:00:00,27359.25,34117.75,58119.75
2024-08-23 15:00:00,28497.75,29783.25,56678.0
2024-08-23 16:00:00,28513.5,23744.0,56315.25
2024-08-23 17:00:00,29096.25,16301.25,57470.0
2024-08-23 18:00:00,26059.25,8091.25,57349.0
2024-08-23 19:00:00,20641.5,2108.25,55864.0
2024-08-23 20:00:00,17861.0,106.0,54450.75
2024-08-23 21:00:00,14424.0,16.75,51831.25
2024-08-23 22:00:00,10846.0,14.75,47918.75
2024-08-23 23:00:00,8809.0,14.5,44224.0
2024-08-24 00:00:00,6528.5,11.25,42231.0
2024-08-24 01:00:00,5909.5,9.75,40179.75
2024-08-24 02:00:00,5668.25,9.0,38949.0
2024-08-24 03:00:00,6091.75,6.5,38323.5
2024-08-24 04:00:00,7322.75,5.5,38213.25
2024-08-24 05:00:00,8345.25,11.25,39162.0
2024-08-24 06:00:00,10443.75,416.75,40654.5
2024-08-24 07:00:00,12048.5,4637.25,42686.75
2024-08-24 08:00:00,11024.75,13380.0,45776.25
2024-08-24 09:00:00,10190.25,23630.0,48897.75
2024-08-24 10:00:00,10226.25,31924.25,50506.0
2024-08-24 11:00:00,12078.25,37896.0,51106.5
2024-08-24 12:00:00,11366.75,40928.5,49681.0
2024-08-24 13:00:00,10795.75,40943.75,47412.25
2024-08-24 14:00:00,11172.0,39153.5,45905.0
2024-08-24 15:00:00,14878.0,35904.75,46222.75
2024-08-24 16:00:00,18616.5,29266.5,47059.25
2024-08-24 17:00:00,19205.5,19551.0,48705.5
2024-08-24 18:00:00,18249.25,9237.25,49747.75
2024-08-24 19:00:00,17649.0,2061.0,49032.25
2024-08-24 20:00:00,23328.0,76.5,48229.5
2024-08-24 21:00:00,27006.0,24.5,48449.25
2024-08-24 22:00:00,23650.25,13.75,46022.75
2024-08-24 23:00:00,21878.75,7.25,42834.5
2024-08-25 00:00:00,22472.0,7.5,40206.75
2024-08-25 01:00:00,23539.75,9.5,37630.0
2024-08-25 02:00:00,22381.25,9.5,36474.5
2024-08-25 03:00:00,21310.25,14.5,35673.75
2024-08-25 04:00:00,20585.5,16.25,35097.75
2024-08-25 05:00:00,21976.75,20.5,36195.5
2024-08-25 06:00:00,23258.5,211.5,36953.25
2024-08-25 07:00:00,21852.5,2020.25,38625.25
2024-08-25 08:00:00,21001.0,5933.75,41580.0
2024-08-25 09:00:00,20732.0,11941.25,43894.5
2024-08-25 10:00:00,18151.25,18448.5,45474.25
2024-08-25 11:00:00,16014.75,23449.75,46421.25
2024-08-25 12:00:00,14520.25,27009.25,46146.0
2024-08-25 13:00:00,11922.75,28464.75,43684.5
2024-08-25 14:00:00,10286.0,28226.25,42208.25
2024-08-25 15:00:00,9435.5,25972.25,41716.25
2024-08-25 16:00:00,8800.25,21737.0,42198.5
2024-08-25 17:00:00,7501.0,15804.0,44614.0
2024-08-25 18:00:00,5499.25,8347.75,46443.0
2024-08-25 19:00:00,3212.75,2339.75,46683.25
2024-08-25 20:00:00,2852.0,83.25,46504.25
2024-08-25 21:00:00,3313.75,8.25,45822.25
2024-08-25 22:00:00,4190.25,9.5,43695.5
2024-08-25 23:00:00,5004.75,14.25,40865.5
2024-08-26 00:00:00,6232.25,15.5,38596.0
2024-08-26 01:00:00,7013.0,13.0,37676.5
2024-08-26 02:00:00,7324.25,12.5,37632.5
2024-08-26 03:00:00,7646.75,10.5,38045.25
2024-08-26 04:00:00,7724.5,13.25,39408.0
2024-08-26 05:00:00,7533.5,15.75,43619.25
2024-08-26 06:00:00,7602.75,321.25,50836.25
2024-08-26 07:00:00,6986.25,3868.25,55194.0
2024-08-26 08:00:00,5836.75,11583.75,58390.25
2024-08-26 09:00:00,4514.75,20584.0,58946.25
2024-08-26 10:00:00,5241.5,28624.5,59230.5
2024-08-26 11:00:00,6949.25,33733.75,59192.25
2024-08-26 12:00:00,7742.25,35024.0,58769.5
2024-08-26 13:00:00,7332.5,34319.75,57720.0
2024-08-26 14:00:00,6785.75,32393.5,55799.5
2024-08-26 15:00:00,6015.0,28669.25,55141.5
2024-08-26 16:00:00,5068.5,23020.5,54661.5
2024-08-26 17:00:00,4287.0,15577.0,55660.75
2024-08-26 18:00:00,2867.75,7535.75,56208.0
2024-08-26 19:00:00,1731.0,1891.25,55786.75
2024-08-26 20:00:00,1333.0,72.5,54256.0
2024-08-26 21:00:00,1205.5,13.75,51908.0
2024-08-26 22:00:00,1555.25,8.5,48374.0
2024-08-26 23:00:00,1736.25,3.75,45231.5
2024-08-27 00:00:00,1892.0,5.0,42735.25
2024-08-27 01:00:00,2039.75,4.75,41592.0
2024-08-27 02:00:00,2124.75,3.5,40904.5
2024-08-27 03:00:00,2174.0,3.5,40906.0
2024-08-27 04:00:00,2329.25,3.0,41944.0
2024-08-27 05:00:00,2695.75,3.5,44788.0
2024-08-27 06:00:00,3681.0,321.75,50978.25
2024-08-27 07:00:00,4591.25,4431.5,55498.0
2024-08-27 08:00:00,4498.75,13711.5,59008.25
2024-08-27 09:00:00,2541.25,24355.25,59633.75
2024-08-27 10:00:00,2100.25,33185.75,59518.75
2024-08-27 11:00:00,2947.25,39011.5,58989.0
2024-08-27 12:00:00,3346.5,41757.75,57959.75
2024-08-27 13:00:00,3422.5,42263.75,56427.0
2024-08-27 14:00:00,3321.5,40577.5,55036.75
2024-08-27 15:00:00,3031.5,36333.75,54517.0
2024-08-27 16:00:00,3023.25,29861.5,54414.25
2024-08-27 17:00:00,3019.0,20271.25,55318.5
2024-08-27 18:00:00,3233.75,9270.75,56423.75
2024-08-27 19:00:00,3881.25,2063.25,56208.5
2024-08-27 20:00:00,6134.75,74.5,55809.25
2024-08-27 21:00:00,9655.0,19.0,53316.5
2024-08-27 22:00:00,12462.25,15.0,49783.0
2024-08-27 23:00:00,14043.25,11.25,46042.0
2024-08-28 00:00:00,13636.0,10.75,44379.25
2024-08-28 01:00:00,11899.25,13.75,43030.0
2024-08-28 02:00:00,10898.25,12.0,42256.75
2024-08-28 03:00:00,10543.0,12.5,42479.5
2024-08-28 04:00:00,9792.5,13.0,43309.5
2024-08-28 05:00:00,9731.75,13.25,46168.0
2024-08-28 06:00:00,10448.25,322.5,52116.25
2024-08-28 07:00:00,10159.75,4370.5,56197.25
2024-08-28 08:00:00,7052.0,13640.5,58720.75
2024-08-28 09:00:00,3330.5,24605.25,59154.5
2024-08-28 10:00:00,2219.0,33902.75,59876.25
2024-08-28 11:00:00,2769.0,40231.25,60083.25
2024-08-28 12:00:00,3992.25,43444.0,59076.0
2024-08-28 13:00:00,4942.75,43769.0,58342.75
2024-08-28 14:00:00,5015.0,41803.5,57202.75
2024-08-28 15:00:00,4753.0,36997.25,57222.5
2024-08-28 16:00:00,4668.0,29475.75,57503.75
2024-08-28 17:00:00,5017.75,19613.0,58601.75
2024-08-28 18:00:00,4896.0,8869.25,59327.75
2024-08-28 19:00:00,5029.0,1876.5,59234.5
2024-08-28 20:00:00,7333.0,60.0,58483.75
2024-08-28 21:00:00,10114.0,15.75,56526.25
2024-08-28 22:00:00,12219.0,11.5,52798.75
2024-08-28 23:00:00,13022.5,13.5,49215.5
2024-08-29 00:00:00,12956.75,13.25,46651.5
2024-08-29 01:00:00,12434.25,10.75,45109.25
2024-08-29 02:00:00,11503.75,7.5,44503.25
2024-08-29 03:00:00,10209.75,7.5,43753.25
2024-08-29 04:00:00,9154.5,11.75,44332.5
2024-08-29 05:00:00,8158.0,11.0,47102.75
2024-08-29 06:00:00,7514.25,288.75,53198.75
2024-08-29 07:00:00,6392.25,4178.5,57583.0
2024-08-29 08:00:00,4534.25,13232.75,60744.75
2024-08-29 09:00:00,2033.25,23830.0,61560.0
2024-08-29 10:00:00,993.5,32513.5,61775.75
2024-08-29 11:00:00,1107.0,38480.25,61880.75
2024-08-29 12:00:00,2164.0,41844.5,61734.25
2024-08-29 13:00:00,3522.75,42190.25,60647.25
2024-08-29 14:00:00,4348.25,39370.0,58968.5
2024-08-29 15:00:00,5110.5,33853.75,58821.0
2024-08-29 16:00:00,5511.75,26195.25,58780.75
2024-08-29 17:00:00,5542.0,17002.5,58751.75
2024-08-29 18:00:00,5184.75,7501.75,58950.75
2024-08-29 19:00:00,4227.5,1554.75,58657.5
2024-08-29 20:00:00,3155.25,52.25,57758.0
2024-08-29 21:00:00,2779.75,20.0,54954.5
2024-08-29 22:00:00,2969.5,9.5,50766.5
2024-08-29 23:00:00,3269.75,3.0,47428.0
2024-08-30 00:00:00,3202.25,5.25,45069.5
2024-08-30 01:00:00,3209.0,4.75,43534.25
2024-08-30 02:00:00,3262.25,4.0,42650.75
2024-08-30 03:00:00,3155.75,4.75,42829.75
2024-08-30 04:00:00,3098.0,5.25,43350.5
2024-08-30 05:00:00,3452.5,6.5,46574.5
2024-08-30 06:00:00,4494.75,250.25,52583.25
2024-08-30 07:00:00,5542.0,3431.5,57098.75
2024-08-30 08:00:00,5403.0,10104.25,60618.75
2024-08-30 09:00:00,4012.25,18260.0,62055.75
2024-08-30 10:00:00,3664.0,25246.5,62990.75
2024-08-30 11:00:00,3143.25,29790.25,63410.25
2024-08-30 12:00:00,2902.25,32230.75,61629.75
2024-08-30 13:00:00,2850.0,32534.5,59633.0
2024-08-30 14:00:00,3223.75,31089.0,57776.25
2024-08-30 15:00:00,4196.0,27479.25,56742.5
2024-08-30 16:00:00,5480.25,21705.5,56424.25
2024-08-30 17:00:00,6618.25,13826.0,56562.5
2024-08-30 18:00:00,7840.5,6099.75,56020.25
2024-08-30 19:00:00,8046.75,1280.75,55420.5
2024-08-30 20:00:00,8341.0,27.75,54150.5
2024-08-30 21:00:00,8643.5,9.75,51259.75
2024-08-30 22:00:00,8831.5,10.5,47806.25
2024-08-30 23:00:00,8523.25,11.25,44569.75
2024-08-31 00:00:00,8382.0,13.5,42023.75
2024-08-31 01:00:00,8789.75,14.0,39840.75
2024-08-31 02:00:00,9038.0,7.75,38336.75
2024-08-31 03:00:00,9231.0,9.0,38126.5
2024-08-31 04:00:00,9470.0,9.25,38102.75
2024-08-31 05:00:00,9589.75,11.25,38646.0
2024-08-31 06:00:00,9832.75,211.0,40057.5
2024-08-31 07:00:00,9792.5,3245.25,42026.75
2024-08-31 08:00:00,7947.5,10213.0,45293.0
2024-08-31 09:00:00,5979.5,19311.25,48189.75
2024-08-31 10:00:00,5963.75,28284.5,49458.75
2024-08-31 11:00:00,5665.5,35172.25,49779.75
2024-08-31 12:00:00,5103.75,39352.25,48453.25
2024-08-31 13:00:00,4778.75,40224.25,46849.75
2024-08-31 14:00:00,4807.5,38542.25,45632.75
2024-08-31 15:00:00,5824.75,34766.75,45129.75
2024-08-31 16:00:00,6234.5,27476.0,45713.0
2024-08-31 17:00:00,7066.0,17818.5,46915.75
2024-08-31 18:00:00,7746.75,7731.25,47386.5
2024-08-31 19:00:00,8759.25,1457.25,47306.0
2024-08-31 20:00:00,12113.75,46.25,46614.5
2024-08-31 21:00:00,14925.0,21.75,45082.75
2024-08-31 22:00:00,15623.25,14.0,43252.0
2024-08-31 23:00:00,15605.5,15.75,40609.0
2024-09-01 00:00:00,15217.0,12.5,38312.75
2024-09-01 01:00:00,14536.25,12.25,36659.5
2024-09-01 02:00:00,14440.25,13.0,35583.0
2024-09-01 03:00:00,14344.0,14.0,35384.75
2024-09-01 04:00:00,14043.0,13.0,35210.25
2024-09-01 05:00:00,13815.25,14.75,35557.5
2024-09-01 06:00:00,14017.75,212.25,36111.25
2024-09-01 07:00:00,12464.75,3576.75,38046.0
2024-09-01 08:00:00,9553.25,12097.5,41316.5
2024-09-01 09:00:00,6115.0,23088.5,44185.0
2024-09-01 10:00:00,5507.25,32839.75,46011.25
2024-09-01 11:00:00,6119.0,38676.75,47050.25
2024-09-01 12:00:00,5669.5,40916.25,46135.0
2024-09-01 13:00:00,4552.75,40710.5,44271.0
2024-09-01 14:00:00,4938.0,38243.0,42876.0
2024-09-01 15:00:00,6577.5,33575.75,42917.75
2024-09-01 16:00:00,7550.25,26733.25,43348.5
2024-09-01 17:00:00,7779.5,16839.25,44986.75
2024-09-01 18:00:00,8111.5,7128.5,47020.75
2024-09-01 19:00:00,8890.0,1321.75,47750.5
2024-09-01 20:00:00,12053.5,26.25,47991.0
2024-09-01 21:00:00,14654.25,9.75,46710.5
2024-09-01 22:00:00,14585.25,10.5,45115.75
2024-09-01 23:00:00,13996.0,12.25,42897.25
2024-09-02 00:00:00,12880.25,12.25,41216.75
2024-09-02 01:00:00,11383.0,10.75,39944.75
2024-09-02 02:00:00,10269.25,8.0,39000.75
2024-09-02 03:00:00,9286.5,11.25,39023.25
2024-09-02 04:00:00,8620.25,12.0,39687.5
2024-09-02 05:00:00,8060.75,12.25,43509.5
2024-09-02 06:00:00,8024.25,191.25,50991.5
2024-09-02 07:00:00,7372.0,3030.5,55516.25
2024-09-02 08:00:00,5436.5,9647.0,58952.75
2024-09-02 09:00:00,3240.0,17517.0,59877.25
2024-09-02 10:00:00,3006.5,24816.25,61024.5
2024-09-02 11:00:00,4368.0,29682.0,61676.25
2024-09-02 12:00:00,5025.5,32898.0,61493.5
2024-09-02 13:00:00,4366.25,34844.75,60456.25
2024-09-02 14:00:00,4252.0,34731.0,58661.5
2024-09-02 15:00:00,3920.5,31523.0,58486.5
2024-09-02 16:00:00,4007.25,24291.0,57049.25
2024-09-02 17:00:00,4439.5,14616.0,57992.25
2024-09-02 18:00:00,4679.25,5833.0,58841.0
2024-09-02 19:00:00,5797.75,986.0,58853.75
2024-09-02 20:00:00,7927.5,24.5,58692.5
2024-09-02 21:00:00,9760.0,10.25,55741.25
2024-09-02 22:00:00,9346.75,4.25,51314.5
2024-09-02 23:00:00,8432.25,3.25,48202.25
2024-09-03 00:00:00,7600.5,2.25,46133.0
2024-09-03 01:00:00,6607.5,4.25,44377.5
2024-09-03 02:00:00,5954.25,3.0,43789.0
2024-09-03 03:00:00,5110.5,2.0,43543.25
2024-09-03 04:00:00,4590.25,2.0,44577.25
2024-09-03 05:00:00,3850.5,3.25,47498.75
2024-09-03 06:00:00,3026.75,151.25,53601.75
2024-09-03 07:00:00,2835.25,3040.75,58010.5
2024-09-03 08:00:00,2015.0,10228.25,60653.0
2024-09-03 09:00:00,945.0,19412.5,62092.25
2024-09-03 10:00:00,548.0,28403.0,62646.75
2024-09-03 11:00:00,706.75,34559.5,62438.5
2024-09-03 12:00:00,1128.25,37096.5,62441.0
2024-09-03 13:00:00,1347.75,36657.0,61412.75
2024-09-03 14:00:00,1511.25,34045.0,60064.25
2024-09-03 15:00:00,1591.75,29534.5,59291.0
2024-09-03 16:00:00,1581.5,22687.0,59638.0
2024-09-03 17:00:00,1631.5,14324.5,59852.5
2024-09-03 18:00:00,1599.25,5822.25,59925.75
2024-09-03 19:00:00,1377.0,907.0,59422.5
2024-09-03 20:00:00,1303.25,23.25,58617.0
2024-09-03 21:00:00,1327.5,6.5,55689.75
2024-09-03 22:00:00,1571.75,2.75,51858.25
2024-09-03 23:00:00,1851.75,2.75,48806.0
2024-09-04 00:00:00,2080.25,3.5,46681.25
2024-09-04 01:00:00,2151.25,2.5,45284.75
2024-09-04 02:00:00,2191.0,3.25,44501.0
2024-09-04 03:00:00,2200.25,2.0,44956.0
2024-09-04 04:00:00,1971.5,2.0,45372.0
2024-09-04 05:00:00,1886.5,3.75,47936.0
2024-09-04 06:00:00,2072.25,138.25,54764.0
2024-09-04 07:00:00,2677.0,2925.0,59314.25
2024-09-04 08:00:00,2505.25,8845.25,62457.0
2024-09-04 09:00:00,1707.5,15773.0,63130.0
2024-09-04 10:00:00,1516.0,22366.25,63600.0
2024-09-04 11:00:00,1921.25,27200.0,64389.25
2024-09-04 12:00:00,2680.75,29871.5,64129.5
2024-09-04 13:00:00,3313.5,30256.25,62974.5
2024-09-04 14:00:00,3667.75,28234.5,62702.75
2024-09-04 15:00:00,4044.0,23848.0,61277.5
2024-09-04 16:00:00,4947.0,17744.5,60527.25
2024-09-04 17:00:00,6391.25,10926.0,61232.0
2024-09-04 18:00:00,7503.5,4467.25,61338.5
2024-09-04 19:00:00,8387.5,776.0,61018.25
2024-09-04 20:00:00,9103.5,26.0,60327.75
2024-09-04 21:00:00,9413.25,12.0,57106.75
2024-09-04 22:00:00,8785.25,11.5,52997.0
2024-09-04 23:00:00,8331.5,5.5,49039.75
2024-09-05 00:00:00,8758.5,7.25,45976.75
2024-09-05 01:00:00,9627.25,6.75,43851.25
2024-09-05 02:00:00,10496.5,2.0,43082.0
2024-09-05 03:00:00,11128.5,3.0,43072.75
2024-09-05 04:00:00,12543.75,7.75,43943.25
2024-09-05 05:00:00,14379.75,10.5,47449.75
2024-09-05 06:00:00,16703.0,136.25,54064.0
2024-09-05 07:00:00,17820.5,2951.5,58880.25
2024-09-05 08:00:00,16257.75,10459.75,61798.0
2024-09-05 09:00:00,13892.5,20358.5,63164.0
2024-09-05 10:00:00,13784.5,29345.0,62588.25
2024-09-05 11:00:00,15098.25,35747.0,62937.25
2024-09-05 12:00:00,16501.0,38392.75,62096.75
2024-09-05 13:00:00,17828.75,38309.75,61870.0
2024-09-05 14:00:00,18765.75,35518.75,60600.5
2024-09-05 15:00:00,22476.25,30465.75,60419.5
2024-09-05 16:00:00,25383.0,23188.75,60669.25
2024-09-05 17:00:00,24767.75,13952.5,60836.25
2024-09-05 18:00:00,24181.25,5171.25,60944.5
2024-09-05 19:00:00,25773.25,747.5,60817.25
2024-09-05 20:00:00,28346.5,24.75,59986.5
2024-09-05 21:00:00,29356.25,24.0,56489.0
2024-09-05 22:00:00,28031.25,16.5,52088.75
2024-09-05 23:00:00,26670.75,17.75,48360.75
2024-09-06 00:00:00,25049.75,15.75,46217.5
2024-09-06 01:00:00,23457.25,14.0,44686.5
2024-09-06 02:00:00,22848.75,14.0,43588.5
2024-09-06 03:00:00,21224.25,14.5,43627.0
2024-09-06 04:00:00,20479.0,14.0,44334.5
2024-09-06 05:00:00,20116.0,14.0,47893.0
2024-09-06 06:00:00,20280.0,111.5,54667.25
2024-09-06 07:00:00,18649.75,2224.0,58645.25
2024-09-06 08:00:00,15920.75,7802.5,61466.75
2024-09-06 09:00:00,12727.75,15581.75,62234.5
2024-09-06 10:00:00,11834.5,23095.5,63475.75
2024-09-06 11:00:00,11901.75,28930.0,63153.25
2024-09-06 12:00:00,12135.0,32057.75,62053.5
2024-09-06 13:00:00,11995.5,32156.25,60521.75
2024-09-06 14:00:00,11694.25,30402.0,58247.25
2024-09-06 15:00:00,10578.5,26735.5,57266.75
2024-09-06 16:00:00,9565.25,20828.25,56151.75
2024-09-06 17:00:00,9131.5,13147.25,57482.0
2024-09-06 18:00:00,9725.5,5192.5,58691.0
2024-09-06 19:00:00,10793.25,711.75,58616.5
2024-09-06 20:00:00,11975.75,24.75,58269.5
2024-09-06 21:00:00,12487.0,10.5,55069.25
2024-09-06 22:00:00,11670.75,7.75,50389.5
2024-09-06 23:00:00,10751.75,8.0,46539.25
2024-09-07 00:00:00,9161.0,12.5,43481.5
2024-09-07 01:00:00,7730.75,7.25,41655.5
2024-09-07 02:00:00,6659.25,5.75,40446.25
2024-09-07 03:00:00,5881.5,4.75,40260.75
2024-09-07 04:00:00,5230.5,5.5,40058.25
2024-09-07 05:00:00,4562.0,6.5,40595.0
2024-09-07 06:00:00,4549.25,97.75,41913.75
2024-09-07 07:00:00,4743.0,3085.0,43768.0
2024-09-07 08:00:00,3873.0,11294.5,46861.75
2024-09-07 09:00:00,2003.25,21644.25,49503.0
2024-09-07 10:00:00,1198.5,30852.0,51108.5
2024-09-07 11:00:00,1396.5,37458.0,51293.0
2024-09-07 12:00:00,2080.0,41000.75,50436.25
2024-09-07 13:00:00,2480.75,41224.0,48414.25
2024-09-07 14:00:00,2932.25,38658.75,47441.5
2024-09-07 15:00:00,3321.75,33449.0,46936.25
2024-09-07 16:00:00,3463.25,25739.0,46836.0
2024-09-07 17:00:00,3358.5,15852.5,47893.25
2024-09-07 18:00:00,3420.5,5996.75,49202.75
2024-09-07 19:00:00,4215.0,714.25,49429.75
2024-09-07 20:00:00,6506.25,18.75,48803.5
2024-09-07 21:00:00,9950.5,9.25,46486.5
2024-09-07 22:00:00,11602.5,5.0,44314.75
2024-09-07 23:00:00,11303.5,7.25,41959.0
2024-09-08 00:00:00,10477.5,6.75,40076.5
2024-09-08 01:00:00,10012.5,4.5,37959.75
2024-09-08 02:00:00,9887.5,2.75,36123.0
2024-09-08 03:00:00,9226.5,3.0,35876.5
2024-09-08 04:00:00,8657.25,2.5,35804.5
2024-09-08 05:00:00,8374.25,2.25,35985.0
2024-09-08 06:00:00,7991.25,100.5,36846.5
2024-09-08 07:00:00,7816.5,2779.0,38935.25
2024-09-08 08:00:00,6953.25,9610.0,42002.5
2024-09-08 09:00:00,4820.5,17864.25,45051.0
2024-09-08 10:00:00,3578.0,24924.0,47213.25
2024-09-08 11:00:00,3520.25,28865.25,48823.25
2024-09-08 12:00:00,3847.25,30048.75,48205.25
2024-09-08 13:00:00,4383.75,29009.75,46533.0
2024-09-08 14:00:00,4836.25,25145.75,45840.0
2024-09-08 15:00:00,5391.75,19361.5,45524.5
2024-09-08 16:00:00,5003.75,13226.5,44967.75
2024-09-08 17:00:00,4790.25,6869.25,46230.5
2024-09-08 18:00:00,4979.75,2479.25,48088.75
2024-09-08 19:00:00,4927.75,373.0,49141.75
2024-09-08 20:00:00,5209.75,8.75,49016.0
2024-09-08 21:00:00,6445.0,3.5,47567.5
2024-09-08 22:00:00,7339.0,2.75,45683.75
2024-09-08 23:00:00,7488.5,2.75,43204.0
2024-09-09 00:00:00,7310.25,3.25,42036.0
2024-09-09 01:00:00,7481.75,3.25,41374.75
2024-09-09 02:00:00,7824.5,2.0,40921.5
2024-09-09 03:00:00,7068.75,3.5,40994.75
2024-09-09 04:00:00,6729.25,3.0,41545.25
2024-09-09 05:00:00,6800.75,2.5,44519.0
2024-09-09 06:00:00,7276.0,16.75,51835.5
2024-09-09 07:00:00,7723.25,651.75,56681.25
2024-09-09 08:00:00,7460.5,3012.0,59496.75
2024-09-09 09:00:00,7353.5,6369.25,61206.75
2024-09-09 10:00:00,7445.0,9752.25,62217.75
2024-09-09 11:00:00,7854.75,14675.25,62444.25
2024-09-09 12:00:00,8511.75,17778.0,62080.75
2024-09-09 13:00:00,9839.0,19644.5,61821.5
2024-09-09 14:00:00,10888.5,18293.0,60057.75
2024-09-09 15:00:00,11793.5,15703.75,59031.0
2024-09-09 16:00:00,11917.5,12359.0,58061.25
2024-09-09 17:00:00,12123.25,8014.0,58699.25
2024-09-09 18:00:00,11609.5,3225.5,59746.0
2024-09-09 19:00:00,11593.75,379.75,60090.75
2024-09-09 20:00:00,12482.5,13.25,58652.25
2024-09-09 21:00:00,14457.5,12.5,55422.75
2024-09-09 22:00:00,15474.75,9.5,50950.75
2024-09-09 23:00:00,16364.75,14.75,46937.75
2024-09-10 00:00:00,17503.0,13.75,45265.0
2024-09-10 01:00:00,17471.5,11.0,43952.75
2024-09-10 02:00:00,17377.75,11.75,42887.75
2024-09-10 03:00:00,16349.25,10.75,43269.0
2024-09-10 04:00:00,15632.25,13.0,43943.0
2024-09-10 05:00:00,15052.0,13.0,47849.25
2024-09-10 06:00:00,14269.75,47.5,55534.25
2024-09-10 07:00:00,14102.0,1386.0,59903.5
2024-09-10 08:00:00,13244.25,5469.25,62555.25
2024-09-10 09:00:00,13121.0,12055.0,63031.25
2024-09-10 10:00:00,15355.5,18578.25,64682.5
2024-09-10 11:00:00,17945.5,23596.25,64047.75
2024-09-10 12:00:00,19800.25,25120.0,63201.0
2024-09-10 13:00:00,20761.0,23488.75,61849.75
2024-09-10 14:00:00,23298.25,21595.75,60678.0
2024-09-10 15:00:00,25000.75,18169.75,59634.75
2024-09-10 16:00:00,26085.5,14183.5,59135.25
2024-09-10 17:00:00,27809.0,8505.5,59662.5
2024-09-10 18:00:00,27117.0,3168.75,59995.75
2024-09-10 19:00:00,26421.75,293.75,59959.0
2024-09-10 20:00:00,26016.25,30.75,58340.0
2024-09-10 21:00:00,25968.5,17.5,54931.75
2024-09-10 22:00:00,24887.25,10.5,50715.5
2024-09-10 23:00:00,23895.25,6.75,47193.5
2024-09-11 00:00:00,23453.75,8.25,45296.75
2024-09-11 01:00:00,22850.25,6.0,44296.0
2024-09-11 02:00:00,22882.25,5.5,43173.5
2024-09-11 03:00:00,23219.75,5.0,43446.5
2024-09-11 04:00:00,22653.75,5.0,44529.5
2024-09-11 05:00:00,22478.0,5.0,47750.25
2024-09-11 06:00:00,23083.75,32.5,54791.75
2024-09-11 07:00:00,23007.75,1296.75,59425.75
2024-09-11 08:00:00,21926.5,5208.5,61549.0
2024-09-11 09:00:00,20916.25,9849.5,62937.75
2024-09-11 10:00:00,18869.25,13635.5,63574.5
2024-09-11 11:00:00,17511.75,15959.5,63247.0
2024-09-11 12:00:00,16863.0,17286.75,62702.5
2024-09-11 13:00:00,14776.5,17605.0,61289.0
2024-09-11 14:00:00,13763.5,17152.0,60095.5
2024-09-11 15:00:00,13226.75,14974.0,58066.25
2024-09-11 16:00:00,11840.5,11441.0,57815.0
2024-09-11 17:00:00,10073.5,6924.75,58890.5
2024-09-11 18:00:00,9392.5,2622.5,59451.0
2024-09-11 19:00:00,9014.5,339.75,58961.75
2024-09-11 20:00:00,9452.25,28.75,57942.5
2024-09-11 21:00:00,10594.25,17.0,54253.5
2024-09-11 22:00:00,10861.0,7.75,50741.0
2024-09-11 23:00:00,10687.25,9.5,47081.5
2024-09-12 00:00:00,11075.75,8.25,44975.0
2024-09-12 01:00:00,10464.25,4.5,43393.5
2024-09-12 02:00:00,10053.25,4.0,42988.5
2024-09-12 03:00:00,9654.75,8.0,43341.5
2024-09-12 04:00:00,9202.75,8.5,43665.5
2024-09-12 05:00:00,9127.75,11.25,46606.0
2024-09-12 06:00:00,9255.25,36.25,53967.75
2024-09-12 07:00:00,7921.0,1448.5,58514.75
2024-09-12 08:00:00,5490.5,6624.75,60496.0
2024-09-12 09:00:00,3452.0,13900.75,61487.0
2024-09-12 10:00:00,3169.25,20963.25,61322.0
2024-09-12 11:00:00,3778.75,25700.0,61304.5
2024-09-12 12:00:00,3886.25,27714.0,60824.5
2024-09-12 13:00:00,3863.75,27209.5,59140.5
2024-09-12 14:00:00,3542.0,25072.0,57213.0
2024-09-12 15:00:00,2894.75,21202.5,55945.5
2024-09-12 16:00:00,2531.75,15682.5,55495.5
2024-09-12 17:00:00,1937.0,9385.25,56603.75
2024-09-12 18:00:00,1484.5,3662.75,57087.5
2024-09-12 19:00:00,1194.25,382.25,57141.25
2024-09-12 20:00:00,1047.25,22.75,55918.0
2024-09-12 21:00:00,1089.25,12.75,52720.75
2024-09-12 22:00:00,1165.0,5.25,49019.75
2024-09-12 23:00:00,1393.5,3.5,45234.75
2024-09-13 00:00:00,1773.25,3.5,42489.0
2024-09-13 01:00:00,2321.5,3.0,41676.25
2024-09-13 02:00:00,2747.5,3.0,41104.25
2024-09-13 03:00:00,3536.0,3.0,41204.5
2024-09-13 04:00:00,4527.0,3.0,42104.5
2024-09-13 05:00:00,5600.5,4.0,45307.25
2024-09-13 06:00:00,6400.75,19.0,53159.75
2024-09-13 07:00:00,6739.5,1107.0,57504.5
2024-09-13 08:00:00,6175.5,5513.0,59641.5
2024-09-13 09:00:00,4977.75,11603.5,60789.5
2024-09-13 10:00:00,4525.0,16932.75,60722.5
2024-09-13 11:00:00,6361.0,19961.0,60552.25
2024-09-13 12:00:00,9137.75,20250.25,60056.25
2024-09-13 13:00:00,12001.5,19216.75,59980.0
2024-09-13 14:00:00,15120.0,17664.25,58954.25
2024-09-13 15:00:00,17725.75,15212.75,57760.0
2024-09-13 16:00:00,19730.0,11445.5,57029.5
2024-09-13 17:00:00,20322.5,6947.25,57903.75
2024-09-13 18:00:00,19587.75,2768.0,58347.5
2024-09-13 19:00:00,19000.25,339.0,58009.5
2024-09-13 20:00:00,20187.0,24.25,56282.75
2024-09-13 21:00:00,21425.25,13.75,53267.5
2024-09-13 22:00:00,21047.5,13.25,49087.75
2024-09-13 23:00:00,21568.5,16.25,44390.0
2024-09-14 00:00:00,21892.75,10.5,41517.25
2024-09-14 01:00:00,21743.75,8.25,39890.25
2024-09-14 02:00:00,21042.25,7.0,39388.5
2024-09-14 03:00:00,20140.5,5.5,39131.5
2024-09-14 04:00:00,19749.5,4.5,39460.25
2024-09-14 05:00:00,19604.5,3.75,39575.75
2024-09-14 06:00:00,19014.25,18.5,41411.75
2024-09-14 07:00:00,17818.75,893.75,43728.5
2024-09-14 08:00:00,16164.25,4976.25,47036.25
2024-09-14 09:00:00,14997.75,11542.75,49282.5
2024-09-14 10:00:00,15548.25,18050.5,50834.25
2024-09-14 11:00:00,16528.75,21684.0,51649.75
2024-09-14 12:00:00,16880.5,22844.0,51420.0
2024-09-14 13:00:00,16960.75,23240.0,49419.0
2024-09-14 14:00:00,16699.5,22898.5,47608.25
2024-09-14 15:00:00,16379.75,20859.0,47307.75
2024-09-14 16:00:00,16799.0,16586.25,47129.25
2024-09-14 17:00:00,17880.5,10571.5,48105.5
2024-09-14 18:00:00,16398.0,3997.75,49624.5
2024-09-14 19:00:00,14208.25,337.0,49734.5
2024-09-14 20:00:00,13433.5,25.75,48595.0
2024-09-14 21:00:00,13267.5,9.25,45834.5
2024-09-14 22:00:00,12763.75,9.75,43187.5
2024-09-14 23:00:00,12079.5,9.75,40540.25
2024-09-15 00:00:00,11426.75,7.75,38322.25
2024-09-15 01:00:00,10732.75,6.75,36627.25
2024-09-15 02:00:00,10339.0,3.25,35623.5
2024-09-15 03:00:00,10111.0,3.25,35295.25
2024-09-15 04:00:00,10180.0,2.75,35542.75
2024-09-15 05:00:00,10542.5,2.5,36333.25
2024-09-15 06:00:00,11096.75,21.5,37552.0
2024-09-15 07:00:00,10917.25,1571.25,38924.25
2024-09-15 08:00:00,9636.0,7591.75,41713.25
2024-09-15 09:00:00,8552.5,15835.0,44824.5
2024-09-15 10:00:00,8988.75,23300.5,47043.0
2024-09-15 11:00:00,9773.5,28328.5,47607.25
2024-09-15 12:00:00,9111.25,30744.25,47149.75
2024-09-15 13:00:00,9055.25,31319.75,44743.25
2024-09-15 14:00:00,8840.75,29027.25,42619.25
2024-09-15 15:00:00,8528.25,23753.25,42457.0
2024-09-15 16:00:00,9801.75,16999.5,44153.0
2024-09-15 17:00:00,10542.5,9602.25,46466.0
2024-09-15 18:00:00,9648.0,3107.5,48232.25
2024-09-15 19:00:00,8580.25,227.0,48887.75
2024-09-15 20:00:00,8049.0,15.25,48410.25
2024-09-15 21:00:00,8109.25,4.0,46412.5
2024-09-15 22:00:00,8048.5,4.0,44740.0
2024-09-15 23:00:00,7371.25,4.5,42006.0
2024-09-16 00:00:00,6725.0,6.25,39747.5
2024-09-16 01:00:00,6253.25,4.5,38926.0
2024-09-16 02:00:00,6266.25,3.5,38347.5
2024-09-16 03:00:00,7044.5,3.0,38894.25
2024-09-16 04:00:00,7817.0,4.75,40251.5
2024-09-16 05:00:00,8466.75,3.5,43955.0
2024-09-16 06:00:00,9285.25,8.75,52036.5
2024-09-16 07:00:00,10128.0,390.0,57380.0
2024-09-16 08:00:00,10714.5,2262.75,61156.75
2024-09-16 09:00:00,10276.75,5226.5,62289.5
2024-09-16 10:00:00,9741.0,8315.0,62613.25
2024-09-16 11:00:00,9659.5,10830.5,62930.0
2024-09-16 12:00:00,9958.75,12243.0,62585.75
2024-09-16 13:00:00,10568.5,12409.5,61549.25
2024-09-16 14:00:00,11253.5,11301.75,60725.75
2024-09-16 15:00:00,11856.0,9719.0,60521.75
2024-09-16 16:00:00,12348.25,7231.25,59554.0
2024-09-16 17:00:00,12652.75,4102.75,59688.5
2024-09-16 18:00:00,12694.0,1381.25,59799.25
2024-09-16 19:00:00,13044.75,115.5,60047.25
2024-09-16 20:00:00,13949.0,13.75,58041.25
2024-09-16 21:00:00,14150.25,13.75,53788.5
2024-09-16 22:00:00,13917.75,10.25,50151.75
2024-09-16 23:00:00,13467.5,2.75,46561.5
2024-09-17 00:00:00,12631.5,6.5,43686.5
2024-09-17 01:00:00,12282.75,4.25,42379.75
2024-09-17 02:00:00,11977.75,4.25,41262.75
2024-09-17 03:00:00,11634.5,4.75,41488.75
2024-09-17 04:00:00,11664.5,4.0,42564.75
2024-09-17 05:00:00,12023.25,4.5,45953.0
2024-09-17 06:00:00,12644.5,15.25,53685.5
2024-09-17 07:00:00,13027.75,761.25,58643.5
2024-09-17 08:00:00,11988.5,3702.5,61462.0
2024-09-17 09:00:00,10949.5,8494.0,62594.75
2024-09-17 10:00:00,10408.0,13109.75,63549.25
2024-09-17 11:00:00,9975.25,17735.0,64266.75
2024-09-17 12:00:00,9534.5,23490.0,63827.75
2024-09-17 13:00:00,9295.5,27825.75,61172.5
2024-09-17 14:00:00,9523.25,28972.25,58681.75
2024-09-17 15:00:00,10208.25,26502.25,57038.5
2024-09-17 16:00:00,11184.25,20052.25,56742.75
2024-09-17 17:00:00,11814.75,11409.25,57400.5
2024-09-17 18:00:00,11726.25,3402.5,58813.75
2024-09-17 19:00:00,13484.25,177.5,59396.75
2024-09-17 20:00:00,15800.5,6.75,58187.0
2024-09-17 21:00:00,16009.25,5.75,54520.0
2024-09-17 22:00:00,15051.5,7.75,50250.0
2024-09-17 23:00:00,13856.0,7.0,46001.75
2024-09-18 00:00:00,12994.25,5.5,43079.0
2024-09-18 01:00:00,12440.25,6.75,41658.5
2024-09-18 02:00:00,11907.75,7.0,41190.5
2024-09-18 03:00:00,11400.75,5.5,41114.75
2024-09-18 04:00:00,10706.25,7.5,41938.25
2024-09-18 05:00:00,10161.5,8.0,45595.0
2024-09-18 06:00:00,10146.0,14.75,53549.75
2024-09-18 07:00:00,10240.5,1235.5,58372.0
2024-09-18 08:00:00,9651.75,6145.5,60925.25
2024-09-18 09:00:00,8515.5,13273.25,61476.5
2024-09-18 10:00:00,7939.5,21600.25,61695.0
2024-09-18 11:00:00,8039.25,29927.0,60697.5
2024-09-18 12:00:00,7949.0,36141.75,58618.5
2024-09-18 13:00:00,8184.25,37371.75,56906.5
2024-09-18 14:00:00,9919.0,35522.25,55394.75
2024-09-18 15:00:00,12242.75,30629.0,55180.25
2024-09-18 16:00:00,14053.75,22567.0,55149.25
2024-09-18 17:00:00,14863.25,12485.75,56586.75
2024-09-18 18:00:00,14789.75,3607.75,58344.0
2024-09-18 19:00:00,17675.5,193.5,58885.25
2024-09-18 20:00:00,20785.75,17.75,57393.0
2024-09-18 21:00:00,21594.0,14.5,53902.75
2024-09-18 22:00:00,20117.25,15.25,49983.75
2024-09-18 23:00:00,18556.5,9.75,45828.25
2024-09-19 00:00:00,16918.75,7.0,43036.75
2024-09-19 01:00:00,15258.25,5.75,41639.5
2024-09-19 02:00:00,13912.25,3.75,40892.0
2024-09-19 03:00:00,12900.5,2.25,40570.25
2024-09-19 04:00:00,12442.0,2.0,41934.5
2024-09-19 05:00:00,12029.0,2.75,45932.75
2024-09-19 06:00:00,12361.75,14.75,53849.5
2024-09-19 07:00:00,12586.25,1365.5,58508.25
2024-09-19 08:00:00,11865.0,7225.25,61447.25
2024-09-19 09:00:00,10290.0,15498.25,61840.25
2024-09-19 10:00:00,9146.5,24016.5,61266.25
2024-09-19 11:00:00,9434.25,31187.0,60413.0
2024-09-19 12:00:00,10537.25,35727.75,58483.25
2024-09-19 13:00:00,11736.5,36404.5,57109.5
2024-09-19 14:00:00,13375.5,33542.0,56073.75
2024-09-19 15:00:00,15545.5,28683.0,55750.5
2024-09-19 16:00:00,16397.0,21077.75,55520.5
2024-09-19 17:00:00,16825.5,11603.5,57458.75
2024-09-19 18:00:00,16688.25,3198.75,58943.5
2024-09-19 19:00:00,18241.5,152.0,59527.75
2024-09-19 20:00:00,20761.5,26.75,57658.25
2024-09-19 21:00:00,21079.25,17.0,53774.5
2024-09-19 22:00:00,19585.75,13.0,49631.25
2024-09-19 23:00:00,18836.75,11.5,45769.75
2024-09-20 00:00:00,17600.0,9.75,43022.5
2024-09-20 01:00:00,17361.25,8.5,41139.25
2024-09-20 02:00:00,17171.5,7.5,40488.5
2024-09-20 03:00:00,16826.0,7.25,40460.25
2024-09-20 04:00:00,16415.0,7.75,41556.75
2024-09-20 05:00:00,16070.5,8.5,44978.75
2024-09-20 06:00:00,16373.75,25.5,52155.0
2024-09-20 07:00:00,16467.5,1723.5,56642.5
2024-09-20 08:00:00,13926.5,9368.0,59500.0
2024-09-20 09:00:00,9840.25,20341.25,59761.5
2024-09-20 10:00:00,7786.25,30454.75,59208.0
2024-09-20 11:00:00,7925.25,37240.25,58477.0
2024-09-20 12:00:00,10325.5,40283.5,57189.0
2024-09-20 13:00:00,11192.25,39475.25,55220.75
2024-09-20 14:00:00,12886.25,37257.0,53772.0
2024-09-20 15:00:00,14080.75,31877.75,53318.5
2024-09-20 16:00:00,14439.75,23714.0,53106.0
2024-09-20 17:00:00,14037.25,13001.5,53682.75
2024-09-20 18:00:00,12286.0,3404.25,55443.5
2024-09-20 19:00:00,15044.0,141.5,57004.25
2024-09-20 20:00:00,18812.5,21.5,55075.5
2024-09-20 21:00:00,20502.0,15.75,51209.25
2024-09-20 22:00:00,19752.75,13.75,47143.0
2024-09-20 23:00:00,18012.75,13.0,43496.25
2024-09-21 00:00:00,15961.75,13.25,38557.0
2024-09-21 01:00:00,13903.0,11.25,36875.0
2024-09-21 02:00:00,11932.5,12.0,35749.75
2024-09-21 03:00:00,10324.0,17.25,35077.25
2024-09-21 04:00:00,9411.5,9.25,35168.5
2024-09-21 05:00:00,8975.25,9.5,36172.0
2024-09-21 06:00:00,8951.5,18.5,38384.75
2024-09-21 07:00:00,9183.5,1669.0,40763.25
2024-09-21 08:00:00,8015.75,9664.75,44122.75
2024-09-21 09:00:00,4869.75,21031.25,46939.75
2024-09-21 10:00:00,2368.75,31039.5,48006.25
2024-09-21 11:00:00,2512.25,37665.0,47244.75
2024-09-21 12:00:00,3424.25,40688.0,45711.5
2024-09-21 13:00:00,4320.75,40491.75,43958.75
2024-09-21 14:00:00,4232.25,37554.5,42244.25
2024-09-21 15:00:00,4335.0,32713.0,41848.5
2024-09-21 16:00:00,4177.0,24268.0,42013.5
2024-09-21 17:00:00,4016.0,12955.75,43354.5
2024-09-21 18:00:00,4190.0,3226.5,45328.5
2024-09-21 19:00:00,6341.5,116.25,46771.25
2024-09-21 20:00:00,9113.25,24.25,45920.25
2024-09-21 21:00:00,10259.25,17.5,43318.0
2024-09-21 22:00:00,9607.25,13.0,40848.25
2024-09-21 23:00:00,8600.5,8.25,38188.75
2024-09-22 00:00:00,7115.75,11.0,36016.0
2024-09-22 01:00:00,5830.0,9.25,33935.5
2024-09-22 02:00:00,4794.0,8.25,32769.75
2024-09-22 03:00:00,4106.25,7.25,32413.25
2024-09-22 04:00:00,3598.5,6.25,32501.25
2024-09-22 05:00:00,3417.0,7.5,32971.5
2024-09-22 06:00:00,3430.0,14.75,34332.0
2024-09-22 07:00:00,3412.25,1600.0,35893.0
2024-09-22 08:00:00,3133.25,9091.5,39327.5
2024-09-22 09:00:00,1839.0,19201.75,41981.25
2024-09-22 10:00:00,704.5,28493.25,43535.75
2024-09-22 11:00:00,650.0,34581.25,43925.0
2024-09-22 12:00:00,995.25,37314.5,43065.5
2024-09-22 13:00:00,1128.0,36040.0,41273.75
2024-09-22 14:00:00,982.25,32494.0,39785.75
2024-09-22 15:00:00,837.5,26452.5,39540.0
2024-09-22 16:00:00,808.0,18426.75,40403.5
2024-09-22 17:00:00,829.25,9218.75,42443.25
2024-09-22 18:00:00,968.5,2190.5,45033.75
2024-09-22 19:00:00,1656.25,62.0,46169.25
2024-09-22 20:00:00,2400.25,18.25,45475.5
2024-09-22 21:00:00,2916.25,6.5,43069.0
2024-09-22 22:00:00,3067.25,5.5,41259.0
2024-09-22 23:00:00,2891.5,7.0,38611.75
2024-09-23 00:00:00,2475.75,6.5,36880.5
2024-09-23 01:00:00,2027.5,6.25,35791.75
2024-09-23 02:00:00,1843.0,6.0,35232.5
2024-09-23 03:00:00,1922.5,5.25,35196.0
2024-09-23 04:00:00,2012.75,5.0,36347.5
2024-09-23 05:00:00,2027.5,6.25,40261.0
2024-09-23 06:00:00,2091.75,15.75,48795.75
2024-09-23 07:00:00,2401.0,1019.75,54084.0
2024-09-23 08:00:00,2610.5,6097.75,57761.75
2024-09-23 09:00:00,2337.75,13487.5,59029.0
2024-09-23 10:00:00,1788.5,20666.5,60283.0
2024-09-23 11:00:00,1418.0,25600.5,60624.5
2024-09-23 12:00:00,1518.75,27833.5,59854.25
2024-09-23 13:00:00,1722.75,27214.25,58428.0
2024-09-23 14:00:00,1871.25,23951.25,55926.75
2024-09-23 15:00:00,1933.0,18947.0,55316.5
2024-09-23 16:00:00,1957.5,12560.5,54360.5
2024-09-23 17:00:00,1962.5,5883.75,55224.0
2024-09-23 18:00:00,2089.75,1496.25,55899.75
2024-09-23 19:00:00,2362.75,95.0,56397.0
2024-09-23 20:00:00,3225.5,24.0,54311.0
2024-09-23 21:00:00,4132.0,17.5,50575.75
2024-09-23 22:00:00,4738.75,16.75,46706.25
2024-09-23 23:00:00,5394.0,11.25,43007.0
2024-09-24 00:00:00,5869.75,10.5,41164.0
2024-09-24 01:00:00,5703.25,7.75,39422.5
2024-09-24 02:00:00,5348.0,5.75,38560.75
2024-09-24 03:00:00,5060.5,5.25,39075.75
2024-09-24 04:00:00,4819.0,5.5,40162.25
2024-09-24 05:00:00,5015.5,5.75,43478.25
2024-09-24 06:00:00,5566.75,11.75,51423.0
2024-09-24 07:00:00,6468.25,393.25,56107.5
2024-09-24 08:00:00,6919.0,3171.75,59212.0
2024-09-24 09:00:00,6141.75,8227.5,60256.25
2024-09-24 10:00:00,5592.25,14365.5,61084.5
2024-09-24 11:00:00,6656.5,18086.75,61756.75
2024-09-24 12:00:00,8387.5,19101.0,60551.0
2024-09-24 13:00:00,10261.25,19048.5,59353.5
2024-09-24 14:00:00,11312.75,18864.5,57687.75
2024-09-24 15:00:00,12339.75,17175.75,56816.25
2024-09-24 16:00:00,12995.25,12805.0,55558.5
2024-09-24 17:00:00,13574.75,6577.75,56490.75
2024-09-24 18:00:00,13977.0,1441.75,57094.5
2024-09-24 19:00:00,16196.25,29.0,58636.25
2024-09-24 20:00:00,18872.0,15.25,57261.25
2024-09-24 21:00:00,21008.75,18.0,53665.25
2024-09-24 22:00:00,22296.75,15.0,50045.25
2024-09-24 23:00:00,22905.25,14.75,45976.5
2024-09-25 00:00:00,22496.0,15.75,43796.0
2024-09-25 01:00:00,22263.5,15.5,42472.75
2024-09-25 02:00:00,21683.75,16.75,41708.75
2024-09-25 03:00:00,20858.0,18.0,42112.75
2024-09-25 04:00:00,19733.25,21.0,43081.0
2024-09-25 05:00:00,19030.75,24.5,46395.75
2024-09-25 06:00:00,19398.0,24.25,53876.5
2024-09-25 07:00:00,18528.25,829.25,58064.75
2024-09-25 08:00:00,17773.25,5262.25,60895.5
2024-09-25 09:00:00,16344.5,11614.75,61551.0
2024-09-25 10:00:00,16593.0,16557.0,62725.25
2024-09-25 11:00:00,17264.5,19826.75,63790.0
2024-09-25 12:00:00,16968.0,21144.75,63365.25
2024-09-25 13:00:00,16427.0,20000.5,61693.5
2024-09-25 14:00:00,15206.75,17503.5,59456.0
2024-09-25 15:00:00,14229.5,13586.0,57965.5
2024-09-25 16:00:00,12852.75,9019.75,56875.75
2024-09-25 17:00:00,12094.75,4447.75,57281.25
2024-09-25 18:00:00,12286.0,959.0,57900.0
2024-09-25 19:00:00,12433.75,38.75,57860.5
2024-09-25 20:00:00,13556.5,25.25,55864.25
2024-09-25 21:00:00,14483.25,14.25,52547.75
2024-09-25 22:00:00,14164.0,11.5,48217.5
2024-09-25 23:00:00,15095.25,7.0,44149.5
2024-09-26 00:00:00,16044.0,8.5,42014.25
2024-09-26 01:00:00,17601.75,9.0,40387.0
2024-09-26 02:00:00,19159.0,9.5,39667.0
2024-09-26 03:00:00,20495.75,9.25,40726.25
2024-09-26 04:00:00,21923.5,7.25,42285.75
2024-09-26 05:00:00,23299.0,5.25,45752.75
2024-09-26 06:00:00,25830.25,11.75,53728.5
2024-09-26 07:00:00,27508.75,139.75,58738.0
2024-09-26 08:00:00,29285.25,1367.25,61906.0
2024-09-26 09:00:00,29863.0,3619.0,62456.25
2024-09-26 10:00:00,30188.0,6003.75,63876.5
2024-09-26 11:00:00,31043.5,8140.25,65057.0
2024-09-26 12:00:00,32414.5,9275.75,64977.75
2024-09-26 13:00:00,33715.5,9453.0,64910.25
2024-09-26 14:00:00,33415.0,9048.25,63168.25
2024-09-26 15:00:00,31272.0,8218.5,61042.75
2024-09-26 16:00:00,28489.0,6290.25,59456.25
2024-09-26 17:00:00,25487.0,2807.5,60134.5
2024-09-26 18:00:00,23956.0,506.25,60503.25
2024-09-26 19:00:00,26118.0,28.25,61162.5
2024-09-26 20:00:00,28572.25,10.25,58463.5
2024-09-26 21:00:00,29116.25,9.25,54260.0
2024-09-26 22:00:00,29364.75,6.75,50152.5
2024-09-26 23:00:00,30370.5,6.0,46540.5
2024-09-27 00:00:00,31023.5,6.0,45801.25
2024-09-27 01:00:00,33909.0,6.75,44729.0
2024-09-27 02:00:00,34743.5,6.5,43723.25
2024-09-27 03:00:00,33006.0,6.25,44089.25
2024-09-27 04:00:00,32653.0,7.0,45250.5
2024-09-27 05:00:00,33695.75,6.0,48932.0
2024-09-27 06:00:00,36878.75,13.75,57453.5
2024-09-27 07:00:00,36966.25,956.25,61298.75
2024-09-27 08:00:00,35615.75,6918.5,63786.5
2024-09-27 09:00:00,35651.25,15253.75,63612.75
2024-09-27 10:00:00,32969.0,21054.0,65004.75
2024-09-27 11:00:00,32303.5,23170.75,64489.0
2024-09-27 12:00:00,34718.5,22008.75,62793.0
2024-09-27 13:00:00,36523.0,19384.75,60826.75
2024-09-27 14:00:00,36593.0,16963.0,59015.25
2024-09-27 15:00:00,37367.75,12904.75,58957.5
2024-09-27 16:00:00,36590.75,8979.75,58558.25
2024-09-27 17:00:00,35426.25,4890.5,58597.0
2024-09-27 18:00:00,34896.0,1032.75,59250.25
2024-09-27 19:00:00,34563.5,26.25,59441.75
2024-09-27 20:00:00,33848.5,10.25,57299.75
2024-09-27 21:00:00,33469.0,9.5,54838.75
2024-09-27 22:00:00,33826.5,11.5,51536.5
2024-09-27 23:00:00,33304.0,15.5,48173.5
2024-09-28 00:00:00,31080.25,17.25,45033.0
2024-09-28 01:00:00,29727.25,18.25,43536.75
2024-09-28 02:00:00,26686.5,19.75,42319.5
2024-09-28 03:00:00,24677.75,18.5,41607.0
2024-09-28 04:00:00,22345.25,17.25,41318.0
2024-09-28 05:00:00,20595.25,13.5,42374.25
2024-09-28 06:00:00,19782.75,17.5,44246.5
2024-09-28 07:00:00,18269.0,513.25,46407.25
2024-09-28 08:00:00,16252.0,4315.5,49878.5
2024-09-28 09:00:00,14919.75,10988.0,52363.75
2024-09-28 10:00:00,15315.5,17840.5,53043.5
2024-09-28 11:00:00,16115.25,22060.75,53220.5
2024-09-28 12:00:00,16601.75,24489.0,53083.5
2024-09-28 13:00:00,14951.5,25534.0,50998.5
2024-09-28 14:00:00,13011.25,24704.75,49303.0
2024-09-28 15:00:00,14294.25,20886.75,48751.5
2024-09-28 16:00:00,17177.5,14653.0,48675.75
2024-09-28 17:00:00,15589.25,7543.0,50282.5
2024-09-28 18:00:00,13473.5,1491.25,51276.25
2024-09-28 19:00:00,12874.75,37.25,52410.5
2024-09-28 20:00:00,12898.5,17.5,50541.75
2024-09-28 21:00:00,13027.75,8.5,47408.75
2024-09-28 22:00:00,12992.75,9.25,45340.5
2024-09-28 23:00:00,12834.0,7.5,42949.75
2024-09-29 00:00:00,12372.5,6.5,40418.25
2024-09-29 01:00:00,11791.75,4.5,38904.5
2024-09-29 02:00:00,11384.75,6.0,38030.5
2024-09-29 03:00:00,10995.5,4.0,37543.25
2024-09-29 04:00:00,9532.25,6.0,37202.0
2024-09-29 05:00:00,8252.5,5.0,37769.75
2024-09-29 06:00:00,7172.75,9.5,38842.75
2024-09-29 07:00:00,5921.75,890.25,40180.25
2024-09-29 08:00:00,4390.75,7624.0,43243.5
2024-09-29 09:00:00,2384.0,18512.5,45543.25
2024-09-29 10:00:00,1211.0,28528.75,47593.25
2024-09-29 11:00:00,1183.0,34592.75,48166.5
2024-09-29 12:00:00,1623.0,34702.0,47608.5
2024-09-29 13:00:00,1884.25,31947.5,45878.25
2024-09-29 14:00:00,2240.75,27865.5,44596.5
2024-09-29 15:00:00,2778.5,22100.0,44220.0
2024-09-29 16:00:00,2856.25,14435.25,43369.5
2024-09-29 17:00:00,3319.25,6641.75,45782.5
2024-09-29 18:00:00,4488.5,1241.25,48066.75
2024-09-29 19:00:00,6949.75,34.75,49205.0
2024-09-29 20:00:00,10609.25,21.75,47214.0
2024-09-29 21:00:00,13676.75,12.25,44916.5
2024-09-29 22:00:00,16206.25,10.75,43425.0
2024-09-29 23:00:00,17818.0,14.75,41648.75
2024-09-30 00:00:00,17798.25,10.25,40173.25
2024-09-30 01:00:00,18337.5,16.0,39491.0
2024-09-30 02:00:00,19070.0,14.5,39075.5
2024-09-30 03:00:00,19374.0,6.0,39412.25
2024-09-30 04:00:00,20371.0,6.0,41428.25
2024-09-30 05:00:00,22070.0,16.25,45292.25
2024-09-30 06:00:00,23573.5,23.0,54286.75
2024-09-30 07:00:00,23799.0,491.25,59708.0
2024-09-30 08:00:00,22692.5,4261.75,62625.5
2024-09-30 09:00:00,20646.0,10143.5,62694.5
2024-09-30 10:00:00,19485.0,16029.25,63550.25
2024-09-30 11:00:00,20478.75,21184.25,63818.0
2024-09-30 12:00:00,21178.0,23874.25,62801.25
2024-09-30 13:00:00,22631.5,23325.0,62090.5
2024-09-30 14:00:00,22493.0,21042.25,61023.25
2024-09-30 15:00:00,23302.25,16481.5,60400.75
2024-09-30 16:00:00,24169.25,10665.5,59942.0
2024-09-30 17:00:00,25291.5,4294.25,60531.25
2024-09-30 18:00:00,25987.5,614.0,62390.25
2024-09-30 19:00:00,27749.75,43.5,63684.0
2024-09-30 20:00:00,30158.5,33.5,60794.75
2024-09-30 21:00:00,30244.0,33.75,56577.25
2024-09-30 22:00:00,28964.75,29.0,53865.25
2024-09-30 23:00:00,28451.0,25.5,50903.75
2024-10-01 00:00:00,27554.0,22.0,46034.0
2024-10-01 01:00:00,26335.25,17.75,44656.75
2024-10-01 02:00:00,24930.5,10.75,44192.75
2024-10-01 03:00:00,23818.75,15.25,44182.5
2024-10-01 04:00:00,23854.0,18.75,45039.5
2024-10-01 05:00:00,22659.25,17.5,48204.25
2024-10-01 06:00:00,22135.75,24.5,55353.0
2024-10-01 07:00:00,21255.25,314.25,59896.75
2024-10-01 08:00:00,20111.0,2936.25,62264.0
2024-10-01 09:00:00,18630.25,7426.5,62751.25
2024-10-01 10:00:00,17172.75,12104.25,63718.0
2024-10-01 11:00:00,16245.5,15064.5,64185.0
2024-10-01 12:00:00,15817.5,15420.25,63576.25
2024-10-01 13:00:00,15072.25,15405.25,63073.0
2024-10-01 14:00:00,14118.75,14150.5,61558.0
2024-10-01 15:00:00,13856.0,11605.5,60214.75
2024-10-01 16:00:00,12753.5,7660.5,59177.5
2024-10-01 17:00:00,11655.25,3362.25,59263.0
2024-10-01 18:00:00,10383.0,565.25,60098.0
2024-10-01 19:00:00,9936.5,39.5,60948.0
2024-10-01 20:00:00,9397.5,33.0,58265.25
2024-10-01 21:00:00,8597.0,28.25,54801.25
2024-10-01 22:00:00,7500.25,18.75,50857.5
2024-10-01 23:00:00,7543.0,16.25,47353.5
2024-10-02 00:00:00,7623.5,17.0,44760.5
2024-10-02 01:00:00,7322.5,15.0,43370.0
2024-10-02 02:00:00,7444.0,17.75,42997.25
2024-10-02 03:00:00,7614.5,21.25,43516.5
2024-10-02 04:00:00,7859.5,19.5,44322.75
2024-10-02 05:00:00,7992.75,16.5,47082.0
2024-10-02 06:00:00,8845.25,14.0,54907.75
2024-10-02 07:00:00,9386.25,160.0,59691.0
2024-10-02 08:00:00,9593.25,1794.25,62068.0
2024-10-02 09:00:00,9640.5,4933.25,62808.5
2024-10-02 10:00:00,9753.0,8553.25,63555.5
2024-10-02 11:00:00,10178.25,11954.25,63931.75
2024-10-02 12:00:00,10355.0,13816.0,63961.75
2024-10-02 13:00:00,10196.0,14336.0,63031.0
2024-10-02 14:00:00,10245.25,13960.75,61059.5
2024-10-02 15:00:00,10038.75,12134.25,59390.5
2024-10-02 16:00:00,9869.25,8711.5,57737.0
2024-10-02 17:00:00,9177.75,4144.0,57763.75
2024-10-02 18:00:00,8672.5,676.25,58733.25
2024-10-02 19:00:00,9511.75,38.25,59726.0
2024-10-02 20:00:00,10420.25,22.25,56792.5
2024-10-02 21:00:00,11249.75,17.25,53219.0
2024-10-02 22:00:00,11217.0,18.0,49138.25
2024-10-02 23:00:00,11362.25,14.25,45385.5
2024-10-03 00:00:00,11277.75,13.75,42842.75
2024-10-03 01:00:00,11056.75,13.0,40829.5
2024-10-03 02:00:00,10867.25,10.5,39857.0
2024-10-03 03:00:00,11028.75,9.25,39683.5
2024-10-03 04:00:00,11572.5,9.5,39731.25
2024-10-03 05:00:00,12389.25,11.25,39661.75
2024-10-03 06:00:00,13034.75,14.0,40031.75
2024-10-03 07:00:00,13423.5,194.0,41981.5
2024-10-03 08:00:00,12747.75,2293.75,45013.25
2024-10-03 09:00:00,10792.0,6649.75,47588.0
2024-10-03 10:00:00,9602.0,11400.25,49670.25
2024-10-03 11:00:00,10568.5,14494.0,52142.75
2024-10-03 12:00:00,11472.0,15776.75,51999.5
2024-10-03 13:00:00,11643.0,14803.75,49999.0
2024-10-03 14:00:00,11506.75,12921.25,48724.25
2024-10-03 15:00:00,11322.25,10436.75,48549.0
2024-10-03 16:00:00,11116.0,6808.75,47856.25
2024-10-03 17:00:00,10185.0,3122.25,47979.25
2024-10-03 18:00:00,9835.75,482.25,49732.0
2024-10-03 19:00:00,10292.0,31.0,50778.75
2024-10-03 20:00:00,10816.25,24.5,48772.75
2024-10-03 21:00:00,10979.75,17.25,46498.0
2024-10-03 22:00:00,10570.75,10.75,44398.5
2024-10-03 23:00:00,10343.75,9.5,41349.0
2024-10-04 00:00:00,10122.25,8.75,39111.0
2024-10-04 01:00:00,9787.25,7.0,38360.0
2024-10-04 02:00:00,9430.5,6.0,37953.75
2024-10-04 03:00:00,9281.25,6.25,38660.25
2024-10-04 04:00:00,9149.5,6.75,39833.75
2024-10-04 05:00:00,8834.75,7.75,41769.75
2024-10-04 06:00:00,8443.25,7.5,46375.5
2024-10-04 07:00:00,8346.0,187.75,50070.25
2024-10-04 08:00:00,8011.25,2474.5,52835.0
2024-10-04 09:00:00,7090.75,7207.25,53953.75
2024-10-04 10:00:00,6062.75,12643.5,54780.75
2024-10-04 11:00:00,6203.5,16506.5,55354.25
2024-10-04 12:00:00,6466.5,18271.5,55631.5
2024-10-04 13:00:00,6194.0,17643.25,54445.25
2024-10-04 14:00:00,5600.75,15703.25,52316.75
2024-10-04 15:00:00,5662.0,12899.0,51059.25
2024-10-04 16:00:00,5620.0,8968.25,50686.5
2024-10-04 17:00:00,5539.0,4062.0,51205.0
2024-10-04 18:00:00,5740.25,586.75,52439.5
2024-10-04 19:00:00,6297.25,37.5,53461.25
2024-10-04 20:00:00,6864.25,16.5,50783.5
2024-10-04 21:00:00,6881.0,5.5,48113.75
2024-10-04 22:00:00,6458.25,5.5,45478.25
2024-10-04 23:00:00,6007.0,5.5,42259.75
2024-10-05 00:00:00,5342.0,5.25,39813.0
2024-10-05 01:00:00,4765.0,5.75,38128.5
2024-10-05 02:00:00,4239.75,5.25,37342.75
2024-10-05 03:00:00,3684.0,6.0,37280.75
2024-10-05 04:00:00,3239.5,5.0,37422.75
2024-10-05 05:00:00,2893.75,5.75,38506.5
2024-10-05 06:00:00,2786.0,6.0,40330.5
2024-10-05 07:00:00,2701.75,165.5,42637.0
2024-10-05 08:00:00,2613.25,2705.25,45591.75
2024-10-05 09:00:00,2195.75,8308.25,47923.0
2024-10-05 10:00:00,1454.0,14746.0,49325.5
2024-10-05 11:00:00,1070.75,19664.0,50842.25
2024-10-05 12:00:00,1104.5,21970.5,50253.25
2024-10-05 13:00:00,1157.25,21584.75,48846.25
2024-10-05 14:00:00,1218.5,19239.75,47745.75
2024-10-05 15:00:00,1243.25,14995.75,46485.75
2024-10-05 16:00:00,1317.75,10051.0,46193.75
2024-10-05 17:00:00,1500.25,4476.25,47227.25
2024-10-05 18:00:00,2003.25,620.5,48983.0
2024-10-05 19:00:00,2694.75,30.25,49822.0
2024-10-05 20:00:00,4402.5,16.25,47430.25
2024-10-05 21:00:00,5978.75,10.0,44868.25
2024-10-05 22:00:00,6640.75,10.25,43027.25
2024-10-05 23:00:00,7084.25,9.75,40241.75
2024-10-06 00:00:00,6997.5,9.25,37660.75
2024-10-06 01:00:00,7019.0,9.25,36257.5
2024-10-06 02:00:00,7030.75,9.0,35567.75
2024-10-06 03:00:00,6782.5,10.5,35024.5
2024-10-06 04:00:00,6397.75,9.5,35317.25
2024-10-06 05:00:00,6224.0,8.5,35686.0
2024-10-06 06:00:00,6474.25,9.75,36397.75
2024-10-06 07:00:00,7182.25,245.0,38229.25
2024-10-06 08:00:00,7498.5,3832.25,40746.0
2024-10-06 09:00:00,6563.25,10421.75,43734.75
2024-10-06 10:00:00,4630.25,17100.0,46355.25
2024-10-06 11:00:00,4794.25,22735.25,48211.75
2024-10-06 12:00:00,6048.5,26527.25,48136.5
2024-10-06 13:00:00,7031.5,26443.75,46706.5
2024-10-06 14:00:00,7621.75,23586.25,44889.75
2024-10-06 15:00:00,7945.5,18806.25,44371.5
2024-10-06 16:00:00,8547.0,11909.75,43789.5
2024-10-06 17:00:00,9036.75,4974.75,44920.25
2024-10-06 18:00:00,10881.5,608.25,47494.5
2024-10-06 19:00:00,14329.75,21.25,49068.5
2024-10-06 20:00:00,16639.5,16.5,47520.0
2024-10-06 21:00:00,17750.75,14.25,45545.25
2024-10-06 22:00:00,17827.5,14.5,44298.0
2024-10-06 23:00:00,17615.5,14.5,41669.5
2024-10-07 00:00:00,17492.5,17.25,40414.25
2024-10-07 01:00:00,16775.25,17.0,39022.0
2024-10-07 02:00:00,16737.25,16.25,38442.25
2024-10-07 03:00:00,16638.75,15.0,39111.0
2024-10-07 04:00:00,17015.75,15.75,41196.5
2024-10-07 05:00:00,17395.75,15.75,45100.5
2024-10-07 06:00:00,17636.25,17.5,52923.75
2024-10-07 07:00:00,16779.5,286.0,58188.25
2024-10-07 08:00:00,15055.0,3170.75,61222.0
2024-10-07 09:00:00,12579.0,7876.0,62398.5
2024-10-07 10:00:00,10389.75,13680.5,63178.25
2024-10-07 11:00:00,9221.75,16706.0,63680.25
2024-10-07 12:00:00,8689.25,18811.0,63584.5
2024-10-07 13:00:00,8319.5,19960.25,62871.0
2024-10-07 14:00:00,7606.25,18551.0,60831.5
2024-10-07 15:00:00,5831.5,14892.5,58666.5
2024-10-07 16:00:00,4383.0,9117.0,57027.5
2024-10-07 17:00:00,4020.0,3196.25,57311.75
2024-10-07 18:00:00,4669.75,276.75,58635.75
2024-10-07 19:00:00,5813.25,26.25,59514.0
2024-10-07 20:00:00,6993.5,19.25,56382.5
2024-10-07 21:00:00,8218.5,11.25,52840.25
2024-10-07 22:00:00,8349.5,9.5,49364.75
2024-10-07 23:00:00,8954.25,7.0,45725.25
2024-10-08 00:00:00,10420.5,7.25,42875.75
2024-10-08 01:00:00,12323.75,8.25,41579.5
2024-10-08 02:00:00,12957.5,11.0,41518.25
2024-10-08 03:00:00,13489.5,13.25,41611.0
2024-10-08 04:00:00,14366.0,12.75,42905.25
2024-10-08 05:00:00,15498.5,13.0,45812.25
2024-10-08 06:00:00,16919.75,19.5,53942.25
2024-10-08 07:00:00,17064.25,207.75,59126.0
2024-10-08 08:00:00,16192.5,2825.25,61218.75
2024-10-08 09:00:00,14997.25,7816.5,62195.5
2024-10-08 10:00:00,12603.5,13793.0,63324.0
2024-10-08 11:00:00,10599.0,17923.25,64534.5
2024-10-08 12:00:00,9600.25,19365.5,63502.0
2024-10-08 13:00:00,8368.0,17105.5,62224.25
2024-10-08 14:00:00,7523.5,12821.0,60170.25
2024-10-08 15:00:00,7102.25,8286.25,59496.0
2024-10-08 16:00:00,6600.25,4315.5,58040.0
2024-10-08 17:00:00,6463.5,1556.0,58629.5
2024-10-08 18:00:00,6833.5,184.25,59878.25
2024-10-08 19:00:00,7957.75,26.25,60329.75
2024-10-08 20:00:00,9166.25,13.0,57080.5
2024-10-08 21:00:00,10050.0,9.5,53418.0
2024-10-08 22:00:00,10377.0,15.75,49333.0
2024-10-08 23:00:00,11132.25,14.0,45728.0
2024-10-09 00:00:00,12027.5,9.5,43713.25
2024-10-09 01:00:00,13014.5,10.25,42560.75
2024-10-09 02:00:00,13798.75,9.5,41768.75
2024-10-09 03:00:00,14131.25,12.25,42240.0
2024-10-09 04:00:00,14230.75,13.5,43044.0
2024-10-09 05:00:00,14723.75,11.75,46668.25
2024-10-09 06:00:00,16016.75,12.25,53442.5
2024-10-09 07:00:00,16337.25,270.0,58730.5
2024-10-09 08:00:00,16388.75,4080.5,60939.75
2024-10-09 09:00:00,15162.0,11405.75,61297.75
2024-10-09 10:00:00,13810.25,19079.75,62012.75
2024-10-09 11:00:00,13645.25,22809.0,63064.25
2024-10-09 12:00:00,14780.75,23085.25,63257.5
2024-10-09 13:00:00,16273.75,20357.25,62011.75
2024-10-09 14:00:00,16724.25,15984.75,60148.0
2024-10-09 15:00:00,16719.0,11275.75,59237.5
2024-10-09 16:00:00,16930.75,6092.0,58658.0
2024-10-09 17:00:00,17800.25,2057.25,59552.5
2024-10-09 18:00:00,18628.25,166.75,60685.75
2024-10-09 19:00:00,20067.25,31.0,60843.25
2024-10-09 20:00:00,21077.0,17.0,57629.0
2024-10-09 21:00:00,20917.0,10.25,54545.75
2024-10-09 22:00:00,20037.0,6.0,50066.0
2024-10-09 23:00:00,19454.0,5.25,45320.0
2024-10-10 00:00:00,20368.5,7.5,44002.75
2024-10-10 01:00:00,21927.25,6.75,42936.0
2024-10-10 02:00:00,23390.0,8.75,42467.0
2024-10-10 03:00:00,24743.75,8.5,43022.0
2024-10-10 04:00:00,26392.0,11.25,44396.25
2024-10-10 05:00:00,28860.75,10.25,48894.75
2024-10-10 06:00:00,30708.25,13.0,55727.75
2024-10-10 07:00:00,30976.5,113.0,60644.5
2024-10-10 08:00:00,31205.5,1371.5,63548.75
2024-10-10 09:00:00,31301.25,4065.0,64153.0
2024-10-10 10:00:00,32249.5,6812.25,64060.25
2024-10-10 11:00:00,33493.25,9417.75,65148.5
2024-10-10 12:00:00,33726.75,12688.0,65491.75
2024-10-10 13:00:00,32662.75,14115.5,64326.25
2024-10-10 14:00:00,30427.5,13795.5,62588.75
2024-10-10 15:00:00,27310.0,11812.0,60704.75
2024-10-10 16:00:00,25900.25,7380.5,59274.0
2024-10-10 17:00:00,23381.0,2832.0,60195.25
2024-10-10 18:00:00,21845.5,252.75,61501.25
2024-10-10 19:00:00,20267.5,44.75,62270.5
2024-10-10 20:00:00,18490.25,33.75,58883.25
2024-10-10 21:00:00,16936.5,27.0,55324.75
2024-10-10 22:00:00,14497.75,15.75,51446.25
2024-10-10 23:00:00,13440.75,17.25,47670.5
2024-10-11 00:00:00,12410.25,12.25,45569.25
2024-10-11 01:00:00,12222.0,10.5,45040.75
2024-10-11 02:00:00,11811.5,9.75,44236.25
2024-10-11 03:00:00,12312.5,8.5,44659.25
2024-10-11 04:00:00,12160.5,9.25,45405.25
2024-10-11 05:00:00,12466.25,10.75,48310.75
2024-10-11 06:00:00,12217.75,16.25,54975.5
2024-10-11 07:00:00,11948.0,147.5,60073.25
2024-10-11 08:00:00,9815.25,2845.5,62524.75
2024-10-11 09:00:00,7214.75,8951.5,62721.75
2024-10-11 10:00:00,5592.75,16328.25,63051.75
2024-10-11 11:00:00,5995.0,22126.0,63604.0
2024-10-11 12:00:00,7513.75,24825.5,63337.75
2024-10-11 13:00:00,8886.75,24355.0,61776.5
2024-10-11 14:00:00,9832.25,22534.5,59303.5
2024-10-11 15:00:00,8689.0,18435.75,58139.25
2024-10-11 16:00:00,7337.0,12236.0,55907.5
2024-10-11 17:00:00,6427.5,4808.0,56759.0
2024-10-11 18:00:00,6489.5,386.25,58482.0
2024-10-11 19:00:00,6913.75,44.25,59147.5
2024-10-11 20:00:00,7238.25,34.25,56012.25
2024-10-11 21:00:00,7578.5,26.5,52521.0
2024-10-11 22:00:00,7270.0,17.0,49070.75
2024-10-11 23:00:00,6977.0,16.25,45709.0
2024-10-12 00:00:00,7352.25,16.75,43188.5
2024-10-12 01:00:00,7579.75,17.75,41108.25
2024-10-12 02:00:00,7252.75,17.0,39606.25
2024-10-12 03:00:00,7233.0,12.25,39338.75
2024-10-12 04:00:00,7682.0,12.0,39475.0
2024-10-12 05:00:00,8801.5,9.0,40384.0
2024-10-12 06:00:00,11263.0,14.25,42031.75
2024-10-12 07:00:00,13025.25,245.25,44729.75
2024-10-12 08:00:00,13952.25,4750.5,47893.0
2024-10-12 09:00:00,13661.75,12832.0,50683.75
2024-10-12 10:00:00,10393.0,20656.0,52644.75
2024-10-12 11:00:00,8972.75,25357.5,53961.0
2024-10-12 12:00:00,10587.5,26419.0,53208.25
2024-10-12 13:00:00,12054.5,24490.75,50900.25
2024-10-12 14:00:00,13170.5,19126.0,49828.25
2024-10-12 15:00:00,13751.5,13046.0,48607.5
2024-10-12 16:00:00,13797.25,7472.25,48349.75
2024-10-12 17:00:00,15214.5,2423.5,50031.25
2024-10-12 18:00:00,17842.5,160.75,52953.5
2024-10-12 19:00:00,20320.75,29.0,53499.5
2024-10-12 20:00:00,22847.5,25.5,50713.25
2024-10-12 21:00:00,24071.25,23.5,48256.25
2024-10-12 22:00:00,24457.0,18.5,46458.75
2024-10-12 23:00:00,25528.75,16.25,43718.5
2024-10-13 00:00:00,26436.5,17.0,41259.0
2024-10-13 01:00:00,27034.75,15.75,38605.0
2024-10-13 02:00:00,27543.5,8.5,37967.75
2024-10-13 03:00:00,27362.0,8.0,37550.25
2024-10-13 04:00:00,28177.5,8.0,37636.25
2024-10-13 05:00:00,31471.0,9.5,38464.25
2024-10-13 06:00:00,34238.0,21.0,38676.25
2024-10-13 07:00:00,36974.5,89.75,40598.25
2024-10-13 08:00:00,36463.0,1989.25,43262.75
2024-10-13 09:00:00,36372.5,6513.25,46248.5
2024-10-13 10:00:00,36037.25,12728.5,49538.0
2024-10-13 11:00:00,35233.5,16898.0,51493.5
2024-10-13 12:00:00,35044.25,18732.25,51361.75
2024-10-13 13:00:00,33336.75,19368.75,49420.25
2024-10-13 14:00:00,32308.0,17938.0,47684.75
2024-10-13 15:00:00,32958.0,14117.25,46997.5
2024-10-13 16:00:00,34443.0,9029.25,46954.5
2024-10-13 17:00:00,33586.0,3297.25,49037.0
2024-10-13 18:00:00,31902.0,223.25,50934.25
2024-10-13 19:00:00,30086.5,40.75,51643.0
2024-10-13 20:00:00,28714.25,40.0,49506.5
2024-10-13 21:00:00,27450.25,39.0,47521.25
2024-10-13 22:00:00,24867.5,24.5,46106.5
2024-10-13 23:00:00,23786.25,25.5,43971.25
2024-10-14 00:00:00,22066.75,22.5,43045.75
2024-10-14 01:00:00,19670.5,21.75,41880.5
2024-10-14 02:00:00,17601.25,21.0,40872.25
2024-10-14 03:00:00,15921.25,20.25,40528.5
2024-10-14 04:00:00,14772.75,17.5,41832.5
2024-10-14 05:00:00,14342.25,17.0,45874.25
2024-10-14 06:00:00,13275.75,22.5,53822.75
2024-10-14 07:00:00,11866.5,148.25,59281.25
2024-10-14 08:00:00,10517.25,2612.5,62113.25
2024-10-14 09:00:00,8315.5,7526.25,62667.75
2024-10-14 10:00:00,5789.25,12344.5,63298.25
2024-10-14 11:00:00,3929.0,15043.0,63823.75
2024-10-14 12:00:00,3138.5,15304.5,63334.5
2024-10-14 13:00:00,2701.5,14306.75,62675.75
2024-10-14 14:00:00,2289.25,12495.75,61207.5
2024-10-14 15:00:00,1913.75,9385.5,59466.0
2024-10-14 16:00:00,1807.25,5547.0,58130.0
2024-10-14 17:00:00,1735.5,2141.0,58673.25
2024-10-14 18:00:00,2079.25,147.25,60190.25
2024-10-14 19:00:00,2500.75,21.75,60425.25
2024-10-14 20:00:00,2681.25,14.75,57309.5
2024-10-14 21:00:00,2824.0,4.5,53803.75
2024-10-14 22:00:00,2649.5,4.25,50375.0
2024-10-14 23:00:00,2618.25,4.25,46976.25
2024-10-15 00:00:00,2658.75,4.0,44317.5
2024-10-15 01:00:00,2686.5,4.25,43175.25
2024-10-15 02:00:00,2849.5,4.25,43299.25
2024-10-15 03:00:00,3099.25,4.75,43237.0
2024-10-15 04:00:00,3226.0,4.25,45034.25
2024-10-15 05:00:00,3141.0,4.25,47222.5
2024-10-15 06:00:00,3493.75,10.0,54037.0
2024-10-15 07:00:00,3964.0,98.5,59240.5
2024-10-15 08:00:00,4371.5,2639.25,61511.0
2024-10-15 09:00:00,4256.0,9314.5,61792.75
2024-10-15 10:00:00,3486.0,16008.0,61748.5
2024-10-15 11:00:00,2945.25,21017.0,62334.25
2024-10-15 12:00:00,3767.75,22884.0,62670.25
2024-10-15 13:00:00,4490.0,22226.75,61970.0
2024-10-15 14:00:00,4893.75,19652.5,59904.75
2024-10-15 15:00:00,5682.0,15187.75,57911.0
2024-10-15 16:00:00,6428.0,8854.25,57161.5
2024-10-15 17:00:00,7725.75,2625.75,58064.5
2024-10-15 18:00:00,11598.0,114.0,60111.5
2024-10-15 19:00:00,16577.75,29.5,60853.5
2024-10-15 20:00:00,19999.5,26.75,57378.75
2024-10-15 21:00:00,22426.0,25.25,54202.0
2024-10-15 22:00:00,23023.75,21.75,50856.75
2024-10-15 23:00:00,24837.5,19.5,47338.5
2024-10-16 00:00:00,25742.5,19.25,45370.0
2024-10-16 01:00:00,26111.75,15.75,44133.25
2024-10-16 02:00:00,26027.5,16.5,43384.25
2024-10-16 03:00:00,26596.75,16.5,43551.75
2024-10-16 04:00:00,26626.75,13.25,45362.0
2024-10-16 05:00:00,26206.75,12.5,49499.5
2024-10-16 06:00:00,28458.0,32.5,56424.0
2024-10-16 07:00:00,28832.0,152.0,61461.0
2024-10-16 08:00:00,27110.25,3644.5,63564.25
2024-10-16 09:00:00,24560.25,11437.25,64321.0
2024-10-16 10:00:00,22295.25,19741.0,64945.25
2024-10-16 11:00:00,19508.25,25329.25,64095.5
2024-10-16 12:00:00,19239.5,27567.5,62985.75
2024-10-16 13:00:00,19287.0,26184.0,61965.5
2024-10-16 14:00:00,19635.75,22669.0,61233.75
2024-10-16 15:00:00,20149.25,16918.5,60560.0
2024-10-16 16:00:00,21140.5,9587.5,58740.25
2024-10-16 17:00:00,23613.25,2853.25,59975.5
2024-10-16 18:00:00,28155.0,159.75,62591.25
2024-10-16 19:00:00,31178.75,40.5,62336.5
2024-10-16 20:00:00,31567.25,39.75,59173.75
2024-10-16 21:00:00,30573.0,38.75,55674.0
2024-10-16 22:00:00,27786.25,27.0,51710.25
2024-10-16 23:00:00,26421.5,26.0,49233.75
2024-10-17 00:00:00,25212.75,23.0,47381.5
2024-10-17 01:00:00,24405.75,20.75,46077.5
2024-10-17 02:00:00,23732.0,13.75,45374.25
2024-10-17 03:00:00,23660.25,12.5,45389.0
2024-10-17 04:00:00,23338.0,17.75,46596.25
2024-10-17 05:00:00,23120.75,16.5,49136.0
2024-10-17 06:00:00,23631.75,22.75,55935.75
2024-10-17 07:00:00,22792.25,126.0,61564.5
2024-10-17 08:00:00,20495.5,3383.25,63313.25
2024-10-17 09:00:00,17389.0,10400.75,63494.25
2024-10-17 10:00:00,14347.5,17705.25,63349.25
2024-10-17 11:00:00,11982.0,23087.5,63656.25
2024-10-17 12:00:00,9933.0,25336.25,63022.5
2024-10-17 13:00:00,8107.25,24108.0,61272.0
2024-10-17 14:00:00,7005.25,20356.25,58978.75
2024-10-17 15:00:00,6441.25,14979.0,58672.5
2024-10-17 16:00:00,6338.75,8534.25,57870.75
2024-10-17 17:00:00,6913.5,2511.25,59145.75
2024-10-17 18:00:00,8273.0,102.75,61391.5
2024-10-17 19:00:00,9268.0,30.0,61605.0
2024-10-17 20:00:00,9443.75,19.25,58297.75
2024-10-17 21:00:00,9319.5,12.0,54413.0
2024-10-17 22:00:00,8441.25,6.25,50803.0
2024-10-17 23:00:00,7459.5,6.25,47197.25
2024-10-18 00:00:00,6502.75,5.25,44383.25
2024-10-18 01:00:00,5614.75,4.75,42955.0
2024-10-18 02:00:00,5024.0,5.5,41901.5
2024-10-18 03:00:00,4802.75,5.5,42222.25
2024-10-18 04:00:00,4809.75,5.0,43375.75
2024-10-18 05:00:00,5091.5,5.0,46413.25
2024-10-18 06:00:00,5337.75,8.25,53101.75
2024-10-18 07:00:00,5363.75,96.5,58403.5
2024-10-18 08:00:00,5638.0,2452.75,60858.75
2024-10-18 09:00:00,4713.0,7584.75,61561.75
2024-10-18 10:00:00,3249.0,13346.5,61958.25
2024-10-18 11:00:00,2210.75,17622.0,62246.5
2024-10-18 12:00:00,1689.0,19618.75,61700.75
2024-10-18 13:00:00,1431.25,18802.5,60445.25
2024-10-18 14:00:00,1444.75,15519.75,58245.75
2024-10-18 15:00:00,1726.25,10856.75,56651.75
2024-10-18 16:00:00,1889.25,5684.5,55608.0
2024-10-18 17:00:00,2478.25,1623.0,56492.25
2024-10-18 18:00:00,3967.5,73.75,58264.0
2024-10-18 19:00:00,5407.25,20.5,57930.75
2024-10-18 20:00:00,6386.25,13.75,54771.75
2024-10-18 21:00:00,6895.25,14.75,51824.5
2024-10-18 22:00:00,6816.5,12.75,48438.0
2024-10-18 23:00:00,6310.0,10.75,44988.25
2024-10-19 00:00:00,5893.75,10.0,42110.25
2024-10-19 01:00:00,6061.25,10.0,40421.75
2024-10-19 02:00:00,6647.25,8.75,39100.0
2024-10-19 03:00:00,7161.5,10.0,38928.75
2024-10-19 04:00:00,7532.25,9.75,39333.0
2024-10-19 05:00:00,8249.5,11.25,40337.0
2024-10-19 06:00:00,9012.0,10.25,42257.25
2024-10-19 07:00:00,9343.25,39.25,45247.25
2024-10-19 08:00:00,9648.25,1693.5,48321.0
2024-10-19 09:00:00,8978.0,5810.0,50781.5
2024-10-19 10:00:00,7448.5,10269.75,52197.25
2024-10-19 11:00:00,6652.75,13781.25,53625.25
2024-10-19 12:00:00,6293.25,15538.5,53674.5
2024-10-19 13:00:00,6736.0,14879.75,52355.0
2024-10-19 14:00:00,7363.75,12107.75,51227.0
2024-10-19 15:00:00,7072.75,8676.5,49432.0
2024-10-19 16:00:00,6762.5,5037.5,48856.75
2024-10-19 17:00:00,7247.5,1576.75,50474.75
2024-10-19 18:00:00,8232.25,79.75,52815.75
2024-10-19 19:00:00,9304.5,10.0,52588.0
2024-10-19 20:00:00,9963.5,8.0,49614.25
2024-10-19 21:00:00,10198.5,10.75,46853.5
2024-10-19 22:00:00,10081.0,11.75,44681.5
2024-10-19 23:00:00,10109.5,13.25,41669.25
2024-10-20 00:00:00,9486.0,14.5,39135.5
2024-10-20 01:00:00,9236.0,13.5,37109.0
2024-10-20 02:00:00,9043.75,14.5,35910.25
2024-10-20 03:00:00,8810.0,13.25,35338.75
2024-10-20 04:00:00,8852.75,13.5,35434.0
2024-10-20 05:00:00,9324.75,12.5,35901.5
2024-10-20 06:00:00,9852.25,13.5,36742.5
2024-10-20 07:00:00,10146.0,34.75,38607.0
2024-10-20 08:00:00,9977.5,1772.5,41553.75
2024-10-20 09:00:00,9279.75,6616.5,44623.0
2024-10-20 10:00:00,8154.75,12216.0,47605.5
2024-10-20 11:00:00,7741.5,16961.75,50208.25
2024-10-20 12:00:00,8697.25,19204.5,49719.25
2024-10-20 13:00:00,9820.25,19226.75,48382.75
2024-10-20 14:00:00,10769.5,16628.25,46326.25
2024-10-20 15:00:00,12554.25,11987.5,45704.25
2024-10-20 16:00:00,14363.75,6483.25,45689.75
2024-10-20 17:00:00,17622.25,1612.0,47828.75
2024-10-20 18:00:00,21644.75,46.75,51440.25
2024-10-20 19:00:00,24532.5,24.5,51210.5
2024-10-20 20:00:00,26411.5,23.25,49636.5
2024-10-20 21:00:00,27432.75,23.25,47576.0
2024-10-20 22:00:00,26433.75,18.75,46772.75
2024-10-20 23:00:00,26648.25,18.5,43400.0
2024-10-21 00:00:00,25368.0,17.5,42424.75
2024-10-21 01:00:00,23730.0,17.75,41069.75
2024-10-21 02:00:00,23171.75,18.25,40589.75
2024-10-21 03:00:00,22596.5,18.75,40630.0
2024-10-21 04:00:00,20921.0,17.25,41996.0
2024-10-21 05:00:00,21235.75,18.25,46330.75
2024-10-21 06:00:00,21859.25,18.5,53765.0
2024-10-21 07:00:00,20248.25,36.5,60143.25
2024-10-21 08:00:00,18290.0,1494.25,62728.0
2024-10-21 09:00:00,16590.0,5695.5,62839.25
2024-10-21 10:00:00,14568.75,10581.5,63337.0
2024-10-21 11:00:00,12721.0,14843.75,64071.0
2024-10-21 12:00:00,11306.0,17403.75,63486.0
2024-10-21 13:00:00,9337.75,17662.75,62155.0
2024-10-21 14:00:00,7149.0,16252.5,60032.75
2024-10-21 15:00:00,5378.25,13279.5,58519.25
2024-10-21 16:00:00,4708.25,7840.0,56912.25
2024-10-21 17:00:00,4447.5,2150.25,58058.0
2024-10-21 18:00:00,4635.0,62.25,59931.0
2024-10-21 19:00:00,5050.5,30.0,59687.5
2024-10-21 20:00:00,5734.0,18.0,56247.75
2024-10-21 21:00:00,6753.0,12.75,52850.25
2024-10-21 22:00:00,7184.75,11.25,48984.25
2024-10-21 23:00:00,7818.75,8.25,45317.25
2024-10-22 00:00:00,8621.0,7.25,42804.75
2024-10-22 01:00:00,9806.75,7.0,41958.75
2024-10-22 02:00:00,11064.25,6.25,41171.0
2024-10-22 03:00:00,12438.25,5.0,42064.25
2024-10-22 04:00:00,14031.25,5.5,43252.75
2024-10-22 05:00:00,15070.75,9.5,46297.25
2024-10-22 06:00:00,15006.75,8.5,53573.0
2024-10-22 07:00:00,13918.75,20.0,59257.25
2024-10-22 08:00:00,13883.75,1177.25,61862.25
2024-10-22 09:00:00,13909.5,5028.5,62276.25
2024-10-22 10:00:00,13369.0,9846.25,63314.0
2024-10-22 11:00:00,13344.0,14111.25,65363.25
2024-10-22 12:00:00,14137.75,16349.5,64994.5
2024-10-22 13:00:00,14083.5,16945.75,63617.25
2024-10-22 14:00:00,13655.5,16258.5,61816.75
2024-10-22 15:00:00,13174.75,12562.5,59802.0
2024-10-22 16:00:00,10704.25,7026.0,58695.25
2024-10-22 17:00:00,7924.5,1804.5,59553.25
2024-10-22 18:00:00,8233.25,70.5,61926.75
2024-10-22 19:00:00,10504.0,41.25,62021.25
2024-10-22 20:00:00,12102.75,21.75,59196.5
2024-10-22 21:00:00,12487.0,27.75,55794.25
2024-10-22 22:00:00,11973.25,21.5,52215.25
2024-10-22 23:00:00,11372.0,18.75,48877.75
2024-10-23 00:00:00,10380.0,17.5,46333.25
2024-10-23 01:00:00,9474.75,15.0,44876.0
2024-10-23 02:00:00,8461.5,12.25,43451.5
2024-10-23 03:00:00,7225.0,11.5,43405.5
2024-10-23 04:00:00,6362.25,11.5,44189.25
2024-10-23 05:00:00,5427.75,9.5,47179.0
2024-10-23 06:00:00,4577.25,8.0,54483.0
2024-10-23 07:00:00,3867.5,28.75,60302.25
2024-10-23 08:00:00,3139.25,1169.75,62628.25
2024-10-23 09:00:00,2509.5,5825.0,62679.0
2024-10-23 10:00:00,1684.0,12044.25,63055.5
2024-10-23 11:00:00,1107.75,17493.0,63608.75
2024-10-23 12:00:00,1158.5,20481.75,63493.5
2024-10-23 13:00:00,1607.75,21225.25,62545.5
2024-10-23 14:00:00,1883.25,19152.0,60424.5
2024-10-23 15:00:00,1854.75,14757.0,58387.75
2024-10-23 16:00:00,1722.0,8305.25,57626.5
2024-10-23 17:00:00,1846.0,2058.0,58742.5
2024-10-23 18:00:00,2671.75,59.5,61037.5
2024-10-23 19:00:00,3723.0,18.0,60914.0
2024-10-23 20:00:00,4636.0,9.75,57599.0
2024-10-23 21:00:00,5424.5,9.75,54067.75
2024-10-23 22:00:00,5561.75,6.5,50658.75
2024-10-23 23:00:00,5549.75,6.0,46821.25
2024-10-24 00:00:00,5497.5,5.5,44039.75
2024-10-24 01:00:00,5816.5,5.5,42894.25
2024-10-24 02:00:00,6148.75,6.25,42252.25
2024-10-24 03:00:00,6850.25,5.25,42597.0
2024-10-24 04:00:00,7274.25,5.25,44425.0
2024-10-24 05:00:00,7577.5,5.25,46896.75
2024-10-24 06:00:00,8410.75,6.25,53703.0
2024-10-24 07:00:00,9433.75,15.5,59610.75
2024-10-24 08:00:00,10226.75,950.75,62216.25
2024-10-24 09:00:00,9787.0,5177.5,62288.0
2024-10-24 10:00:00,7355.25,10991.0,62640.5
2024-10-24 11:00:00,5164.0,16357.25,63119.75
2024-10-24 12:00:00,4473.75,19535.0,62527.5
2024-10-24 13:00:00,4688.25,19467.5,61350.0
2024-10-24 14:00:00,5451.75,16932.0,59613.0
2024-10-24 15:00:00,6487.0,12818.75,58641.75
2024-10-24 16:00:00,7106.0,6676.75,57661.5
2024-10-24 17:00:00,8345.0,1359.75,59011.25
2024-10-24 18:00:00,11660.0,49.0,61356.25
2024-10-24 19:00:00,14687.75,25.5,61188.25
2024-10-24 20:00:00,15853.75,17.75,58348.5
2024-10-24 21:00:00,15375.75,17.5,55065.5
2024-10-24 22:00:00,14076.5,18.0,51330.25
2024-10-24 23:00:00,13156.0,17.5,47586.75
2024-10-25 00:00:00,12237.0,15.5,45264.0
2024-10-25 01:00:00,11604.5,13.0,43885.0
2024-10-25 02:00:00,10632.75,10.75,42912.25
2024-10-25 03:00:00,10420.75,10.5,42912.5
2024-10-25 04:00:00,10193.75,10.25,44137.75
2024-10-25 05:00:00,10104.25,10.0,46706.75
2024-10-25 06:00:00,10236.5,10.5,53671.25
2024-10-25 07:00:00,9868.0,24.25,59151.5
2024-10-25 08:00:00,9495.0,1321.0,61659.75
2024-10-25 09:00:00,8719.0,6098.5,61930.75
2024-10-25 10:00:00,6100.25,12979.5,62002.0
2024-10-25 11:00:00,3715.25,19223.25,61941.0
2024-10-25 12:00:00,2981.25,23331.75,61176.75
2024-10-25 13:00:00,2562.75,24494.5,59657.0
2024-10-25 14:00:00,2201.75,22414.5,57176.75
2024-10-25 15:00:00,2123.75,17052.0,54985.0
2024-10-25 16:00:00,2299.0,9142.0,54462.0
2024-10-25 17:00:00,2864.0,1937.25,55965.75
2024-10-25 18:00:00,3890.0,42.25,58498.0
2024-10-25 19:00:00,4590.5,31.25,57615.5
2024-10-25 20:00:00,5130.0,14.5,54251.0
2024-10-25 21:00:00,5206.0,5.25,51050.25
2024-10-25 22:00:00,4963.0,5.75,47737.0
2024-10-25 23:00:00,4451.0,5.25,44013.25
2024-10-26 00:00:00,3737.5,5.25,40975.75
2024-10-26 01:00:00,3119.0,5.5,39076.25
2024-10-26 02:00:00,2536.0,5.25,37801.0
2024-10-26 03:00:00,2129.0,5.5,37602.75
2024-10-26 04:00:00,1910.25,6.0,37789.25
2024-10-26 05:00:00,2061.75,5.25,38685.0
2024-10-26 06:00:00,2509.25,5.75,40552.75
2024-10-26 07:00:00,2945.0,13.0,43386.0
2024-10-26 08:00:00,3614.5,1008.5,46575.0
2024-10-26 09:00:00,4008.5,5289.25,49094.0
2024-10-26 10:00:00,3726.5,10942.75,50593.75
2024-10-26 11:00:00,2936.75,16473.25,51453.25
2024-10-26 12:00:00,2188.0,20953.75,51844.25
2024-10-26 13:00:00,1954.75,22916.5,50345.0
2024-10-26 14:00:00,1991.5,21571.0,48336.25
2024-10-26 15:00:00,2332.0,16354.0,46706.25
2024-10-26 16:00:00,2873.25,8367.25,46098.75
2024-10-26 17:00:00,4359.0,1703.75,48274.5
2024-10-26 18:00:00,6968.25,41.5,51134.25
2024-10-26 19:00:00,9977.75,22.25,50837.5
2024-10-26 20:00:00,12281.25,19.0,48047.0
2024-10-26 21:00:00,13640.0,19.75,45420.75
2024-10-26 22:00:00,13691.5,18.25,44175.25
2024-10-26 23:00:00,13393.25,18.25,41283.5
2024-10-27 00:00:00,13222.5,23.0,38781.0
2024-10-27 01:00:00,12995.5,21.5,37121.25
2024-10-27 02:00:00,11867.0,18.0,35613.25
2024-10-27 03:00:00,10685.5,14.5,35759.0
2024-10-27 04:00:00,10099.0,13.75,35908.75
2024-10-27 05:00:00,10035.75,12.0,36493.75
2024-10-27 06:00:00,10996.0,15.25,38217.5
2024-10-27 07:00:00,11169.0,934.25,40609.5
2024-10-27 08:00:00,10241.25,3993.25,44426.75
2024-10-27 09:00:00,8227.75,7550.5,47246.25
2024-10-27 10:00:00,7019.25,11000.5,49383.25
2024-10-27 11:00:00,7605.25,13826.5,50993.25
2024-10-27 12:00:00,9057.75,15279.75,50760.75
2024-10-27 13:00:00,9246.0,13966.5,49008.25
2024-10-27 14:00:00,8805.75,10475.75,46968.25
2024-10-27 15:00:00,7188.25,5726.75,45316.25
2024-10-27 16:00:00,5521.0,1328.0,46240.0
2024-10-27 17:00:00,4921.75,53.0,49832.0
2024-10-27 18:00:00,4582.0,31.5,51382.25
2024-10-27 19:00:00,4071.75,14.75,49927.75
2024-10-27 20:00:00,3466.25,6.75,47662.25
2024-10-27 21:00:00,3218.0,5.75,45590.0
2024-10-27 22:00:00,3307.25,6.75,44399.0
2024-10-27 23:00:00,3749.75,11.0,42445.75
2024-10-28 00:00:00,4280.0,11.5,40439.5
2024-10-28 01:00:00,5247.25,15.0,39627.0
2024-10-28 02:00:00,6309.75,14.25,39548.5
2024-10-28 03:00:00,7473.5,13.0,39889.75
2024-10-28 04:00:00,8481.5,15.25,41431.25
2024-10-28 05:00:00,9408.5,12.5,45156.75
2024-10-28 06:00:00,10390.25,17.25,52895.75
2024-10-28 07:00:00,11249.5,782.75,58273.75
2024-10-28 08:00:00,11523.25,4399.25,61131.0
2024-10-28 09:00:00,11210.0,8886.25,62045.5
2024-10-28 10:00:00,11386.0,12605.75,62417.0
2024-10-28 11:00:00,12600.0,14956.75,63325.5
2024-10-28 12:00:00,13950.5,15339.25,62958.75
2024-10-28 13:00:00,14305.25,13856.5,61505.5
2024-10-28 14:00:00,13748.5,10718.0,59840.5
2024-10-28 15:00:00,13292.0,5792.75,58966.0
2024-10-28 16:00:00,13179.75,1215.75,59220.75
2024-10-28 17:00:00,13402.5,44.25,61879.25
2024-10-28 18:00:00,13704.0,42.0,61946.0
2024-10-28 19:00:00,14141.25,27.25,60342.75
2024-10-28 20:00:00,14164.5,23.5,57097.0
2024-10-28 21:00:00,13583.75,19.0,53498.25
2024-10-28 22:00:00,12180.25,15.25,49905.5
2024-10-28 23:00:00,10826.25,15.5,46742.5
2024-10-29 00:00:00,9896.5,14.0,43504.0
2024-10-29 01:00:00,8613.25,12.0,42115.75
2024-10-29 02:00:00,7940.0,10.5,41319.5
2024-10-29 03:00:00,7231.75,9.0,41698.75
2024-10-29 04:00:00,6772.75,9.75,42888.75
2024-10-29 05:00:00,6456.75,10.0,46491.75
2024-10-29 06:00:00,6622.5,17.5,53700.5
2024-10-29 07:00:00,6808.0,760.0,58549.0
2024-10-29 08:00:00,6413.25,4103.5,60886.0
2024-10-29 09:00:00,5747.75,8187.75,61594.0
2024-10-29 10:00:00,5173.75,11737.75,61754.75
2024-10-29 11:00:00,4939.0,14205.25,62469.25
2024-10-29 12:00:00,4937.5,15083.25,61617.5
2024-10-29 13:00:00,4794.25,14020.5,60554.75
2024-10-29 14:00:00,4624.25,10767.75,59017.5
2024-10-29 15:00:00,4513.5,5727.75,58730.0
2024-10-29 16:00:00,4602.75,1150.75,59106.0
2024-10-29 17:00:00,4715.75,52.5,61692.0
2024-10-29 18:00:00,4975.75,37.75,62029.75
2024-10-29 19:00:00,5200.25,22.25,60520.75
2024-10-29 20:00:00,5434.5,17.0,57299.5
2024-10-29 21:00:00,5093.75,13.25,53756.25
2024-10-29 22:00:00,5027.75,11.25,50687.75
2024-10-29 23:00:00,5098.75,13.5,47627.0
2024-10-30 00:00:00,5139.75,14.0,45155.75
2024-10-30 01:00:00,4943.5,11.5,43661.25
2024-10-30 02:00:00,4512.5,10.25,42697.5
2024-10-30 03:00:00,4541.75,10.75,43358.75
2024-10-30 04:00:00,4560.5,9.0,44979.25
2024-10-30 05:00:00,4531.0,9.0,48238.5
2024-10-30 06:00:00,4461.5,11.0,55238.25
2024-10-30 07:00:00,4544.25,481.75,60400.25
2024-10-30 08:00:00,4143.25,2926.25,62696.25
2024-10-30 09:00:00,4019.0,6401.5,63380.0
2024-10-30 10:00:00,4320.75,9246.75,63895.25
2024-10-30 11:00:00,4991.0,11315.75,64223.5
2024-10-30 12:00:00,5780.75,11379.75,64231.5
2024-10-30 13:00:00,6001.5,9795.25,62879.5
2024-10-30 14:00:00,5410.25,7126.0,60964.0
2024-10-30 15:00:00,5144.75,3737.0,60511.0
2024-10-30 16:00:00,5048.25,743.5,60618.5
2024-10-30 17:00:00,4931.25,50.5,62816.25
2024-10-30 18:00:00,4853.5,32.25,62779.25
2024-10-30 19:00:00,4794.25,21.25,61098.0
2024-10-30 20:00:00,4698.0,11.75,57980.75
2024-10-30 21:00:00,4517.75,10.0,54414.0
2024-10-30 22:00:00,4463.75,9.0,50666.5
2024-10-30 23:00:00,4600.0,10.75,46719.0
2024-10-31 00:00:00,5022.5,13.75,43719.25
2024-10-31 01:00:00,5442.5,15.75,42007.25
2024-10-31 02:00:00,5535.25,15.25,41257.0
2024-10-31 03:00:00,5733.25,16.0,41768.5
2024-10-31 04:00:00,6016.75,18.0,43051.75
2024-10-31 05:00:00,6310.0,15.75,44834.0
2024-10-31 06:00:00,6380.25,26.25,50344.0
2024-10-31 07:00:00,6176.75,354.5,54830.0
2024-10-31 08:00:00,6732.25,2197.0,57885.0
2024-10-31 09:00:00,7122.75,4612.5,59444.25
2024-10-31 10:00:00,8172.5,6889.0,60293.25
2024-10-31 11:00:00,10084.75,8512.25,61456.75
2024-10-31 12:00:00,11775.75,8331.0,60960.5
2024-10-31 13:00:00,13322.75,6878.75,59332.25
2024-10-31 14:00:00,13837.5,4771.75,57584.0
2024-10-31 15:00:00,13971.75,2382.5,57023.0
2024-10-31 16:00:00,13727.25,460.25,56982.25
2024-10-31 17:00:00,14176.75,61.5,59155.0
2024-10-31 18:00:00,14549.75,54.5,59025.0
2024-10-31 19:00:00,15311.0,42.75,57186.0
2024-10-31 20:00:00,16542.75,35.75,54241.0
2024-10-31 21:00:00,17443.75,38.5,51552.75
2024-10-31 22:00:00,17114.0,25.5,48714.0
2024-10-31 23:00:00,17790.25,22.75,45485.25
2024-11-01 00:00:00,18325.5,26.0,43529.25
2024-11-01 01:00:00,18324.0,24.25,42162.25
2024-11-01 02:00:00,18507.75,23.75,42333.75
2024-11-01 03:00:00,18396.5,23.25,41951.5
2024-11-01 04:00:00,18176.0,23.25,42716.5
2024-11-01 05:00:00,18166.75,23.0,44413.5
2024-11-01 06:00:00,18879.5,33.75,47361.0
2024-11-01 07:00:00,18757.0,416.5,49815.0
2024-11-01 08:00:00,18296.75,2491.75,52264.0
2024-11-01 09:00:00,18237.5,5504.75,54014.25
2024-11-01 10:00:00,17941.75,8431.0,56137.25
2024-11-01 11:00:00,17393.5,10550.0,57655.5
2024-11-01 12:00:00,16836.5,11542.25,57754.25
2024-11-01 13:00:00,16534.0,10934.5,55990.75
2024-11-01 14:00:00,15947.75,8417.75,54202.5
2024-11-01 15:00:00,15423.75,4247.25,53286.75
2024-11-01 16:00:00,15046.5,713.0,54379.5
2024-11-01 17:00:00,14914.5,52.25,57093.5
2024-11-01 18:00:00,14508.0,38.75,57673.75
2024-11-01 19:00:00,14138.5,29.0,55976.75
2024-11-01 20:00:00,14548.75,21.0,53611.75
2024-11-01 21:00:00,14242.75,16.0,50861.5
2024-11-01 22:00:00,13943.0,14.75,48291.0
2024-11-01 23:00:00,13455.0,12.25,45588.5
2024-11-02 00:00:00,12080.75,12.75,43180.75
2024-11-02 01:00:00,10595.5,13.25,41090.25
2024-11-02 02:00:00,9452.5,13.5,40090.25
2024-11-02 03:00:00,9100.75,14.0,40041.25
2024-11-02 04:00:00,8725.25,10.5,40958.0
2024-11-02 05:00:00,8178.5,9.75,41098.25
2024-11-02 06:00:00,7334.0,10.75,42429.0
2024-11-02 07:00:00,6437.75,408.75,44227.5
2024-11-02 08:00:00,4869.25,3146.5,47667.5
2024-11-02 09:00:00,2829.25,7590.5,50037.25
2024-11-02 10:00:00,1819.0,11605.5,51361.75
2024-11-02 11:00:00,1401.0,13525.5,53186.75
2024-11-02 12:00:00,1343.25,12855.25,53147.25
2024-11-02 13:00:00,1456.5,10741.5,51697.5
2024-11-02 14:00:00,1543.25,7514.25,50948.25
2024-11-02 15:00:00,1601.0,3532.75,50223.25
2024-11-02 16:00:00,1984.0,481.75,51130.75
2024-11-02 17:00:00,2560.75,37.5,54111.5
2024-11-02 18:00:00,3011.25,21.0,54814.25
2024-11-02 19:00:00,3244.0,11.75,52947.75
2024-11-02 20:00:00,3440.75,8.5,49610.75
2024-11-02 21:00:00,3559.75,6.75,47551.75
2024-11-02 22:00:00,3706.25,6.75,45846.5
2024-11-02 23:00:00,3662.75,6.0,43878.75
2024-11-03 00:00:00,3710.25,8.5,41313.5
2024-11-03 01:00:00,3689.5,6.5,39506.0
2024-11-03 02:00:00,3859.25,6.0,38689.25
2024-11-03 03:00:00,3901.25,6.0,38567.0
2024-11-03 04:00:00,3910.25,6.0,38867.25
2024-11-03 05:00:00,4119.75,6.25,39303.5
2024-11-03 06:00:00,4285.0,10.25,40316.25
2024-11-03 07:00:00,4609.5,700.0,42537.25
2024-11-03 08:00:00,4185.25,5497.75,45518.75
2024-11-03 09:00:00,3608.75,12734.75,49264.0
2024-11-03 10:00:00,2748.75,18958.25,51759.75
2024-11-03 11:00:00,2535.25,22863.5,52807.75
2024-11-03 12:00:00,2964.25,23778.75,52449.75
2024-11-03 13:00:00,3573.25,21519.0,50137.5
2024-11-03 14:00:00,3664.75,15412.0,48064.25
2024-11-03 15:00:00,3895.75,7255.75,47943.75
2024-11-03 16:00:00,4784.75,1076.75,50110.25
2024-11-03 17:00:00,5739.75,41.75,54699.0
2024-11-03 18:00:00,6451.0,20.75,55599.0
2024-11-03 19:00:00,7032.5,21.75,54283.5
2024-11-03 20:00:00,7725.5,25.0,52126.5
2024-11-03 21:00:00,7336.0,17.5,49748.75
2024-11-03 22:00:00,6220.0,13.25,48060.5
2024-11-03 23:00:00,5410.25,11.0,44868.75
2024-11-04 00:00:00,4878.75,12.0,41731.75
2024-11-04 01:00:00,4316.0,11.5,40586.0
2024-11-04 02:00:00,3895.25,9.0,40344.5
2024-11-04 03:00:00,3641.75,9.25,40757.75
2024-11-04 04:00:00,3475.75,8.0,42584.0
2024-11-04 05:00:00,3360.0,8.25,46397.25
2024-11-04 06:00:00,3420.5,14.0,54701.25
2024-11-04 07:00:00,3400.5,320.0,60333.5
2024-11-04 08:00:00,3195.25,2823.0,63042.75
2024-11-04 09:00:00,2605.5,6978.0,63872.75
2024-11-04 10:00:00,2026.75,11203.75,64035.5
2024-11-04 11:00:00,1745.0,14698.25,63970.75
2024-11-04 12:00:00,1547.0,16318.75,63367.5
2024-11-04 13:00:00,1593.75,15552.25,62381.75
2024-11-04 14:00:00,1732.0,11728.75,60407.25
2024-11-04 15:00:00,2097.75,5576.75,60479.75
2024-11-04 16:00:00,3151.0,799.25,61328.5
2024-11-04 17:00:00,4831.5,31.5,64180.75
2024-11-04 18:00:00,6294.25,26.25,63799.25
2024-11-04 19:00:00,7262.5,16.75,62313.75
2024-11-04 20:00:00,7573.0,14.25,58911.75
2024-11-04 21:00:00,7694.25,8.5,55770.0
2024-11-04 22:00:00,7709.5,9.75,52102.0
2024-11-04 23:00:00,8020.5,9.0,48525.75
2024-11-05 00:00:00,7972.5,11.0,46227.75
2024-11-05 01:00:00,7787.0,11.25,44809.0
2024-11-05 02:00:00,7608.5,11.0,44087.25
2024-11-05 03:00:00,7555.0,10.5,44727.0
2024-11-05 04:00:00,7168.25,9.0,46274.5
2024-11-05 05:00:00,6662.0,11.0,49274.75
2024-11-05 06:00:00,6153.5,13.0,56571.25
2024-11-05 07:00:00,5808.25,410.25,61692.0
2024-11-05 08:00:00,5126.5,3053.0,64793.25
2024-11-05 09:00:00,4058.25,7100.5,64944.0
2024-11-05 10:00:00,3265.25,10747.75,65607.75
2024-11-05 11:00:00,2537.5,13414.75,66398.0
2024-11-05 12:00:00,1853.25,14226.5,65988.5
2024-11-05 13:00:00,1474.75,12656.25,64442.5
2024-11-05 14:00:00,1474.75,8734.75,62869.75
2024-11-05 15:00:00,1510.75,4108.0,62081.25
2024-11-05 16:00:00,1836.0,642.5,62201.75
2024-11-05 17:00:00,2090.0,33.75,65151.5
2024-11-05 18:00:00,2056.5,28.25,65058.5
2024-11-05 19:00:00,1946.0,22.5,63177.75
2024-11-05 20:00:00,1771.0,9.5,59777.0
2024-11-05 21:00:00,1569.5,7.0,56391.25
2024-11-05 22:00:00,1366.75,6.5,53024.5
2024-11-05 23:00:00,1170.0,7.0,49815.5
2024-11-06 00:00:00,1066.0,6.75,47092.0
2024-11-06 01:00:00,978.5,6.25,45605.75
2024-11-06 02:00:00,905.25,7.0,45207.75
2024-11-06 03:00:00,752.5,6.25,45420.5
2024-11-06 04:00:00,556.25,6.5,46804.75
2024-11-06 05:00:00,442.5,7.0,49850.75
2024-11-06 06:00:00,392.25,10.0,57449.0
2024-11-06 07:00:00,324.5,223.0,62611.25
2024-11-06 08:00:00,231.5,1755.5,65643.75
2024-11-06 09:00:00,124.5,3988.5,66476.75
2024-11-06 10:00:00,79.5,5674.75,67077.5
2024-11-06 11:00:00,57.5,6568.0,68086.75
2024-11-06 12:00:00,55.0,6652.0,67769.0
2024-11-06 13:00:00,51.75,5668.25,66899.5
2024-11-06 14:00:00,46.5,3899.5,65949.5
2024-11-06 15:00:00,49.25,1700.25,64935.75
2024-11-06 16:00:00,92.0,211.5,64778.5
2024-11-06 17:00:00,112.5,40.0,66422.75
2024-11-06 18:00:00,104.0,33.75,65986.5
2024-11-06 19:00:00,128.5,17.25,63918.75
2024-11-06 20:00:00,123.25,11.25,60553.0
2024-11-06 21:00:00,112.0,6.0,56872.0
2024-11-06 22:00:00,213.5,6.0,53402.5
2024-11-06 23:00:00,214.75,6.5,49964.75
2024-11-07 00:00:00,299.75,6.5,47530.75
2024-11-07 01:00:00,399.25,6.0,45914.0
2024-11-07 02:00:00,455.0,6.5,45229.0
2024-11-07 03:00:00,431.5,6.0,45564.75
2024-11-07 04:00:00,384.5,8.0,46943.5
2024-11-07 05:00:00,347.0,6.5,50366.25
2024-11-07 06:00:00,389.0,7.25,57635.0
2024-11-07 07:00:00,470.0,67.25,63035.75
2024-11-07 08:00:00,615.0,802.25,65989.25
2024-11-07 09:00:00,727.75,2165.0,66641.0
2024-11-07 10:00:00,788.25,3354.25,67385.5
2024-11-07 11:00:00,820.5,4116.5,68012.0
2024-11-07 12:00:00,815.0,4297.75,67585.0
2024-11-07 13:00:00,858.75,3813.0,66881.0
2024-11-07 14:00:00,885.75,2538.25,65624.75
2024-11-07 15:00:00,980.25,1036.5,65179.75
2024-11-07 16:00:00,1229.25,120.5,65031.5
2024-11-07 17:00:00,1590.0,36.25,66800.25
2024-11-07 18:00:00,2066.0,21.5,66493.0
2024-11-07 19:00:00,2610.25,18.5,64597.0
2024-11-07 20:00:00,2867.75,10.75,60815.5
2024-11-07 21:00:00,3126.25,7.25,57370.75
2024-11-07 22:00:00,3282.25,7.25,54046.25
2024-11-07 23:00:00,3622.0,7.75,50457.75
2024-11-08 00:00:00,3836.5,9.75,47413.5
2024-11-08 01:00:00,3646.25,11.5,45931.25
2024-11-08 02:00:00,3576.5,10.75,45381.75
2024-11-08 03:00:00,3833.25,7.75,45531.5
2024-11-08 04:00:00,4312.0,7.75,47199.75
2024-11-08 05:00:00,5013.25,8.5,50318.25
2024-11-08 06:00:00,5381.25,9.0,57348.0
2024-11-08 07:00:00,5968.25,50.75,62757.75
2024-11-08 08:00:00,6781.0,715.5,65738.5
2024-11-08 09:00:00,7370.25,2045.25,66522.25
2024-11-08 10:00:00,8242.75,3267.75,67081.75
2024-11-08 11:00:00,8742.25,4080.5,67483.25
2024-11-08 12:00:00,9061.0,4322.5,66893.25
2024-11-08 13:00:00,8840.0,3782.0,65977.5
2024-11-08 14:00:00,8676.0,2501.5,64486.25
2024-11-08 15:00:00,8698.0,1000.25,64065.75
2024-11-08 16:00:00,9431.75,103.5,64737.0
2024-11-08 17:00:00,10506.25,27.75,66340.75
2024-11-08 18:00:00,10789.0,27.75,65282.0
2024-11-08 19:00:00,10826.0,26.25,62986.0
2024-11-08 20:00:00,9980.25,19.0,59249.25
2024-11-08 21:00:00,9048.75,10.5,55585.75
2024-11-08 22:00:00,8451.0,11.75,52677.5
2024-11-08 23:00:00,7942.25,12.25,49858.5
2024-11-09 00:00:00,7213.25,11.0,46671.0
2024-11-09 01:00:00,6616.25,10.25,43827.5
2024-11-09 02:00:00,6231.75,10.0,43012.0
2024-11-09 03:00:00,5633.25,11.25,42645.5
2024-11-09 04:00:00,5156.0,13.0,42501.25
2024-11-09 05:00:00,4989.25,12.5,43393.25
2024-11-09 06:00:00,4774.5,13.75,45297.0
2024-11-09 07:00:00,4347.5,151.25,47763.0
2024-11-09 08:00:00,3883.25,1559.25,50938.5
2024-11-09 09:00:00,3235.5,3956.25,53371.75
2024-11-09 10:00:00,2520.75,6468.25,54765.5
2024-11-09 11:00:00,2020.75,8603.75,55653.25
2024-11-09 12:00:00,1656.0,9632.0,55388.25
2024-11-09 13:00:00,1402.0,9027.25,54851.0
2024-11-09 14:00:00,1236.75,6396.25,53038.0
2024-11-09 15:00:00,1339.5,2560.5,52876.75
2024-11-09 16:00:00,1660.5,243.5,54050.25
2024-11-09 17:00:00,2012.5,27.0,56850.5
2024-11-09 18:00:00,2087.25,25.0,56682.5
2024-11-09 19:00:00,2008.5,16.0,54655.0
2024-11-09 20:00:00,1848.75,9.0,51572.75
2024-11-09 21:00:00,1598.5,6.5,49098.25
2024-11-09 22:00:00,1326.25,5.75,47407.25
2024-11-09 23:00:00,1048.0,6.0,44705.25
2024-11-10 00:00:00,804.25,6.75,42127.75
2024-11-10 01:00:00,675.5,5.75,40341.75
2024-11-10 02:00:00,642.5,6.0,39499.5
2024-11-10 03:00:00,629.25,6.0,39623.75
2024-11-10 04:00:00,626.25,6.0,40055.75
2024-11-10 05:00:00,676.75,6.25,40017.0
2024-11-10 06:00:00,689.5,6.75,40546.0
2024-11-10 07:00:00,686.25,104.5,42468.75
2024-11-10 08:00:00,666.0,1312.0,45276.25
2024-11-10 09:00:00,649.75,3341.5,48269.0
2024-11-10 10:00:00,662.75,5084.75,50747.25
2024-11-10 11:00:00,726.5,6191.25,52874.0
2024-11-10 12:00:00,736.25,6334.0,52455.5
2024-11-10 13:00:00,780.5,5537.75,51590.75
2024-11-10 14:00:00,797.25,3691.75,50639.0
2024-11-10 15:00:00,894.5,1466.5,50928.0
2024-11-10 16:00:00,1214.25,133.5,52519.0
2024-11-10 17:00:00,1612.75,18.0,55490.0
2024-11-10 18:00:00,2037.0,17.5,55845.25
2024-11-10 19:00:00,2254.75,9.75,54566.5
2024-11-10 20:00:00,2308.0,12.25,51884.0
2024-11-10 21:00:00,2366.75,10.5,49968.75
2024-11-10 22:00:00,2498.0,10.0,48194.75
2024-11-10 23:00:00,2479.25,11.25,45592.75
2024-11-11 00:00:00,2639.75,10.5,43257.5
2024-11-11 01:00:00,2843.0,11.0,42282.75
2024-11-11 02:00:00,2859.0,10.25,42424.25
2024-11-11 03:00:00,3127.25,9.5,43256.0
2024-11-11 04:00:00,3821.75,11.0,45537.25
2024-11-11 05:00:00,4800.25,9.5,49893.75
2024-11-11 06:00:00,5795.5,10.5,58728.0
2024-11-11 07:00:00,6652.0,64.25,64441.75
2024-11-11 08:00:00,7082.25,906.75,67373.25
2024-11-11 09:00:00,7081.0,2474.25,68059.25
2024-11-11 10:00:00,6576.75,3973.5,68846.25
2024-11-11 11:00:00,6358.25,5221.5,68844.5
2024-11-11 12:00:00,6529.75,5462.75,68683.0
2024-11-11 13:00:00,6796.5,4747.5,68227.5
2024-11-11 14:00:00,6890.75,3299.25,66779.75
2024-11-11 15:00:00,6924.25,1317.5,66498.75
2024-11-11 16:00:00,7567.5,161.5,66573.25
2024-11-11 17:00:00,7934.75,24.75,67846.75
2024-11-11 18:00:00,8073.5,25.25,67771.0
2024-11-11 19:00:00,7845.75,16.75,66172.5
2024-11-11 20:00:00,7672.25,15.25,62872.5
2024-11-11 21:00:00,7097.5,15.75,59080.25
2024-11-11 22:00:00,6619.75,14.0,55587.5
2024-11-11 23:00:00,6072.0,8.5,51722.75
2024-11-12 00:00:00,5819.25,9.0,48879.5
2024-11-12 01:00:00,5437.75,7.5,47893.75
2024-11-12 02:00:00,5012.25,7.0,46819.5
2024-11-12 03:00:00,4585.75,7.5,47434.25
2024-11-12 04:00:00,4495.25,7.0,48605.0
2024-11-12 05:00:00,4627.0,7.25,51577.0
2024-11-12 06:00:00,4768.75,6.25,58580.0
2024-11-12 07:00:00,4920.0,65.75,63557.0
2024-11-12 08:00:00,4909.5,1080.0,65672.75
2024-11-12 09:00:00,4299.0,3051.25,66159.75
2024-11-12 10:00:00,3759.0,4842.75,66859.75
2024-11-12 11:00:00,3830.25,5969.0,67814.25
2024-11-12 12:00:00,4105.75,5996.0,68024.75
2024-11-12 13:00:00,4254.75,5058.5,67429.25
2024-11-12 14:00:00,4493.25,3194.5,65988.5
2024-11-12 15:00:00,4739.75,1218.5,65565.0
2024-11-12 16:00:00,5325.5,114.5,65897.5
2024-11-12 17:00:00,5729.75,30.0,67662.75
2024-11-12 18:00:00,5960.0,18.5,67237.5
2024-11-12 19:00:00,5850.75,9.0,65490.5
2024-11-12 20:00:00,5317.25,6.0,61840.25
2024-11-12 21:00:00,4646.5,7.25,58234.25
2024-11-12 22:00:00,4250.5,6.5,55023.0
2024-11-12 23:00:00,3725.75,6.75,51671.0
2024-11-13 00:00:00,3220.75,7.5,48547.5
2024-11-13 01:00:00,2902.5,7.5,47197.25
2024-11-13 02:00:00,2802.0,7.0,46242.75
2024-11-13 03:00:00,2572.5,7.0,46770.5
2024-11-13 04:00:00,2550.25,6.75,48235.75
2024-11-13 05:00:00,2588.0,7.5,51837.0
2024-11-13 06:00:00,2747.0,9.0,59317.25
2024-11-13 07:00:00,3135.75,52.75,64612.5
2024-11-13 08:00:00,3245.5,839.25,66710.25
2024-11-13 09:00:00,3231.5,2326.5,67271.0
2024-11-13 10:00:00,2975.0,3367.5,68202.25
2024-11-13 11:00:00,2744.5,4094.75,69191.25
2024-11-13 12:00:00,2908.5,4119.0,69507.25
2024-11-13 13:00:00,2765.75,3484.5,69176.5
2024-11-13 14:00:00,2766.0,2232.75,68527.0
2024-11-13 15:00:00,3284.5,826.0,68289.5
2024-11-13 16:00:00,4119.0,72.75,68367.75
2024-11-13 17:00:00,4591.75,42.25,70306.25
2024-11-13 18:00:00,5007.75,24.75,69900.25
2024-11-13 19:00:00,5702.25,24.25,68135.5
2024-11-13 20:00:00,6253.0,15.25,64805.5
2024-11-13 21:00:00,7134.25,14.75,61574.25
2024-11-13 22:00:00,7761.25,17.25,58191.75
2024-11-13 23:00:00,8910.5,17.25,54528.75
2024-11-14 00:00:00,9713.75,15.5,51278.0
2024-11-14 01:00:00,10968.25,17.75,49887.25
2024-11-14 02:00:00,11887.5,17.25,49281.0
2024-11-14 03:00:00,12400.5,18.0,49290.0
2024-11-14 04:00:00,13063.0,18.75,50136.5
2024-11-14 05:00:00,13329.25,19.0,53775.0
2024-11-14 06:00:00,13568.25,18.0,60863.75
2024-11-14 07:00:00,13270.75,65.5,66676.75
2024-11-14 08:00:00,12690.25,903.25,69534.75
2024-11-14 09:00:00,12060.75,2628.75,69846.0
2024-11-14 10:00:00,12008.5,4473.75,70761.75
2024-11-14 11:00:00,11823.0,5967.75,71051.75
2024-11-14 12:00:00,11582.25,6592.5,69825.0
2024-11-14 13:00:00,11430.25,5778.25,68522.0
2024-11-14 14:00:00,11595.75,3575.75,67172.75
2024-11-14 15:00:00,11159.75,1273.75,66646.5
2024-11-14 16:00:00,10682.5,110.75,66924.0
2024-11-14 17:00:00,10180.75,34.75,68665.0
2024-11-14 18:00:00,9767.75,26.75,68051.25
2024-11-14 19:00:00,9856.0,18.0,66269.75
2024-11-14 20:00:00,9460.0,13.5,62894.5
2024-11-14 21:00:00,8793.5,14.75,58720.0
2024-11-14 22:00:00,7827.75,15.25,55169.75
2024-11-14 23:00:00,7306.0,13.5,51730.25
2024-11-15 00:00:00,7027.5,13.5,48182.75
2024-11-15 01:00:00,6417.75,11.5,46139.75
2024-11-15 02:00:00,6155.75,12.25,45456.5
2024-11-15 03:00:00,6414.75,15.75,45893.75
2024-11-15 04:00:00,6614.5,16.25,47678.25
2024-11-15 05:00:00,6837.75,15.0,51150.75
2024-11-15 06:00:00,7185.0,18.75,58531.25
2024-11-15 07:00:00,7603.75,88.25,64466.5
2024-11-15 08:00:00,7590.75,1367.75,66814.5
2024-11-15 09:00:00,6930.0,3689.75,67117.5
2024-11-15 10:00:00,6524.75,5834.25,67390.75
2024-11-15 11:00:00,7190.75,7024.0,67754.75
2024-11-15 12:00:00,8143.75,6697.5,66899.25
2024-11-15 13:00:00,8160.75,5296.0,65552.5
2024-11-15 14:00:00,7582.5,3402.5,64578.0
2024-11-15 15:00:00,7489.0,1336.25,64296.75
2024-11-15 16:00:00,7934.75,111.75,65445.5
2024-11-15 17:00:00,8402.5,35.5,67414.0
2024-11-15 18:00:00,9258.0,30.75,67107.25
2024-11-15 19:00:00,10315.25,33.0,65292.0
2024-11-15 20:00:00,11860.5,28.25,62251.5
2024-11-15 21:00:00,13129.5,25.5,59428.0
2024-11-15 22:00:00,13401.5,22.5,56381.5
2024-11-15 23:00:00,14044.75,21.75,52915.0
2024-11-16 00:00:00,14498.5,22.75,49913.0
2024-11-16 01:00:00,15260.25,23.5,48293.25
2024-11-16 02:00:00,16044.25,22.75,47486.0
2024-11-16 03:00:00,16840.0,20.5,47140.0
2024-11-16 04:00:00,17337.25,21.0,47819.25
2024-11-16 05:00:00,17687.75,20.25,48819.75
2024-11-16 06:00:00,18831.25,27.75,50098.25
2024-11-16 07:00:00,18651.5,143.0,51941.5
2024-11-16 08:00:00,18733.75,1867.25,54539.5
2024-11-16 09:00:00,18978.0,5052.5,57140.25
2024-11-16 10:00:00,19718.75,7799.75,59776.5
2024-11-16 11:00:00,20580.25,9171.5,60414.0
2024-11-16 12:00:00,20996.75,9132.25,59855.75
2024-11-16 13:00:00,21166.5,7782.25,58780.25
2024-11-16 14:00:00,20876.5,5249.0,57199.5
2024-11-16 15:00:00,20820.25,2030.0,56908.75
2024-11-16 16:00:00,21643.0,183.75,58372.5
2024-11-16 17:00:00,21899.75,44.0,61125.25
2024-11-16 18:00:00,22260.5,36.75,60414.0
2024-11-16 19:00:00,22782.25,36.0,58583.0
2024-11-16 20:00:00,23522.0,36.75,56312.5
2024-11-16 21:00:00,24079.75,36.75,53660.25
2024-11-16 22:00:00,23554.0,28.25,51617.0
2024-11-16 23:00:00,23715.25,22.0,48405.75
2024-11-17 00:00:00,24017.25,19.0,45232.5
2024-11-17 01:00:00,23865.5,19.25,43269.5
2024-11-17 02:00:00,24212.5,15.25,42342.25
2024-11-17 03:00:00,25086.75,16.5,42483.75
2024-11-17 04:00:00,25013.75,14.0,42999.0
2024-11-17 05:00:00,25277.0,13.25,43096.5
2024-11-17 06:00:00,26779.5,12.75,43955.0
2024-11-17 07:00:00,27817.0,94.0,46218.0
2024-11-17 08:00:00,28572.0,1294.25,49295.25
2024-11-17 09:00:00,29647.25,3785.0,52605.0
2024-11-17 10:00:00,30601.5,6510.75,55478.25
2024-11-17 11:00:00,31835.5,8158.5,57744.5
2024-11-17 12:00:00,31707.5,8457.5,57527.75
2024-11-17 13:00:00,30927.0,7030.25,57020.0
2024-11-17 14:00:00,30663.0,4320.5,56119.25
2024-11-17 15:00:00,29903.75,1431.0,56420.0
2024-11-17 16:00:00,29062.75,88.0,57862.25
2024-11-17 17:00:00,30519.5,26.0,60486.75
2024-11-17 18:00:00,31896.0,38.25,60084.75
2024-11-17 19:00:00,31943.75,31.5,58146.5
2024-11-17 20:00:00,31266.75,20.5,55560.25
2024-11-17 21:00:00,30185.5,15.5,53737.75
2024-11-17 22:00:00,28840.0,12.25,52160.5
2024-11-17 23:00:00,29085.75,18.5,49410.0
2024-11-18 00:00:00,28614.0,22.5,47847.75
2024-11-18 01:00:00,27767.75,16.25,46481.25
2024-11-18 02:00:00,28090.5,17.25,46335.5
2024-11-18 03:00:00,27857.25,13.75,45895.75
2024-11-18 04:00:00,28347.5,16.25,48576.5
2024-11-18 05:00:00,28162.25,21.0,52309.75
2024-11-18 06:00:00,27684.0,27.25,60584.75
2024-11-18 07:00:00,26791.0,120.25,66687.0
2024-11-18 08:00:00,25894.25,1912.25,69551.75
2024-11-18 09:00:00,25314.0,5040.0,70623.5
2024-11-18 10:00:00,24778.75,8272.0,71264.0
2024-11-18 11:00:00,23095.75,10852.5,71345.5
2024-11-18 12:00:00,23408.0,11239.75,71471.0
2024-11-18 13:00:00,24224.25,8700.25,70642.75
2024-11-18 14:00:00,23094.75,5177.25,70610.5
2024-11-18 15:00:00,21123.0,1614.5,70142.75
2024-11-18 16:00:00,20499.0,102.0,70742.25
2024-11-18 17:00:00,20323.0,48.25,72944.75
2024-11-18 18:00:00,20375.5,49.25,71457.75
2024-11-18 19:00:00,19402.5,41.0,69632.5
2024-11-18 20:00:00,18572.5,18.75,66550.5
2024-11-18 21:00:00,17758.0,12.5,62622.75
2024-11-18 22:00:00,16940.0,15.25,58530.25
2024-11-18 23:00:00,15552.5,13.5,54319.0
2024-11-19 00:00:00,15061.75,13.0,51616.75
2024-11-19 01:00:00,14799.0,13.0,49907.25
2024-11-19 02:00:00,14961.5,7.0,48841.25
2024-11-19 03:00:00,15720.75,6.75,48678.5
2024-11-19 04:00:00,16952.5,7.75,49503.0
2024-11-19 05:00:00,18654.0,7.0,52258.25
2024-11-19 06:00:00,20148.0,7.75,60204.75
2024-11-19 07:00:00,21787.0,24.5,65529.5
2024-11-19 08:00:00,24223.0,532.5,68223.25
2024-11-19 09:00:00,25148.25,1784.75,68439.25
2024-11-19 10:00:00,25971.5,3243.25,69174.5
2024-11-19 11:00:00,26205.0,4367.75,71127.75
2024-11-19 12:00:00,26151.25,4742.75,70767.5
2024-11-19 13:00:00,26069.75,4164.0,69607.5
2024-11-19 14:00:00,25169.5,2407.75,68143.25
2024-11-19 15:00:00,23658.0,880.25,68078.75
2024-11-19 16:00:00,22799.25,58.75,68906.75
2024-11-19 17:00:00,22338.25,34.0,70293.75
2024-11-19 18:00:00,21985.25,18.75,69531.25
2024-11-19 19:00:00,20845.0,10.5,67955.0
2024-11-19 20:00:00,19658.25,10.75,64886.0
2024-11-19 21:00:00,19118.25,9.0,61061.75
2024-11-19 22:00:00,17708.0,8.25,57387.75
2024-11-19 23:00:00,16510.5,7.75,53413.5
2024-11-20 00:00:00,16171.25,9.25,51374.0
2024-11-20 01:00:00,16623.25,9.75,49635.25
2024-11-20 02:00:00,17223.0,10.5,49643.5
2024-11-20 03:00:00,18014.0,11.75,50335.5
2024-11-20 04:00:00,18577.75,10.25,51572.25
2024-11-20 05:00:00,19442.5,10.5,54554.0
2024-11-20 06:00:00,20698.25,7.0,60314.5
2024-11-20 07:00:00,20536.75,43.5,65154.0
2024-11-20 08:00:00,20223.5,1293.0,67952.5
2024-11-20 09:00:00,20171.75,4186.75,68177.25
2024-11-20 10:00:00,21525.75,7231.5,68116.75
2024-11-20 11:00:00,22043.75,9131.25,69875.5
2024-11-20 12:00:00,22519.25,9605.5,69871.75
2024-11-20 13:00:00,23293.5,8607.0,69130.0
2024-11-20 14:00:00,23035.0,5893.25,67162.75
2024-11-20 15:00:00,22168.25,2242.25,68425.75
2024-11-20 16:00:00,22592.75,135.5,69228.5
2024-11-20 17:00:00,23851.25,14.0,70928.5
2024-11-20 18:00:00,25042.25,12.25,71066.75
2024-11-20 19:00:00,25207.5,11.0,68768.5
2024-11-20 20:00:00,24423.75,11.0,64608.0
2024-11-20 21:00:00,23724.75,10.0,61597.25
2024-11-20 22:00:00,22768.25,7.75,58244.75
2024-11-20 23:00:00,21932.25,7.75,54529.5
2024-11-21 00:00:00,21394.5,7.75,52648.25
2024-11-21 01:00:00,20703.5,9.5,51827.0
2024-11-21 02:00:00,20769.0,17.0,51098.0
2024-11-21 03:00:00,20946.25,17.75,51356.25
2024-11-21 04:00:00,20437.75,11.25,52918.25
2024-11-21 05:00:00,20025.0,8.75,56109.5
2024-11-21 06:00:00,20538.0,10.5,62845.0
2024-11-21 07:00:00,21538.0,54.75,68924.25
2024-11-21 08:00:00,23208.0,1350.0,71331.75
2024-11-21 09:00:00,23776.5,4154.75,71493.0
2024-11-21 10:00:00,25063.0,7285.25,72245.75
2024-11-21 11:00:00,25082.25,9292.25,72938.5
2024-11-21 12:00:00,23888.5,8963.5,72940.75
2024-11-21 13:00:00,21445.0,6992.5,70403.5
2024-11-21 14:00:00,17662.5,4238.5,69232.5
2024-11-21 15:00:00,14479.75,1305.75,68445.0
2024-11-21 16:00:00,13319.25,76.0,69329.0
2024-11-21 17:00:00,12726.0,35.5,71244.25
2024-11-21 18:00:00,12231.25,15.75,70592.25
2024-11-21 19:00:00,12032.75,11.75,68284.5
2024-11-21 20:00:00,11343.0,10.5,64762.75
2024-11-21 21:00:00,10471.75,9.5,60974.5
2024-11-21 22:00:00,10044.5,7.25,57515.75
2024-11-21 23:00:00,10178.25,7.5,53804.25
2024-11-22 00:00:00,11293.75,6.75,51010.5
2024-11-22 01:00:00,12845.5,6.5,49350.0
2024-11-22 02:00:00,14472.5,7.5,48636.0
2024-11-22 03:00:00,16215.75,10.0,49119.5
2024-11-22 04:00:00,17989.25,16.5,50857.0
2024-11-22 05:00:00,19593.75,17.0,53469.25
2024-11-22 06:00:00,21926.75,16.25,60483.25
2024-11-22 07:00:00,22998.75,36.25,66606.25
2024-11-22 08:00:00,24490.5,1287.25,69344.75
2024-11-22 09:00:00,24490.5,4132.25,69609.25
2024-11-22 10:00:00,25400.25,7738.75,69425.5
2024-11-22 11:00:00,27765.5,9239.25,70185.25
2024-11-22 12:00:00,30611.75,7534.0,70338.5
2024-11-22 13:00:00,32346.75,4799.5,69768.5
2024-11-22 14:00:00,33604.0,2645.75,69874.5
2024-11-22 15:00:00,33759.0,874.25,69917.75
2024-11-22 16:00:00,33710.5,56.0,70771.5
2024-11-22 17:00:00,35004.25,22.0,72190.25
2024-11-22 18:00:00,35365.0,16.0,71263.25
2024-11-22 19:00:00,33956.0,18.0,68367.0
2024-11-22 20:00:00,31361.25,13.5,64516.0
2024-11-22 21:00:00,28902.5,7.75,60484.5
2024-11-22 22:00:00,28013.25,13.0,57896.25
2024-11-22 23:00:00,27671.75,16.75,54461.75
2024-11-23 00:00:00,26346.5,7.5,51352.5
2024-11-23 01:00:00,25977.75,10.25,49551.0
2024-11-23 02:00:00,25757.0,11.25,48616.25
2024-11-23 03:00:00,24702.0,8.0,48554.0
2024-11-23 04:00:00,24708.0,11.75,48787.5
2024-11-23 05:00:00,24672.75,12.0,49324.0
2024-11-23 06:00:00,25128.75,12.5,50432.0
2024-11-23 07:00:00,24449.75,37.5,52732.5
2024-11-23 08:00:00,23907.5,1691.75,55822.5
2024-11-23 09:00:00,23383.5,5104.5,58388.25
2024-11-23 10:00:00,22060.0,8993.25,59813.5
2024-11-23 11:00:00,21664.75,11504.0,60572.0
2024-11-23 12:00:00,20335.0,11792.75,59922.75
2024-11-23 13:00:00,19658.25,9972.75,58527.25
2024-11-23 14:00:00,20721.25,5690.75,57329.5
2024-11-23 15:00:00,23327.5,1538.75,57581.25
2024-11-23 16:00:00,27131.0,57.0,59658.25
2024-11-23 17:00:00,31476.5,29.5,62382.0
2024-11-23 18:00:00,35253.75,22.5,62795.5
2024-11-23 19:00:00,37196.0,31.0,60862.0
2024-11-23 20:00:00,38100.75,19.25,58028.75
2024-11-23 21:00:00,38006.25,10.5,55517.5
2024-11-23 22:00:00,37016.5,20.0,53818.5
2024-11-23 23:00:00,35659.0,7.0,51277.25
2024-11-24 00:00:00,36147.75,11.5,48174.75
2024-11-24 01:00:00,35676.25,10.75,46082.0
2024-11-24 02:00:00,35114.5,10.0,44967.75
2024-11-24 03:00:00,33629.0,7.25,44038.5
2024-11-24 04:00:00,33028.0,7.0,44366.75
2024-11-24 05:00:00,32641.75,7.5,44597.0
2024-11-24 06:00:00,32836.5,7.5,44640.0
2024-11-24 07:00:00,33800.25,18.0,46084.5
2024-11-24 08:00:00,36889.25,891.75,49358.25
2024-11-24 09:00:00,36673.75,3501.0,52544.75
2024-11-24 10:00:00,36456.25,6915.0,55013.75
2024-11-24 11:00:00,36086.5,10046.25,56618.75
2024-11-24 12:00:00,35075.5,11569.0,56565.75
2024-11-24 13:00:00,33902.0,10895.75,55028.0
2024-11-24 14:00:00,34223.75,6773.25,53664.75
2024-11-24 15:00:00,36078.75,2116.25,53463.75
2024-11-24 16:00:00,38431.0,92.0,55828.0
2024-11-24 17:00:00,39246.0,26.5,59094.75
2024-11-24 18:00:00,40300.0,32.25,59761.75
2024-11-24 19:00:00,39989.5,31.5,57995.5
2024-11-24 20:00:00,38632.75,21.5,55580.25
2024-11-24 21:00:00,36965.25,14.75,53109.0
2024-11-24 22:00:00,35832.5,13.5,52064.75
2024-11-24 23:00:00,34663.0,10.75,49779.5
2024-11-25 00:00:00,33267.75,9.75,46044.25
2024-11-25 01:00:00,33095.25,10.25,44777.25
2024-11-25 02:00:00,32456.75,6.75,43616.75
2024-11-25 03:00:00,31930.75,13.5,43774.0
2024-11-25 04:00:00,32364.25,16.5,45804.5
2024-11-25 05:00:00,34098.75,7.0,49916.25
2024-11-25 06:00:00,37636.5,24.75,60296.25
2024-11-25 07:00:00,38470.0,82.75,65594.0
2024-11-25 08:00:00,37352.0,2400.5,68540.75
2024-11-25 09:00:00,35520.75,7087.5,68174.25
2024-11-25 10:00:00,34811.75,11028.25,68647.0
2024-11-25 11:00:00,32671.75,12659.75,67672.75
2024-11-25 12:00:00,32409.5,12247.5,66802.5
2024-11-25 13:00:00,32586.25,9992.0,67295.0
2024-11-25 14:00:00,32242.0,5358.75,67191.25
2024-11-25 15:00:00,30601.5,1453.25,67389.5
2024-11-25 16:00:00,31121.75,57.25,69023.0
2024-11-25 17:00:00,31222.0,27.25,71649.75
2024-11-25 18:00:00,30683.25,21.0,71108.0
2024-11-25 19:00:00,30349.25,27.0,68879.0
2024-11-25 20:00:00,28881.25,30.0,65428.5
2024-11-25 21:00:00,26096.25,32.25,61176.75
2024-11-25 22:00:00,23387.75,24.75,57117.0
2024-11-25 23:00:00,21599.25,22.75,53668.5
2024-11-26 00:00:00,20178.5,21.5,49926.75
2024-11-26 01:00:00,19265.25,21.5,48431.25
2024-11-26 02:00:00,18749.25,19.75,47957.5
2024-11-26 03:00:00,18762.25,17.0,48731.75
2024-11-26 04:00:00,19218.25,19.75,50633.0
2024-11-26 05:00:00,19094.75,19.5,53642.75
2024-11-26 06:00:00,19722.25,32.75,61395.5
2024-11-26 07:00:00,19570.75,42.5,67578.25
2024-11-26 08:00:00,18956.25,1028.0,70010.5
2024-11-26 09:00:00,17625.5,4374.0,69974.5
2024-11-26 10:00:00,16985.25,8998.0,70145.25
2024-11-26 11:00:00,16882.5,12243.75,70484.5
2024-11-26 12:00:00,16506.75,12250.75,68910.25
2024-11-26 13:00:00,15569.0,9776.25,68327.75
2024-11-26 14:00:00,14760.75,5864.25,67212.5
2024-11-26 15:00:00,14185.25,1845.25,67479.0
2024-11-26 16:00:00,16062.5,88.0,68446.75
2024-11-26 17:00:00,18087.5,34.75,70707.5
2024-11-26 18:00:00,18561.0,31.5,69075.25
2024-11-26 19:00:00,18814.0,25.75,67693.0
2024-11-26 20:00:00,18901.0,19.25,64576.0
2024-11-26 21:00:00,18224.25,14.0,61047.0
2024-11-26 22:00:00,17199.25,17.75,56737.25
2024-11-26 23:00:00,16255.0,16.75,53310.75
2024-11-27 00:00:00,15252.0,18.0,50743.75
2024-11-27 01:00:00,14727.75,17.0,49337.75
2024-11-27 02:00:00,13295.0,16.5,48227.0
2024-11-27 03:00:00,11664.75,18.25,48207.0
2024-11-27 04:00:00,10033.25,18.25,49080.25
2024-11-27 05:00:00,8954.75,14.25,52539.0
2024-11-27 06:00:00,8728.25,11.25,59838.25
2024-11-27 07:00:00,9021.25,30.25,65283.75
2024-11-27 08:00:00,9739.25,1336.25,67730.75
2024-11-27 09:00:00,10788.75,4907.25,68300.75
2024-11-27 10:00:00,11698.5,9214.75,68656.0
2024-11-27 11:00:00,12710.25,12269.25,69011.0
2024-11-27 12:00:00,14934.75,12913.25,68374.75
2024-11-27 13:00:00,17852.0,11303.0,67191.0
2024-11-27 14:00:00,21370.5,6771.75,65974.0
2024-11-27 15:00:00,26319.0,2084.0,66654.0
2024-11-27 16:00:00,32720.0,89.0,68395.5
2024-11-27 17:00:00,38680.0,44.5,70648.75
2024-11-27 18:00:00,42889.5,38.75,70728.0
2024-11-27 19:00:00,44392.25,33.25,68903.75
2024-11-27 20:00:00,44292.0,26.25,65575.5
2024-11-27 21:00:00,43733.25,25.5,62317.75
2024-11-27 22:00:00,40607.0,18.5,58948.25
2024-11-27 23:00:00,39165.25,10.75,55062.0
2024-11-28 00:00:00,38069.25,7.25,51702.0
2024-11-28 01:00:00,38726.0,9.75,49881.25
2024-11-28 02:00:00,39086.0,10.75,49366.25
2024-11-28 03:00:00,39381.25,20.25,48990.5
2024-11-28 04:00:00,39318.5,19.75,50186.25
2024-11-28 05:00:00,38033.0,26.5,52437.25
2024-11-28 06:00:00,38508.25,38.5,59721.25
2024-11-28 07:00:00,37571.0,44.75,65101.25
2024-11-28 08:00:00,35851.25,541.0,68343.75
2024-11-28 09:00:00,34060.75,2769.0,69332.5
2024-11-28 10:00:00,33593.75,5164.5,69753.5
2024-11-28 11:00:00,33444.75,6878.5,71146.25
2024-11-28 12:00:00,32640.75,7117.5,70520.25
2024-11-28 13:00:00,31449.5,6118.25,70379.25
2024-11-28 14:00:00,29842.75,4026.0,69284.5
2024-11-28 15:00:00,28888.5,1477.0,69256.0
2024-11-28 16:00:00,27785.75,90.75,70160.25
2024-11-28 17:00:00,26190.25,21.0,71002.0
2024-11-28 18:00:00,25033.5,20.75,70350.75
2024-11-28 19:00:00,22552.5,16.0,68671.75
2024-11-28 20:00:00,20405.25,12.25,65116.75
2024-11-28 21:00:00,17735.75,11.25,61300.0
2024-11-28 22:00:00,14631.75,8.5,57481.5
2024-11-28 23:00:00,12583.5,7.5,53481.0
2024-11-29 00:00:00,10811.0,8.25,49989.75
2024-11-29 01:00:00,9254.0,6.0,48335.75
2024-11-29 02:00:00,7738.5,6.75,47228.75
2024-11-29 03:00:00,6668.25,6.5,47674.5
2024-11-29 04:00:00,5706.25,6.5,49172.75
2024-11-29 05:00:00,5145.5,6.75,52142.5
2024-11-29 06:00:00,4485.5,11.5,59363.5
2024-11-29 07:00:00,3525.0,35.0,64746.75
2024-11-29 08:00:00,2824.25,1354.75,66968.0
2024-11-29 09:00:00,2359.0,5643.0,66962.75
2024-11-29 10:00:00,2262.0,10184.25,67008.75
2024-11-29 11:00:00,1947.5,12517.0,67107.5
2024-11-29 12:00:00,1677.0,12289.25,65768.5
2024-11-29 13:00:00,1584.75,10519.5,63907.75
2024-11-29 14:00:00,1690.25,6909.75,62481.5
2024-11-29 15:00:00,2366.75,2378.75,62805.25
2024-11-29 16:00:00,4140.75,112.5,64166.0
2024-11-29 17:00:00,6783.5,33.5,65543.0
2024-11-29 18:00:00,9264.75,25.5,65193.25
2024-11-29 19:00:00,10608.25,22.0,63635.5
2024-11-29 20:00:00,11704.75,20.5,60984.75
2024-11-29 21:00:00,13613.0,20.5,58188.25
2024-11-29 22:00:00,14378.75,18.5,55755.75
2024-11-29 23:00:00,14608.75,20.75,52806.25
2024-11-30 00:00:00,15128.5,22.5,49018.5
2024-11-30 01:00:00,15732.0,21.0,47735.25
2024-11-30 02:00:00,16566.75,20.0,46966.5
2024-11-30 03:00:00,17267.25,20.5,47296.5
2024-11-30 04:00:00,17734.25,18.75,47804.75
2024-11-30 05:00:00,17798.75,19.0,48571.75
2024-11-30 06:00:00,18723.25,24.75,50117.75
2024-11-30 07:00:00,19412.25,43.25,52482.75
2024-11-30 08:00:00,19829.25,2409.5,55825.5
2024-11-30 09:00:00,17604.0,9699.5,58132.25
2024-11-30 10:00:00,14738.0,17607.25,59570.5
2024-11-30 11:00:00,11843.25,22325.5,59522.75
2024-11-30 12:00:00,9508.5,22637.5,57775.0
2024-11-30 13:00:00,7723.75,18828.5,55273.0
2024-11-30 14:00:00,7060.25,11583.25,53647.0
2024-11-30 15:00:00,8238.0,3487.75,54839.0
2024-11-30 16:00:00,11685.75,135.0,57768.75
2024-11-30 17:00:00,15389.5,38.75,60240.25
2024-11-30 18:00:00,17002.75,29.75,60464.75
2024-11-30 19:00:00,16832.75,19.25,59385.5
2024-11-30 20:00:00,15512.75,16.25,56690.0
2024-11-30 21:00:00,14206.5,18.25,54237.25
2024-11-30 22:00:00,12759.0,23.0,52356.25
2024-11-30 23:00:00,12290.75,14.75,49301.5
2024-12-01 00:00:00,11682.25,11.5,46604.75
2024-12-01 01:00:00,11222.0,7.25,44656.75
2024-12-01 02:00:00,10713.25,8.0,43508.5
2024-12-01 03:00:00,10283.25,7.5,43267.5
2024-12-01 04:00:00,9800.0,7.0,43712.5
2024-12-01 05:00:00,9377.25,7.25,43953.0
2024-12-01 06:00:00,9576.75,9.0,44320.5
2024-12-01 07:00:00,10086.0,18.75,45914.0
2024-12-01 08:00:00,10989.25,1549.75,48938.75
2024-12-01 09:00:00,10469.0,6285.0,51845.5
2024-12-01 10:00:00,9045.5,11821.25,54346.75
2024-12-01 11:00:00,6930.25,15480.75,56560.25
2024-12-01 12:00:00,5778.75,15987.5,55850.25
2024-12-01 13:00:00,5741.75,13147.25,54135.75
2024-12-01 14:00:00,6530.75,7901.5,52857.25
2024-12-01 15:00:00,9634.5,2265.5,53578.5
2024-12-01 16:00:00,15081.75,63.75,56450.0
2024-12-01 17:00:00,18845.0,13.25,59541.25
2024-12-01 18:00:00,20952.5,9.75,60257.5
2024-12-01 19:00:00,22441.0,8.5,59445.25
2024-12-01 20:00:00,23457.5,8.0,57521.25
2024-12-01 21:00:00,23837.25,7.25,56084.0
2024-12-01 22:00:00,22912.25,6.5,54804.0
2024-12-01 23:00:00,22699.0,6.5,52316.75
2024-12-02 00:00:00,22238.5,7.25,49567.25
2024-12-02 01:00:00,21720.5,6.5,48186.75
2024-12-02 02:00:00,21031.25,6.75,47860.5
2024-12-02 03:00:00,20206.5,6.25,48031.0
2024-12-02 04:00:00,20185.75,7.25,49697.0
2024-12-02 05:00:00,19966.25,6.5,53391.5
2024-12-02 06:00:00,20343.5,7.75,60206.0
2024-12-02 07:00:00,20133.25,16.0,66588.0
2024-12-02 08:00:00,20314.25,639.5,69483.25
2024-12-02 09:00:00,19875.25,2385.0,69865.5
2024-12-02 10:00:00,19296.25,4404.25,70129.0
2024-12-02 11:00:00,18622.25,5953.5,70699.25
2024-12-02 12:00:00,17872.25,6213.75,70461.25
2024-12-02 13:00:00,16843.75,5211.5,69668.75
2024-12-02 14:00:00,16097.0,3272.25,68300.0
2024-12-02 15:00:00,15908.75,1049.25,67981.0
2024-12-02 16:00:00,16640.5,46.0,69040.0
2024-12-02 17:00:00,17329.5,17.5,70632.5
2024-12-02 18:00:00,17730.0,19.5,69722.75
2024-12-02 19:00:00,17167.25,13.25,67922.25
2024-12-02 20:00:00,17129.25,6.5,64067.0
2024-12-02 21:00:00,17074.75,6.0,60599.25
2024-12-02 22:00:00,16278.25,6.75,56691.75
2024-12-02 23:00:00,16110.75,6.25,52890.0
2024-12-03 00:00:00,16235.25,6.75,50089.25
2024-12-03 01:00:00,16312.5,6.5,49124.25
2024-12-03 02:00:00,16148.0,6.25,48393.0
2024-12-03 03:00:00,15748.5,7.5,48349.75
2024-12-03 04:00:00,15613.25,7.0,50145.0
2024-12-03 05:00:00,15793.5,6.25,53700.0
2024-12-03 06:00:00,16478.75,6.25,61555.5
2024-12-03 07:00:00,16765.0,9.0,66875.75
2024-12-03 08:00:00,16227.75,665.5,69781.0
2024-12-03 09:00:00,15024.75,3314.5,69816.25
2024-12-03 10:00:00,13233.75,6434.5,70272.75
2024-12-03 11:00:00,12184.5,8172.0,69790.5
2024-12-03 12:00:00,11504.25,8069.5,69345.25
2024-12-03 13:00:00,11087.0,5967.5,68991.25
2024-12-03 14:00:00,10132.75,3236.75,68074.25
2024-12-03 15:00:00,10155.0,920.0,67457.5
2024-12-03 16:00:00,10530.25,44.25,68134.75
2024-12-03 17:00:00,10659.0,12.75,69734.25
2024-12-03 18:00:00,10532.75,9.5,68883.0
2024-12-03 19:00:00,10070.75,8.0,67067.0
2024-12-03 20:00:00,9195.75,7.0,63933.75
2024-12-03 21:00:00,8578.0,7.5,60512.0
2024-12-03 22:00:00,8029.5,6.0,57967.75
2024-12-03 23:00:00,7516.25,6.0,54621.25
2024-12-04 00:00:00,6995.75,6.0,51831.25
2024-12-04 01:00:00,6411.75,6.0,50368.5
2024-12-04 02:00:00,6223.75,6.0,49860.0
2024-12-04 03:00:00,6106.5,7.0,50047.5
2024-12-04 04:00:00,6292.5,6.0,51509.5
2024-12-04 05:00:00,6712.5,6.5,54875.25
2024-12-04 06:00:00,6690.25,6.5,61970.25
2024-12-04 07:00:00,6371.25,15.0,67667.0
2024-12-04 08:00:00,6050.25,643.0,70328.0
2024-12-04 09:00:00,5523.25,2954.5,70497.5
2024-12-04 10:00:00,4980.75,5755.25,70596.5
2024-12-04 11:00:00,4717.25,7840.75,70707.75
2024-12-04 12:00:00,4380.75,8165.5,70001.5
2024-12-04 13:00:00,4242.0,6278.75,68777.0
2024-12-04 14:00:00,4143.5,3377.75,68135.25
2024-12-04 15:00:00,4230.0,952.0,68375.25
2024-12-04 16:00:00,4714.25,62.25,69602.25
2024-12-04 17:00:00,5255.5,32.25,71009.75
2024-12-04 18:00:00,5623.0,13.75,70326.5
2024-12-04 19:00:00,5653.25,10.5,68479.0
2024-12-04 20:00:00,5743.5,7.25,65009.5
2024-12-04 21:00:00,5769.5,8.0,61231.0
2024-12-04 22:00:00,6084.0,6.5,58218.75
2024-12-04 23:00:00,6382.25,6.75,54213.75
2024-12-05 00:00:00,6944.75,6.25,50676.5
2024-12-05 01:00:00,7510.0,6.75,49061.25
2024-12-05 02:00:00,8388.25,7.0,49400.25
2024-12-05 03:00:00,9189.75,7.25,49936.75
2024-12-05 04:00:00,9921.75,6.0,51012.5
2024-12-05 05:00:00,10847.5,6.5,53729.75
2024-12-05 06:00:00,12411.25,7.0,61281.5
2024-12-05 07:00:00,13971.25,23.75,67376.75
2024-12-05 08:00:00,16228.5,1326.75,69921.0
2024-12-05 09:00:00,17907.75,5962.0,69914.0
2024-12-05 10:00:00,19318.5,10667.75,70371.0
2024-12-05 11:00:00,21266.5,13565.75,70788.75
2024-12-05 12:00:00,23004.5,12898.0,70700.75
2024-12-05 13:00:00,25639.0,9647.5,70316.5
2024-12-05 14:00:00,27641.75,4924.75,70000.0
2024-12-05 15:00:00,30367.0,1135.5,70935.0
2024-12-05 16:00:00,33126.5,26.75,73052.0
2024-12-05 17:00:00,35596.5,14.75,74516.25
2024-12-05 18:00:00,36098.0,8.5,73926.0
2024-12-05 19:00:00,34957.25,8.0,71135.25
2024-12-05 20:00:00,34214.75,6.5,67897.75
2024-12-05 21:00:00,34550.0,6.5,64489.25
2024-12-05 22:00:00,33947.0,6.5,61277.0
2024-12-05 23:00:00,35307.0,6.25,58070.5
2024-12-06 00:00:00,36099.0,7.25,54850.75
2024-12-06 01:00:00,36398.75,7.0,53146.75
2024-12-06 02:00:00,36858.5,6.75,52201.0
2024-12-06 03:00:00,36520.25,7.0,51905.75
2024-12-06 04:00:00,36106.25,7.75,52553.5
2024-12-06 05:00:00,34973.75,7.0,55546.75
2024-12-06 06:00:00,34884.25,6.5,62656.75
2024-12-06 07:00:00,33625.5,8.75,67670.25
2024-12-06 08:00:00,31679.5,381.25,70252.25
2024-12-06 09:00:00,29822.25,2161.0,70240.25
2024-12-06 10:00:00,28178.5,4111.0,70579.25
2024-12-06 11:00:00,27650.75,5120.25,70715.0
2024-12-06 12:00:00,27595.25,5339.5,69946.75
2024-12-06 13:00:00,27416.25,4517.0,68336.5
2024-12-06 14:00:00,27502.0,2740.75,66424.5
2024-12-06 15:00:00,27922.0,903.5,66060.25
2024-12-06 16:00:00,27232.5,46.25,67105.5
2024-12-06 17:00:00,25641.0,26.25,67369.5
2024-12-06 18:00:00,23555.0,24.0,65827.5
2024-12-06 19:00:00,21468.75,16.75,63824.75
2024-12-06 20:00:00,20237.75,12.5,60361.5
2024-12-06 21:00:00,19557.25,7.0,57071.5
2024-12-06 22:00:00,18154.25,8.5,53798.75
2024-12-06 23:00:00,17527.75,6.5,50537.25
2024-12-07 00:00:00,17082.25,8.25,47533.25
2024-12-07 01:00:00,16689.0,8.25,45221.25
2024-12-07 02:00:00,16823.25,7.0,44136.0
2024-12-07 03:00:00,17824.25,6.75,44221.25
2024-12-07 04:00:00,18978.75,6.5,45232.75
2024-12-07 05:00:00,20195.25,6.75,46464.5
2024-12-07 06:00:00,22835.0,6.75,47930.5
2024-12-07 07:00:00,25569.0,22.0,51205.0
2024-12-07 08:00:00,28141.25,658.75,55294.5
2024-12-07 09:00:00,28924.25,2395.25,57991.0
2024-12-07 10:00:00,28315.5,3665.25,59527.0
2024-12-07 11:00:00,27752.0,3843.0,60493.75
2024-12-07 12:00:00,26339.25,3305.75,60449.25
2024-12-07 13:00:00,25337.0,2462.5,59113.5
2024-12-07 14:00:00,24977.5,1590.5,58239.5
2024-12-07 15:00:00,25684.5,621.25,58541.0
2024-12-07 16:00:00,26942.5,44.25,59699.5
2024-12-07 17:00:00,27135.5,11.75,61683.25
2024-12-07 18:00:00,25289.0,11.5,61504.0
2024-12-07 19:00:00,22698.25,10.5,59158.25
2024-12-07 20:00:00,20825.75,8.75,55155.5
2024-12-07 21:00:00,19514.25,9.25,52840.0
2024-12-07 22:00:00,17816.25,8.5,51261.5
2024-12-07 23:00:00,16374.0,7.25,48241.75
2024-12-08 00:00:00,14929.0,6.25,46266.25
2024-12-08 01:00:00,13650.25,6.5,44385.25
2024-12-08 02:00:00,12504.5,6.75,43384.0
2024-12-08 03:00:00,11403.75,7.0,43005.0
2024-12-08 04:00:00,10142.5,7.0,43513.25
2024-12-08 05:00:00,9476.25,7.0,43842.5
2024-12-08 06:00:00,9011.0,6.5,44317.0
2024-12-08 07:00:00,8512.5,9.25,45989.25
2024-12-08 08:00:00,7821.0,534.0,49096.75
2024-12-08 09:00:00,7119.0,3024.0,52047.25
2024-12-08 10:00:00,6890.0,6000.0,53873.25
2024-12-08 11:00:00,6697.0,7664.75,55899.0
2024-12-08 12:00:00,7424.0,7081.25,56275.75
2024-12-08 13:00:00,8653.75,5262.5,54635.5
2024-12-08 14:00:00,10774.75,2920.25,53812.25
2024-12-08 15:00:00,12352.25,857.75,54344.0
2024-12-08 16:00:00,14560.0,40.5,56574.0
2024-12-08 17:00:00,16847.5,11.5,59004.5
2024-12-08 18:00:00,18729.5,8.75,59828.75
2024-12-08 19:00:00,20227.0,7.25,58662.0
2024-12-08 20:00:00,20374.5,7.75,55943.75
2024-12-08 21:00:00,20843.25,7.5,54011.5
2024-12-08 22:00:00,19972.5,6.5,52781.5
2024-12-08 23:00:00,20054.5,6.75,50462.0
2024-12-09 00:00:00,20019.5,7.25,48102.25
2024-12-09 01:00:00,20352.25,7.5,46477.75
2024-12-09 02:00:00,21395.0,7.25,46523.0
2024-12-09 03:00:00,22122.75,7.0,47011.5
2024-12-09 04:00:00,23259.25,6.75,49205.75
2024-12-09 05:00:00,23920.25,6.25,53649.5
2024-12-09 06:00:00,25680.25,7.0,61599.25
2024-12-09 07:00:00,25473.75,9.0,67907.5
2024-12-09 08:00:00,25891.75,144.25,71278.25
2024-12-09 09:00:00,25371.25,865.75,72433.25
2024-12-09 10:00:00,24977.75,1862.25,72642.5
2024-12-09 11:00:00,25071.0,2628.0,72824.0
2024-12-09 12:00:00,25125.5,2695.75,72795.5
2024-12-09 13:00:00,25528.25,2247.0,73145.5
2024-12-09 14:00:00,25751.25,1311.0,72570.75
2024-12-09 15:00:00,26380.25,392.0,72107.75
2024-12-09 16:00:00,26762.0,28.5,72610.75
2024-12-09 17:00:00,26963.75,12.5,73767.5
2024-12-09 18:00:00,27873.0,13.25,73254.75
2024-12-09 19:00:00,27503.25,16.5,72030.5
2024-12-09 20:00:00,27365.75,11.25,68133.5
2024-12-09 21:00:00,26920.0,6.25,64188.25
2024-12-09 22:00:00,25259.25,6.75,60447.0
2024-12-09 23:00:00,25015.0,6.5,56240.75
2024-12-10 00:00:00,24293.5,6.5,53194.75
2024-12-10 01:00:00,23761.0,6.75,51542.5
2024-12-10 02:00:00,23439.25,6.0,50594.25
2024-12-10 03:00:00,22625.25,7.0,50516.0
2024-12-10 04:00:00,22085.25,7.0,51761.0
2024-12-10 05:00:00,21276.25,6.5,54972.0
2024-12-10 06:00:00,20634.75,6.75,62555.25
2024-12-10 07:00:00,19555.5,7.75,68516.75
2024-12-10 08:00:00,18366.25,220.75,70602.25
2024-12-10 09:00:00,16954.75,1239.25,70757.5
2024-12-10 10:00:00,15511.5,2399.25,70887.75
2024-12-10 11:00:00,14098.75,2902.0,70975.25
2024-12-10 12:00:00,13237.5,2663.0,71190.75
2024-12-10 13:00:00,12367.5,2014.5,70758.75
2024-12-10 14:00:00,12070.0,1092.25,69739.0
2024-12-10 15:00:00,11812.75,267.25,68991.75
2024-12-10 16:00:00,11275.25,20.5,69652.5
2024-12-10 17:00:00,10519.75,20.75,70427.75
2024-12-10 18:00:00,9484.75,12.75,69504.75
2024-12-10 19:00:00,8177.5,7.5,67502.25
2024-12-10 20:00:00,6860.25,6.25,63776.25
2024-12-10 21:00:00,5692.0,6.5,60045.0
2024-12-10 22:00:00,4561.0,6.5,56578.5
2024-12-10 23:00:00,3706.5,6.5,52856.25
2024-12-11 00:00:00,3118.5,7.0,50163.5
2024-12-11 01:00:00,2698.5,6.0,48707.5
2024-12-11 02:00:00,2433.25,6.5,48044.25
2024-12-11 03:00:00,2254.5,6.5,48730.25
2024-12-11 04:00:00,2083.25,6.75,50170.0
2024-12-11 05:00:00,1854.5,6.0,53701.5
2024-12-11 06:00:00,1741.0,7.0,60613.75
2024-12-11 07:00:00,1682.5,13.0,66294.25
2024-12-11 08:00:00,1610.5,183.75,69104.0
2024-12-11 09:00:00,1308.5,1001.75,69714.0
2024-12-11 10:00:00,1151.25,2020.75,70088.25
2024-12-11 11:00:00,996.75,2730.25,70444.25
2024-12-11 12:00:00,1002.5,2814.25,70264.5
2024-12-11 13:00:00,1272.0,2346.75,69663.75
2024-12-11 14:00:00,1301.5,1357.5,68751.25
2024-12-11 15:00:00,1382.75,362.75,68638.0
2024-12-11 16:00:00,1434.25,28.0,69291.75
2024-12-11 17:00:00,1473.25,20.25,69951.25
2024-12-11 18:00:00,1444.0,17.75,69261.25
2024-12-11 19:00:00,1361.0,15.75,67377.25
2024-12-11 20:00:00,1287.75,9.0,64242.25
2024-12-11 21:00:00,1271.25,6.25,60743.75
2024-12-11 22:00:00,1264.0,6.5,57952.25
2024-12-11 23:00:00,1244.5,6.25,54486.5
2024-12-12 00:00:00,1152.25,6.25,50888.0
2024-12-12 01:00:00,1035.75,6.0,48785.25
2024-12-12 02:00:00,839.25,6.0,48148.5
2024-12-12 03:00:00,751.25,7.25,48244.25
2024-12-12 04:00:00,646.5,6.0,49435.75
2024-12-12 05:00:00,530.75,6.25,52571.0
2024-12-12 06:00:00,433.75,6.25,58924.75
2024-12-12 07:00:00,337.75,7.0,64586.5
2024-12-12 08:00:00,241.5,164.0,67610.5
2024-12-12 09:00:00,191.5,1081.0,67704.25
2024-12-12 10:00:00,129.25,2292.5,68269.75
2024-12-12 11:00:00,114.75,3114.5,68612.5
2024-12-12 12:00:00,149.75,3397.5,68249.75
2024-12-12 13:00:00,148.0,2927.5,67905.5
2024-12-12 14:00:00,177.75,1776.0,67047.25
2024-12-12 15:00:00,281.75,505.0,66739.25
2024-12-12 16:00:00,435.0,40.0,67272.25
2024-12-12 17:00:00,520.0,27.75,68037.75
2024-12-12 18:00:00,619.0,17.5,67188.75
2024-12-12 19:00:00,754.5,11.75,65436.75
2024-12-12 20:00:00,952.5,6.5,62306.5
2024-12-12 21:00:00,1256.0,6.25,58940.25
2024-12-12 22:00:00,1473.5,6.0,56126.0
2024-12-12 23:00:00,1880.5,6.0,52825.5
2024-12-13 00:00:00,2185.25,6.25,50266.5
2024-12-13 01:00:00,2527.75,7.0,49088.5
2024-12-13 02:00:00,2947.75,6.5,48010.75
2024-12-13 03:00:00,3644.0,7.0,48624.25
2024-12-13 04:00:00,4232.25,7.25,49808.25
2024-12-13 05:00:00,5126.5,6.5,52616.0
2024-12-13 06:00:00,6005.25,6.75,58988.5
2024-12-13 07:00:00,6559.5,7.75,64792.75
2024-12-13 08:00:00,7105.5,199.5,67932.0
2024-12-13 09:00:00,7112.0,1548.25,68581.75
2024-12-13 10:00:00,6450.75,3672.5,68855.25
2024-12-13 11:00:00,5648.0,5526.5,68907.25
2024-12-13 12:00:00,5269.25,6220.5,68308.5
2024-12-13 13:00:00,4687.0,5229.25,66745.25
2024-12-13 14:00:00,4257.5,3138.25,65372.0
2024-12-13 15:00:00,4188.5,841.75,64998.25
2024-12-13 16:00:00,4277.75,45.5,66114.75
2024-12-13 17:00:00,4482.25,24.25,66968.5
2024-12-13 18:00:00,4796.0,18.5,65979.25
2024-12-13 19:00:00,5158.75,12.25,64157.5
2024-12-13 20:00:00,5471.75,7.75,61428.0
2024-12-13 21:00:00,5784.25,7.5,58213.5
2024-12-13 22:00:00,6055.25,7.5,55969.0
2024-12-13 23:00:00,6438.25,7.0,52946.75
2024-12-14 00:00:00,7066.25,7.75,49558.5
2024-12-14 01:00:00,7798.0,6.25,47840.25
2024-12-14 02:00:00,8328.25,6.0,46526.0
2024-12-14 03:00:00,8865.5,6.25,45951.75
2024-12-14 04:00:00,9300.0,6.25,46360.25
2024-12-14 05:00:00,10018.75,6.0,46874.0
2024-12-14 06:00:00,11173.25,7.5,48539.25
2024-12-14 07:00:00,12340.75,9.5,51589.5
2024-12-14 08:00:00,13345.25,262.0,55349.0
2024-12-14 09:00:00,14520.25,1650.5,58071.25
2024-12-14 10:00:00,15414.5,3464.0,59909.25
2024-12-14 11:00:00,16925.0,4353.75,60779.75
2024-12-14 12:00:00,18682.25,4275.5,61531.25
2024-12-14 13:00:00,19960.5,3383.75,60617.5
2024-12-14 14:00:00,20482.25,1986.5,59690.25
2024-12-14 15:00:00,21141.0,565.25,60254.75
2024-12-14 16:00:00,21906.5,23.75,61322.0
2024-12-14 17:00:00,22994.25,13.0,62402.75
2024-12-14 18:00:00,24088.75,8.75,62164.75
2024-12-14 19:00:00,24620.25,9.5,60533.5
2024-12-14 20:00:00,25273.75,7.5,58146.5
2024-12-14 21:00:00,25778.75,7.0,55870.5
2024-12-14 22:00:00,25294.25,8.0,53789.25
2024-12-14 23:00:00,24952.75,7.0,51180.75
2024-12-15 00:00:00,25018.0,7.25,48104.75
2024-12-15 01:00:00,25577.25,7.0,46468.0
2024-12-15 02:00:00,26188.75,7.0,45097.75
2024-12-15 03:00:00,26769.0,7.0,44139.5
2024-12-15 04:00:00,26753.5,7.0,44449.25
2024-12-15 05:00:00,26976.5,7.0,44863.0
2024-12-15 06:00:00,27735.0,7.25,45679.5
2024-12-15 07:00:00,27896.75,8.5,47668.5
2024-12-15 08:00:00,28532.0,332.5,50396.75
2024-12-15 09:00:00,29994.75,2108.5,53639.25
2024-12-15 10:00:00,31244.5,4175.5,55795.0
2024-12-15 11:00:00,33268.0,5721.5,58124.75
2024-12-15 12:00:00,35186.75,5275.0,58083.75
2024-12-15 13:00:00,36918.75,3847.25,57341.25
2024-12-15 14:00:00,37929.5,2007.5,55373.75
2024-12-15 15:00:00,39259.0,536.0,55918.5
2024-12-15 16:00:00,41035.0,32.0,57497.25
2024-12-15 17:00:00,42441.0,15.0,59836.0
2024-12-15 18:00:00,42909.5,8.5,59995.0
2024-12-15 19:00:00,43296.75,7.5,58928.0
2024-12-15 20:00:00,43624.0,9.25,56317.25
2024-12-15 21:00:00,43919.25,8.25,53966.75
2024-12-15 22:00:00,41820.75,8.25,52633.5
2024-12-15 23:00:00,42166.75,6.75,50006.5
2024-12-16 00:00:00,41200.5,6.25,47200.75
2024-12-16 01:00:00,41540.75,6.25,45907.5
2024-12-16 02:00:00,41468.5,6.0,45159.75
2024-12-16 03:00:00,40953.0,6.0,45040.25
2024-12-16 04:00:00,40422.0,6.5,46761.25
2024-12-16 05:00:00,41570.75,6.25,50447.75
2024-12-16 06:00:00,43858.25,6.5,58044.25
2024-12-16 07:00:00,43459.0,8.25,64040.25
2024-12-16 08:00:00,42192.5,173.0,67584.25
2024-12-16 09:00:00,41229.25,1237.5,67576.75
2024-12-16 10:00:00,41273.25,3161.5,68017.25
2024-12-16 11:00:00,40926.0,4948.75,67937.5
2024-12-16 12:00:00,40863.5,5808.5,67948.25
2024-12-16 13:00:00,40555.0,5278.75,67665.75
2024-12-16 14:00:00,40296.0,3413.25,66636.0
2024-12-16 15:00:00,40116.5,1102.25,66491.75
2024-12-16 16:00:00,40364.5,45.75,67002.25
2024-12-16 17:00:00,40511.0,11.0,68316.0
2024-12-16 18:00:00,40645.0,9.0,67487.0
2024-12-16 19:00:00,40574.75,7.25,66023.25
2024-12-16 20:00:00,40273.5,7.25,62385.5
2024-12-16 21:00:00,39902.75,9.25,59149.5
2024-12-16 22:00:00,36889.25,12.5,56096.75
2024-12-16 23:00:00,35852.75,10.25,52950.25
2024-12-17 00:00:00,34780.75,6.0,48965.5
2024-12-17 01:00:00,33170.0,6.75,46985.75
2024-12-17 02:00:00,31874.5,6.5,46104.5
2024-12-17 03:00:00,30649.5,6.75,46550.75
2024-12-17 04:00:00,29475.25,6.25,47593.0
2024-12-17 05:00:00,28412.0,6.5,50908.25
2024-12-17 06:00:00,28054.25,11.75,57796.25
2024-12-17 07:00:00,26366.5,13.5,64768.5
2024-12-17 08:00:00,25021.25,346.25,67578.0
2024-12-17 09:00:00,24718.25,2263.25,67994.5
2024-12-17 10:00:00,24464.0,4539.25,68938.75
2024-12-17 11:00:00,23497.75,5823.5,68860.25
2024-12-17 12:00:00,22117.5,5824.75,68140.5
2024-12-17 13:00:00,19670.25,4686.25,67218.0
2024-12-17 14:00:00,17219.75,2710.75,65956.5
2024-12-17 15:00:00,15371.0,799.25,65056.25
2024-12-17 16:00:00,14906.75,34.0,65578.75
2024-12-17 17:00:00,15760.0,22.25,67437.5
2024-12-17 18:00:00,15782.0,13.0,66609.25
2024-12-17 19:00:00,15350.0,7.0,64304.5
2024-12-17 20:00:00,15221.5,6.75,61035.0
2024-12-17 21:00:00,15238.25,6.75,57621.25
2024-12-17 22:00:00,14891.5,6.5,54354.0
2024-12-17 23:00:00,15597.0,6.5,50038.5
2024-12-18 00:00:00,16622.75,7.0,46494.25
2024-12-18 01:00:00,18231.0,6.0,44857.0
2024-12-18 02:00:00,20164.5,6.5,44784.75
2024-12-18 03:00:00,22341.5,6.5,45161.0
2024-12-18 04:00:00,24836.75,6.0,47049.5
2024-12-18 05:00:00,26335.0,6.5,50150.25
2024-12-18 06:00:00,28769.75,6.5,56285.0
2024-12-18 07:00:00,31625.5,8.25,62276.25
2024-12-18 08:00:00,33951.75,435.5,65398.5
2024-12-18 09:00:00,35454.5,2580.75,65756.75
2024-12-18 10:00:00,36464.75,4916.0,65773.5
2024-12-18 11:00:00,37150.25,6349.0,65989.5
2024-12-18 12:00:00,38363.0,6886.5,66144.0
2024-12-18 13:00:00,39788.75,6133.75,65204.0
2024-12-18 14:00:00,41185.25,4013.75,64004.5
2024-12-18 15:00:00,42337.75,1314.5,63800.0
2024-12-18 16:00:00,43394.5,49.5,64653.0
2024-12-18 17:00:00,43997.25,13.25,66096.75
2024-12-18 18:00:00,43997.0,11.25,65732.25
2024-12-18 19:00:00,42638.0,11.0,63805.5
2024-12-18 20:00:00,41230.25,8.5,60672.5
2024-12-18 21:00:00,39439.5,7.5,57708.5
2024-12-18 22:00:00,36028.75,7.5,53903.0
2024-12-18 23:00:00,34859.25,7.0,49954.5
2024-12-19 00:00:00,34667.75,7.0,47377.25
2024-12-19 01:00:00,32983.75,7.0,45481.75
2024-12-19 02:00:00,34248.25,7.0,45159.25
2024-12-19 03:00:00,35082.25,7.25,45443.25
2024-12-19 04:00:00,35663.0,6.75,47423.75
2024-12-19 05:00:00,37883.5,7.25,50719.0
2024-12-19 06:00:00,42486.5,6.0,57357.25
2024-12-19 07:00:00,44452.0,7.75,61978.25
2024-12-19 08:00:00,44828.5,255.25,64749.25
2024-12-19 09:00:00,43429.5,1189.75,64997.0
2024-12-19 10:00:00,41971.25,2552.0,64928.0
2024-12-19 11:00:00,39795.5,3840.5,65034.25
2024-12-19 12:00:00,38698.75,4447.75,64588.25
2024-12-19 13:00:00,37042.25,3966.75,63678.0
2024-12-19 14:00:00,36063.75,2573.0,62304.25
2024-12-19 15:00:00,35839.0,812.25,61956.5
2024-12-19 16:00:00,34652.5,43.75,63038.5
2024-12-19 17:00:00,33863.5,11.0,64237.0
2024-12-19 18:00:00,34772.0,9.0,63882.75
2024-12-19 19:00:00,35353.0,8.0,62214.75
2024-12-19 20:00:00,36891.25,7.75,59232.5
2024-12-19 21:00:00,37268.5,7.0,55500.5
2024-12-19 22:00:00,36200.75,7.5,52428.75
2024-12-19 23:00:00,36426.75,7.5,49047.5
2024-12-20 00:00:00,36394.75,8.0,47700.5
2024-12-20 01:00:00,35898.75,7.25,46458.5
2024-12-20 02:00:00,35352.75,7.0,45844.25
2024-12-20 03:00:00,34971.25,7.0,46002.0
2024-12-20 04:00:00,34711.75,7.0,47390.5
2024-12-20 05:00:00,34263.5,7.75,50561.0
2024-12-20 06:00:00,35160.25,7.5,57005.5
2024-12-20 07:00:00,33480.25,9.0,61504.75
2024-12-20 08:00:00,32039.25,333.25,63993.0
2024-12-20 09:00:00,29901.25,2757.75,63996.5
2024-12-20 10:00:00,29220.75,6021.75,64560.0
2024-12-20 11:00:00,28133.0,8582.25,64137.75
2024-12-20 12:00:00,27862.75,8891.0,63527.75
2024-12-20 13:00:00,27376.75,7366.25,63149.5
2024-12-20 14:00:00,25846.5,4370.25,61982.0
2024-12-20 15:00:00,24825.5,1339.25,61771.75
2024-12-20 16:00:00,25388.25,61.25,63140.0
2024-12-20 17:00:00,27106.25,17.0,64339.0
2024-12-20 18:00:00,28461.5,11.25,63695.5
2024-12-20 19:00:00,29303.0,8.0,62030.0
2024-12-20 20:00:00,30147.75,11.0,58374.25
2024-12-20 21:00:00,30639.25,8.25,55635.25
2024-12-20 22:00:00,29365.0,13.25,53333.5
2024-12-20 23:00:00,29642.0,10.25,50687.0
2024-12-21 00:00:00,30306.0,7.75,47979.5
2024-12-21 01:00:00,30938.5,7.25,45727.75
2024-12-21 02:00:00,31933.75,7.25,44550.0
2024-12-21 03:00:00,32756.25,7.0,44532.25
2024-12-21 04:00:00,33302.75,7.25,44885.5
2024-12-21 05:00:00,33446.5,7.75,45605.75
2024-12-21 06:00:00,34463.75,7.25,46794.75
2024-12-21 07:00:00,33999.0,8.0,49328.25
2024-12-21 08:00:00,34513.75,429.25,52783.25
2024-12-21 09:00:00,34609.0,2635.25,55803.0
2024-12-21 10:00:00,33856.75,5287.25,57236.0
2024-12-21 11:00:00,34991.5,6967.0,58237.0
2024-12-21 12:00:00,36307.75,6805.25,58129.0
2024-12-21 13:00:00,36518.25,4817.75,57520.25
2024-12-21 14:00:00,36625.25,2421.25,56723.75
2024-12-21 15:00:00,37875.25,712.0,57129.25
2024-12-21 16:00:00,39562.75,37.0,58918.75
2024-12-21 17:00:00,41272.25,10.25,60146.25
2024-12-21 18:00:00,42767.5,8.25,60145.25
2024-12-21 19:00:00,44020.0,6.75,58501.5
2024-12-21 20:00:00,44674.0,6.5,55653.0
2024-12-21 21:00:00,44327.25,6.0,53421.0
2024-12-21 22:00:00,41932.0,7.0,51511.5
2024-12-21 23:00:00,40489.75,6.5,48639.0
2024-12-22 00:00:00,38497.5,6.0,45194.0
2024-12-22 01:00:00,36791.25,6.0,42391.0
2024-12-22 02:00:00,36193.0,6.5,41246.5
2024-12-22 03:00:00,34298.0,6.0,40580.25
2024-12-22 04:00:00,32929.75,6.0,41141.5
2024-12-22 05:00:00,31934.0,7.25,41287.25
2024-12-22 06:00:00,31445.0,7.0,41537.0
2024-12-22 07:00:00,29803.75,8.0,43657.0
2024-12-22 08:00:00,29085.5,134.5,46851.5
2024-12-22 09:00:00,27614.5,1219.25,50632.0
2024-12-22 10:00:00,26950.25,3053.0,52905.75
2024-12-22 11:00:00,26657.25,4377.25,55377.25
2024-12-22 12:00:00,27710.25,4729.0,55715.0
2024-12-22 13:00:00,26607.25,4213.5,54104.0
2024-12-22 14:00:00,26150.75,2733.0,53433.0
2024-12-22 15:00:00,25408.25,935.5,53938.0
2024-12-22 16:00:00,23950.0,48.0,55391.75
2024-12-22 17:00:00,23182.5,9.5,57363.0
2024-12-22 18:00:00,24772.0,8.25,57491.75
2024-12-22 19:00:00,25906.75,7.25,56099.75
2024-12-22 20:00:00,25712.75,8.75,53289.75
2024-12-22 21:00:00,25672.0,7.75,51631.75
2024-12-22 22:00:00,24711.5,8.0,49764.25
2024-12-22 23:00:00,25048.25,7.5,47027.75
2024-12-23 00:00:00,25797.5,6.25,45472.75
2024-12-23 01:00:00,25635.75,7.0,43530.0
2024-12-23 02:00:00,24301.25,6.0,43439.25
2024-12-23 03:00:00,23676.0,6.5,43690.0
2024-12-23 04:00:00,23589.75,6.25,44084.0
2024-12-23 05:00:00,24129.25,6.25,46095.75
2024-12-23 06:00:00,25935.0,6.0,48968.75
2024-12-23 07:00:00,27815.5,6.75,52171.5
2024-12-23 08:00:00,29449.5,269.5,55551.0
2024-12-23 09:00:00,30288.75,2148.75,58148.0
2024-12-23 10:00:00,29953.0,4928.75,59101.0
2024-12-23 11:00:00,30351.5,7158.25,59729.75
2024-12-23 12:00:00,30891.75,7368.75,59238.25
2024-12-23 13:00:00,30717.0,5393.75,58104.75
2024-12-23 14:00:00,29809.0,3126.75,57012.5
2024-12-23 15:00:00,29541.25,981.0,57186.25
2024-12-23 16:00:00,30195.25,45.25,59006.5
2024-12-23 17:00:00,30210.25,8.75,60958.0
2024-12-23 18:00:00,29081.75,8.5,60715.75
2024-12-23 19:00:00,27590.75,8.0,59171.5
2024-12-23 20:00:00,25731.0,6.5,56188.0
2024-12-23 21:00:00,23632.25,6.5,52627.25
2024-12-23 22:00:00,21710.5,6.0,49508.75
2024-12-23 23:00:00,20658.25,6.25,46523.0
2024-12-24 00:00:00,19344.0,6.25,42614.0
2024-12-24 01:00:00,17214.0,6.0,40305.5
2024-12-24 02:00:00,15385.75,6.0,39922.25
2024-12-24 03:00:00,13767.75,6.0,39868.0
2024-12-24 04:00:00,12264.25,6.75,40047.75
2024-12-24 05:00:00,10612.5,6.5,41099.0
2024-12-24 06:00:00,9265.75,7.25,42331.0
2024-12-24 07:00:00,8505.0,7.25,44533.5
2024-12-24 08:00:00,8175.5,310.25,48003.75
2024-12-24 09:00:00,7731.0,2467.75,51186.5
2024-12-24 10:00:00,6781.5,5235.25,52693.75
2024-12-24 11:00:00,5757.5,7088.75,53194.0
2024-12-24 12:00:00,5326.5,7333.25,53009.0
2024-12-24 13:00:00,5353.5,6187.75,51985.75
2024-12-24 14:00:00,5841.25,3832.5,50384.5
2024-12-24 15:00:00,6676.75,1186.75,50443.5
2024-12-24 16:00:00,7853.25,45.25,51985.0
2024-12-24 17:00:00,9438.25,10.5,53989.25
2024-12-24 18:00:00,9894.75,12.5,52293.25
2024-12-24 19:00:00,10441.25,8.75,49623.25
2024-12-24 20:00:00,11331.25,7.0,47301.5
2024-12-24 21:00:00,11450.0,6.75,45741.75
2024-12-24 22:00:00,11217.25,7.5,45125.0
2024-12-24 23:00:00,10920.75,6.75,43262.5
2024-12-25 00:00:00,10499.5,6.0,41605.0
2024-12-25 01:00:00,9842.5,6.0,40254.5
2024-12-25 02:00:00,9458.5,6.0,39471.25
2024-12-25 03:00:00,9316.25,6.0,39226.75
2024-12-25 04:00:00,9196.75,6.0,39651.25
2024-12-25 05:00:00,9131.25,6.0,39882.75
2024-12-25 06:00:00,8832.0,6.25,39943.25
2024-12-25 07:00:00,8405.5,7.5,41064.0
2024-12-25 08:00:00,8033.25,556.75,43583.5
2024-12-25 09:00:00,7466.25,3507.25,47275.0
2024-12-25 10:00:00,6402.75,7115.75,49365.5
2024-12-25 11:00:00,5330.5,9833.75,51071.0
2024-12-25 12:00:00,4293.75,10556.75,50522.75
2024-12-25 13:00:00,3543.5,9173.25,47890.25
2024-12-25 14:00:00,3198.0,5979.0,46653.75
2024-12-25 15:00:00,3571.0,2056.5,46819.25
2024-12-25 16:00:00,4283.75,87.0,48368.25
2024-12-25 17:00:00,4627.75,13.0,50465.75
2024-12-25 18:00:00,4754.25,11.0,50713.0
2024-12-25 19:00:00,4535.5,7.0,49906.0
2024-12-25 20:00:00,4373.75,6.5,48295.25
2024-12-25 21:00:00,4284.0,7.0,47084.25
2024-12-25 22:00:00,3871.0,9.0,45583.5
2024-12-25 23:00:00,3773.5,11.25,43221.5
2024-12-26 00:00:00,3690.25,6.75,40397.75
2024-12-26 01:00:00,3524.25,6.0,39104.25
2024-12-26 02:00:00,3472.0,6.5,38711.75
2024-12-26 03:00:00,3607.0,6.25,38207.5
2024-12-26 04:00:00,3777.25,6.0,38253.0
2024-12-26 05:00:00,3541.25,7.0,38604.75
2024-12-26 06:00:00,3400.0,6.25,38909.75
2024-12-26 07:00:00,3395.5,8.25,40632.5
2024-12-26 08:00:00,3367.0,413.0,43475.5
2024-12-26 09:00:00,3166.5,3185.0,46690.0
2024-12-26 10:00:00,3005.25,7080.5,48537.75
2024-12-26 11:00:00,2602.75,10209.75,49971.5
2024-12-26 12:00:00,2228.0,11455.75,49416.75
2024-12-26 13:00:00,2057.25,10267.0,46860.25
2024-12-26 14:00:00,1931.0,6879.0,45670.75
2024-12-26 15:00:00,2027.5,2491.5,46253.0
2024-12-26 16:00:00,2475.0,136.75,48181.0
2024-12-26 17:00:00,3191.0,22.25,50472.25
2024-12-26 18:00:00,3564.0,11.0,50812.25
2024-12-26 19:00:00,3691.25,12.75,49719.5
2024-12-26 20:00:00,3662.25,9.25,48212.25
2024-12-26 21:00:00,3650.75,6.0,46857.0
2024-12-26 22:00:00,3612.75,7.25,45603.25
2024-12-26 23:00:00,3819.25,7.0,43276.75
2024-12-27 00:00:00,4011.25,6.25,40242.0
2024-12-27 01:00:00,4069.25,6.0,38875.75
2024-12-27 02:00:00,4019.5,6.0,37660.0
2024-12-27 03:00:00,3823.5,6.0,38012.5
2024-12-27 04:00:00,3590.5,6.0,39437.75
2024-12-27 05:00:00,3350.75,6.25,40661.0
2024-12-27 06:00:00,3149.0,6.25,43058.75
2024-12-27 07:00:00,2894.5,6.75,46317.75
2024-12-27 08:00:00,2732.5,538.0,49256.25
2024-12-27 09:00:00,2566.5,4166.0,51423.75
2024-12-27 10:00:00,2291.75,8929.0,52387.75
2024-12-27 11:00:00,1731.5,12431.0,53078.75
2024-12-27 12:00:00,1103.5,13308.0,53220.0
2024-12-27 13:00:00,711.75,11553.25,52203.75
2024-12-27 14:00:00,545.25,7366.5,51427.0
2024-12-27 15:00:00,567.25,2585.75,51832.75
2024-12-27 16:00:00,700.75,159.25,53890.5
2024-12-27 17:00:00,749.5,29.25,56436.75
2024-12-27 18:00:00,706.5,36.5,56330.0
2024-12-27 19:00:00,654.0,20.25,54940.25
2024-12-27 20:00:00,649.25,12.75,51964.0
2024-12-27 21:00:00,643.5,8.5,49344.75
2024-12-27 22:00:00,623.75,6.25,47861.75
2024-12-27 23:00:00,536.5,6.0,45287.75
2024-12-28 00:00:00,503.0,6.5,42924.75
2024-12-28 01:00:00,467.5,6.5,41263.25
2024-12-28 02:00:00,494.75,6.0,40628.75
2024-12-28 03:00:00,505.75,6.0,40236.5
2024-12-28 04:00:00,559.5,6.25,40756.75
2024-12-28 05:00:00,596.75,6.5,40788.75
2024-12-28 06:00:00,631.5,6.25,41833.5
2024-12-28 07:00:00,736.75,8.75,44037.75
2024-12-28 08:00:00,865.0,454.25,47002.75
2024-12-28 09:00:00,971.25,3771.75,49584.25
2024-12-28 10:00:00,1008.0,8679.0,51340.0
2024-12-28 11:00:00,1013.25,12425.75,52861.5
2024-12-28 12:00:00,859.25,13620.0,52835.75
2024-12-28 13:00:00,763.75,11844.0,51301.0
2024-12-28 14:00:00,661.5,7509.0,50191.25
2024-12-28 15:00:00,685.0,2504.75,50826.75
2024-12-28 16:00:00,962.25,122.25,52913.25
2024-12-28 17:00:00,1296.5,24.25,55232.25
2024-12-28 18:00:00,1737.75,28.25,55398.75
2024-12-28 19:00:00,2267.25,18.5,53898.75
2024-12-28 20:00:00,2824.0,10.5,51364.25
2024-12-28 21:00:00,3251.25,7.25,49310.25
2024-12-28 22:00:00,3606.0,9.0,48109.0
2024-12-28 23:00:00,4174.75,7.25,46020.0
2024-12-29 00:00:00,4993.0,8.0,43202.75
2024-12-29 01:00:00,5664.5,6.0,41772.75
2024-12-29 02:00:00,6199.75,6.0,40905.25
2024-12-29 03:00:00,6728.5,6.5,40591.25
2024-12-29 04:00:00,7412.75,6.0,40920.5
2024-12-29 05:00:00,8053.25,6.0,41371.0
2024-12-29 06:00:00,8060.25,6.75,41467.0
2024-12-29 07:00:00,7974.25,9.0,43039.0
2024-12-29 08:00:00,8311.5,516.75,45934.25
2024-12-29 09:00:00,8318.75,3263.25,49120.5
2024-12-29 10:00:00,8283.0,6429.5,52088.25
2024-12-29 11:00:00,8377.75,8389.0,54617.5
2024-12-29 12:00:00,8731.75,8475.25,54558.75
2024-12-29 13:00:00,9559.0,6938.5,53667.0
2024-12-29 14:00:00,10206.25,4203.5,52674.5
2024-12-29 15:00:00,11225.75,1326.0,52939.75
2024-12-29 16:00:00,12600.75,59.25,54787.75
2024-12-29 17:00:00,13773.5,15.25,56774.0
2024-12-29 18:00:00,14926.5,12.5,57104.25
2024-12-29 19:00:00,16074.75,10.25,56079.75
2024-12-29 20:00:00,16990.75,7.0,53780.5
2024-12-29 21:00:00,18182.75,6.25,52414.5
2024-12-29 22:00:00,17836.25,6.5,51014.75
2024-12-29 23:00:00,18909.25,6.0,48336.5
2024-12-30 00:00:00,19726.75,6.0,44796.5
2024-12-30 01:00:00,20113.0,6.25,44067.75
2024-12-30 02:00:00,20231.75,6.25,43469.25
2024-12-30 03:00:00,20415.25,6.0,43041.0
2024-12-30 04:00:00,20513.5,6.0,43767.75
2024-12-30 05:00:00,20388.75,6.25,45797.0
2024-12-30 06:00:00,21261.5,6.25,47946.5
2024-12-30 07:00:00,21482.75,7.0,51327.75
2024-12-30 08:00:00,21943.5,191.5,54344.5
2024-12-30 09:00:00,22307.25,1414.5,56166.75
2024-12-30 10:00:00,22572.5,3104.25,57692.5
2024-12-30 11:00:00,22614.5,4542.25,57953.0
2024-12-30 12:00:00,22907.5,5025.75,58463.5
2024-12-30 13:00:00,22617.0,4498.0,58243.25
2024-12-30 14:00:00,22697.75,2956.25,57893.0
2024-12-30 15:00:00,23038.75,1036.5,58138.25
2024-12-30 16:00:00,23453.75,52.75,59576.5
2024-12-30 17:00:00,24055.5,13.25,61402.5
2024-12-30 18:00:00,24565.25,9.0,61475.75
2024-12-30 19:00:00,24928.25,7.75,60058.5
2024-12-30 20:00:00,24861.0,6.5,56909.25
2024-12-30 21:00:00,24352.5,6.5,54316.0
2024-12-30 22:00:00,22075.75,6.25,52292.75
2024-12-30 23:00:00,21223.25,6.5,49145.5
2024-12-31 00:00:00,19803.75,7.25,45436.0
2024-12-31 01:00:00,18734.25,6.0,43433.75
2024-12-31 02:00:00,17900.75,6.25,42529.25
2024-12-31 03:00:00,17381.0,6.25,42690.25
2024-12-31 04:00:00,17368.5,6.0,43292.75
2024-12-31 05:00:00,17165.25,6.25,43674.25
2024-12-31 06:00:00,17837.75,6.5,45299.5
2024-12-31 07:00:00,17473.0,7.5,46890.5
2024-12-31 08:00:00,17402.75,447.0,49322.25
2024-12-31 09:00:00,17430.25,2978.0,51972.75
2024-12-31 10:00:00,17674.25,6595.25,53934.25
2024-12-31 11:00:00,18109.5,9720.5,55480.75
2024-12-31 12:00:00,18433.5,10758.0,55742.25
2024-12-31 13:00:00,18913.0,9610.0,54490.0
2024-12-31 14:00:00,20225.0,6411.0,53533.0
2024-12-31 15:00:00,22614.0,2326.0,53380.5
2024-12-31 16:00:00,25417.5,121.75,55650.75
2024-12-31 17:00:00,26537.0,13.75,57983.25
2024-12-31 18:00:00,27750.5,13.5,56908.75
2024-12-31 19:00:00,29222.0,11.75,54382.75
2024-12-31 20:00:00,30934.25,6.75,51189.0
2024-12-31 21:00:00,31875.75,6.5,49336.5
2024-12-31 22:00:00,30866.25,7.0,48491.25
2024-12-31 23:00:00,31953.5,6.5,49235.25
