dienststelle,code,ort,lage,richtung,genauigkeit,lat,lon,gefunden_als,osm_link,osm_methode,osm_lat,osm_lon,abstand_osm_m,abstand_strasse_m,stadtteil_laut_ort,stadtteil_des_punkts,pruefen,osm_link_abgleich,manuell
K-04,7018,Riehler Straße,Kreuzung Elsa-Brändström-Str.,in Fahrtrichtung Riehl,strasse,50.960022,6.977442,"Riehler Straße, 50735 Köln, Deutschland",https://www.openstreetmap.org/?mlat=50.960022&mlon=6.977442#map=18/50.960022/6.977442,osm_kreuzung Elsa-Brändström-Straße,50.955927,6.969,747,0,,Riehl,feste Anlage/Kreuzung: einzeln prüfen; genauigkeit=strasse; 747 m von OSM-Kreuzung,https://www.openstreetmap.org/?mlat=50.955927&mlon=6.969000#map=18/50.955927/6.969000,"50.95593,6.96900 · Kreuzung Riehler Str./Elsa-Brändström-Str. (OSM-Knoten); Geocoder lag 750 m daneben"
K-04,7019,Riehler Straße,Kreuzung Elsa-Brändström-Str.,in Fahrtrichtung Ebertplatz,strasse,50.960022,6.977442,"Riehler Straße, 50735 Köln, Deutschland",https://www.openstreetmap.org/?mlat=50.960022&mlon=6.977442#map=18/50.960022/6.977442,osm_kreuzung Elsa-Brändström-Straße,50.955927,6.969,747,0,,Riehl,feste Anlage/Kreuzung: einzeln prüfen; genauigkeit=strasse; 747 m von OSM-Kreuzung,https://www.openstreetmap.org/?mlat=50.955927&mlon=6.969000#map=18/50.955927/6.969000,"50.95593,6.96900 · Kreuzung Riehler Str./Elsa-Brändström-Str. (OSM-Knoten); Geocoder lag 750 m daneben"
K-04,7020,Amsterdamer Straße,Kreuzung Riehler Straße,Fahrtrichtung Elsa-Brändström-Str.,strasse,50.978321,6.968524,"Amsterdamer Straße, 50735 Köln, Deutschland",https://www.openstreetmap.org/?mlat=50.978321&mlon=6.968524#map=18/50.978321/6.968524,osm_kreuzung Riehler Straße,50.955877,6.968871,2497,0,Riehl,Niehl,"feste Anlage/Kreuzung: einzeln prüfen; genauigkeit=strasse; 2497 m von OSM-Kreuzung; liegt in Niehl, nicht in Riehl",https://www.openstreetmap.org/?mlat=50.955877&mlon=6.968871#map=18/50.955877/6.968871,"50.95588,6.96887 · Kreuzung Amsterdamer Str./Riehler Str. (OSM-Knoten); Geocoder lag 2,5 km daneben"
K-04,7021,Elsa-Brändström-Straße,Kreuzung Riehler Straße,in Fahrtrichtung AS Zoobrücke,strasse,50.954968,6.969906,"Elsa-Brändström-Straße, 50668 Köln, Deutschland",https://www.openstreetmap.org/?mlat=50.954968&mlon=6.969906#map=18/50.954968/6.969906,osm_kreuzung Riehler Straße,50.955754,6.969006,108,0,Riehl,Neustadt/Nord,"feste Anlage/Kreuzung: einzeln prüfen; genauigkeit=strasse; liegt in Neustadt/Nord, nicht in Riehl",https://www.openstreetmap.org/?mlat=50.955754&mlon=6.969006#map=18/50.955754/6.969006,"50.95575,6.96901 · Kreuzung Elsa-Brändström-Str./Riehler Str. (OSM-Knoten)"
K-04,7022,Boltensternstraße,"in Höhe Barbarastr.,Köln-Riehl",in Fahrtrichtung Industriestraße,strasse,50.973924,6.97515,"Boltensternstraße, 50735 Köln, Deutschland",https://www.openstreetmap.org/?mlat=50.973924&mlon=6.975150#map=18/50.973924/6.975150,osm_kreuzung Barbarastraße,50.96953,6.978495,542,0,Riehl,Niehl,"feste Anlage/Kreuzung: einzeln prüfen; genauigkeit=strasse; 542 m von OSM-Kreuzung; liegt in Niehl, nicht in Riehl",https://www.openstreetmap.org/?mlat=50.969530&mlon=6.978495#map=18/50.969530/6.978495,"50.96953,6.97849 · Kreuzung Boltensternstr./Barbarastr. (OSM-Knoten); Geocoder lag 540 m daneben"
K-04,7043,Venloer Straße (B59),Anschlussstelle BAB 1,in Fahrtrichtung Koblenz,strasse,50.97316,6.862901,"Venloer Straße, Bocklemünd, 50829 Köln, Deutschland",https://www.openstreetmap.org/?mlat=50.973160&mlon=6.862901#map=18/50.973160/6.862901,osm_strasse (±4790 m),50.961173,6.892625,2475,0,,Bocklemünd/Mengenich,feste Anlage/Kreuzung: einzeln prüfen; genauigkeit=strasse; Name mehrdeutig,https://www.openstreetmap.org/?mlat=50.961173&mlon=6.892625#map=18/50.961173/6.892625,"50.97788,6.85100 · Venloer Str. (B 59) über der A 1, Anschlussstelle Köln-Bocklemünd (OSM); Geocoder lag 1 km daneben"
K-04,7044,Venloer Straße (B59),Anschlussstelle BAB 1,in Fahrtrichtung Pulheim,strasse,50.97316,6.862901,"Venloer Straße, Bocklemünd, 50829 Köln, Deutschland",https://www.openstreetmap.org/?mlat=50.973160&mlon=6.862901#map=18/50.973160/6.862901,osm_strasse (±4790 m),50.961173,6.892625,2475,0,,Bocklemünd/Mengenich,feste Anlage/Kreuzung: einzeln prüfen; genauigkeit=strasse; Name mehrdeutig,https://www.openstreetmap.org/?mlat=50.961173&mlon=6.892625#map=18/50.961173/6.892625,"50.97788,6.85100 · Venloer Str. (B 59) über der A 1, Anschlussstelle Köln-Bocklemünd (OSM); Geocoder lag 1 km daneben"
K-04,7045,Venloer Straße (B59),Anschlussstelle BAB 1,in Fahrtrichtung Köln,strasse,50.97316,6.862901,"Venloer Straße, Bocklemünd, 50829 Köln, Deutschland",https://www.openstreetmap.org/?mlat=50.973160&mlon=6.862901#map=18/50.973160/6.862901,osm_strasse (±4790 m),50.961173,6.892625,2475,0,,Bocklemünd/Mengenich,feste Anlage/Kreuzung: einzeln prüfen; genauigkeit=strasse; Name mehrdeutig,https://www.openstreetmap.org/?mlat=50.961173&mlon=6.892625#map=18/50.961173/6.892625,"50.97788,6.85100 · Venloer Str. (B 59) über der A 1, Anschlussstelle Köln-Bocklemünd (OSM); Geocoder lag 1 km daneben"
K-04,7046,Boltensternstraße,"in Höhe Barbarastr.,Köln-Riehl",in Fahrtrichtung An der Schanz,strasse,50.973924,6.97515,"Boltensternstraße, 50735 Köln, Deutschland",https://www.openstreetmap.org/?mlat=50.973924&mlon=6.975150#map=18/50.973924/6.975150,osm_kreuzung Barbarastraße,50.96953,6.978495,542,0,Riehl,Niehl,"feste Anlage/Kreuzung: einzeln prüfen; genauigkeit=strasse; 542 m von OSM-Kreuzung; liegt in Niehl, nicht in Riehl",https://www.openstreetmap.org/?mlat=50.969530&mlon=6.978495#map=18/50.969530/6.978495,"50.96953,6.97849 · Kreuzung Boltensternstr./Barbarastr. (OSM-Knoten); Geocoder lag 540 m daneben"
K-04,7047,Düsseldorfer Straße (B8),"ggü. Haus Nr.491, Stammheim",in Fahrtr.Friedrich-Ebert-Str.(Lev),hausnummer,50.989691,6.998676,"Düsseldorfer Straße 491, 51061 Köln, Deutschland",https://www.openstreetmap.org/?mlat=50.989691&mlon=6.998676#map=18/50.989691/6.998676,osm_hausnummer 491,50.989677,6.998676,2,41,Stammheim,Stammheim,feste Anlage/Kreuzung: einzeln prüfen,https://www.openstreetmap.org/?mlat=50.989677&mlon=6.998676#map=18/50.989677/6.998676,"50.98968,6.99868 · Düsseldorfer Str. 491, gegenüber (OSM-Adresse = Geocoder)"
K-04,7048,Düsseldorfer Straße (B8),"in Höhe Haus Nr.491, Stammheim",in Fahrtrichtung Clevischer Ring,hausnummer,50.989691,6.998676,"Düsseldorfer Straße 491, 51061 Köln, Deutschland",https://www.openstreetmap.org/?mlat=50.989691&mlon=6.998676#map=18/50.989691/6.998676,osm_hausnummer 491,50.989677,6.998676,2,41,Stammheim,Stammheim,feste Anlage/Kreuzung: einzeln prüfen,https://www.openstreetmap.org/?mlat=50.989677&mlon=6.998676#map=18/50.989677/6.998676,"50.98968,6.99868 · Düsseldorfer Str. 491 (OSM-Adresse = Geocoder)"
K-04,7049,Stammheimer Ring,"in Höhe Haus Nr.17, Stammheim",in Fahrtr. Dünnwalder Kommunalweg,hausnummer,50.988993,6.999022,"Stammheimer Ring 17, 51061 Köln, Deutschland",https://www.openstreetmap.org/?mlat=50.988993&mlon=6.999022#map=18/50.988993/6.999022,osm_hausnummer 17,50.988993,6.999022,0,40,Stammheim,Stammheim,feste Anlage/Kreuzung: einzeln prüfen,https://www.openstreetmap.org/?mlat=50.988993&mlon=6.999022#map=18/50.988993/6.999022,"50.98899,6.99902 · Stammheimer Ring 17 (OSM-Adresse = Geocoder)"
K-04,7050,Dünnw. Kommunalweg (L101),"gegenüber Haus Nr.6, Stammheim",in Fahrtrichtung Stammheimer Ring,strasse,50.989351,7.000098,"Dünnwalder Kommunalweg 6, 51061 Köln, Deutschland",https://www.openstreetmap.org/?mlat=50.989351&mlon=7.000098#map=18/50.989351/7.000098,osm_hausnummer 6,50.989333,7.000107,2,31,Stammheim,Stammheim,feste Anlage/Kreuzung: einzeln prüfen; genauigkeit=strasse,https://www.openstreetmap.org/?mlat=50.989333&mlon=7.000107#map=18/50.989333/7.000107,"50.98933,7.00011 · Dünnwalder Kommunalweg 6, gegenüber (OSM-Adresse; „Dünnw.“ in der Quelle abgekürzt)"
S-01,0002,Bundesstraße 55a,Höhe Waldecker Straße,in Fahrtrichtung Zoobrücke,strasse,50.951983,7.004726,"Waldecker Straße, 51065 Köln, Deutschland",https://www.openstreetmap.org/?mlat=50.951983&mlon=7.004726#map=18/50.951983/7.004726,nicht_in_osm,,,,,,Buchforst,feste Anlage/Kreuzung: einzeln prüfen; genauigkeit=strasse,,"50.94751,7.00667 · B 55a an der Auffahrt Waldecker Str., Richtung Zoobrücke (OSM-Kreuzungspunkt B 55a/Waldecker Str.)"
S-01,0005,Neustadt/Nord,Innere Kanalstr.zw Lat177-176,in Fahrtrichtung Niehler Str.,stadtteil,50.947923,6.941061,"Neustadt/Nord, Köln, NW, Deutschland",https://www.openstreetmap.org/?mlat=50.947923&mlon=6.941061#map=18/50.947923/6.941061,osm_strasse (±2310 m),50.953897,6.942759,675,363,Neustadt/Nord,Neustadt/Nord,feste Anlage/Kreuzung: einzeln prüfen; genauigkeit=stadtteil; 363 m neben der Straße,https://www.openstreetmap.org/?mlat=50.953897&mlon=6.942759#map=18/50.953897/6.942759,"50.95925,6.96350 · Innere Kanalstr. Höhe Lentstr. (Standortlisten: „Höhe Lentstraße, Richtung Zoobrücke“; Laternen 176/177), Spur Richtung Niehler Str."
S-01,0006,Innere Kanalstraße,Höhe Finanzamt Köln-Nord,in Fahrtrichtung Ehrenfeld,strasse,50.956611,6.95355,"Innere Kanalstraße, 50733 Köln, Deutschland",https://www.openstreetmap.org/?mlat=50.956611&mlon=6.953550#map=18/50.956611/6.953550,osm_strasse (±2310 m),50.953897,6.942759,815,0,,Nippes,feste Anlage/Kreuzung: einzeln prüfen; genauigkeit=strasse; Name mehrdeutig,https://www.openstreetmap.org/?mlat=50.953897&mlon=6.942759#map=18/50.953897/6.942759,"50.95621,6.95246 · Innere Kanalstr. vor dem Finanzamt Köln-Nord (Innere Kanalstr. 214, OSM), Richtung Ehrenfeld"
S-01,0007,Innere Kanalstraße,Höhe Escher Straße / Hornstr.,in Fahrtrichtung Süden,strasse,50.956611,6.95355,"Innere Kanalstraße, 50733 Köln, Deutschland",https://www.openstreetmap.org/?mlat=50.956611&mlon=6.953550#map=18/50.956611/6.953550,osm_kreuzung Escher Straße,50.954827,6.948039,435,0,,Nippes,feste Anlage/Kreuzung: einzeln prüfen; genauigkeit=strasse; 435 m von OSM-Kreuzung,https://www.openstreetmap.org/?mlat=50.954827&mlon=6.948039#map=18/50.954827/6.948039,"50.95401,6.94494 · Innere Kanalstr. zwischen Escher Str. und Hornstr. (OSM-Knoten, Mitte, ±250 m), Richtung Süden"
S-01,0008,Innere Kanalstraße,Höhe Hornstr. / Escher Straße,in Fahrtrichtung Zoobrücke,strasse,50.956611,6.95355,"Innere Kanalstraße, 50733 Köln, Deutschland",https://www.openstreetmap.org/?mlat=50.956611&mlon=6.953550#map=18/50.956611/6.953550,osm_kreuzung Hornstraße,50.95378,6.940995,935,0,,Nippes,feste Anlage/Kreuzung: einzeln prüfen; genauigkeit=strasse; 935 m von OSM-Kreuzung,https://www.openstreetmap.org/?mlat=50.953780&mlon=6.940995#map=18/50.953780/6.940995,"50.95401,6.94494 · Innere Kanalstr. zwischen Hornstr. und Escher Str. (OSM-Knoten, Mitte, ±250 m), Richtung Zoobrücke"
S-01,0009,Innere Kanalstraße,Höhe Finanzamt Köln-Nord,in Fahrtrichtung Zoobrücke,strasse,50.956611,6.95355,"Innere Kanalstraße, 50733 Köln, Deutschland",https://www.openstreetmap.org/?mlat=50.956611&mlon=6.953550#map=18/50.956611/6.953550,osm_strasse (±2310 m),50.953897,6.942759,815,0,,Nippes,feste Anlage/Kreuzung: einzeln prüfen; genauigkeit=strasse; Name mehrdeutig,https://www.openstreetmap.org/?mlat=50.953897&mlon=6.942759#map=18/50.953897/6.942759,"50.95621,6.95246 · Innere Kanalstr. vor dem Finanzamt Köln-Nord (Innere Kanalstr. 214, OSM), Richtung Zoobrücke"
S-01,0010,Neustadt/Nord,Innere Kanalstr.zw.Lat177-176,in Fahrtrichtung Zoobrücke,stadtteil,50.947923,6.941061,"Neustadt/Nord, Köln, NW, Deutschland",https://www.openstreetmap.org/?mlat=50.947923&mlon=6.941061#map=18/50.947923/6.941061,osm_strasse (±2310 m),50.953897,6.942759,675,363,Neustadt/Nord,Neustadt/Nord,feste Anlage/Kreuzung: einzeln prüfen; genauigkeit=stadtteil; 363 m neben der Straße,https://www.openstreetmap.org/?mlat=50.953897&mlon=6.942759#map=18/50.953897/6.942759,"50.95925,6.96350 · Innere Kanalstr. Höhe Lentstr. (Standortlisten: „Höhe Lentstraße, Richtung Zoobrücke“; Laternen 176/177)"
S-01,0011,Severinsbrücke,,in Fahrtrichtung Deutz,strasse,50.929648,6.958939,"Severinsbrücke, 50676 Köln, Deutschland",https://www.openstreetmap.org/?mlat=50.929648&mlon=6.958939#map=18/50.929648/6.958939,osm_strasse (±1000 m),50.92979,6.960603,118,0,,Altstadt-Süd,feste Anlage/Kreuzung: einzeln prüfen; genauigkeit=strasse; Name mehrdeutig,https://www.openstreetmap.org/?mlat=50.929790&mlon=6.960603#map=18/50.929790/6.960603,"50.93072,6.96789 · Severinsbrücke, Brückenmitte (OSM); genaue Stelle auf der Brücke unbekannt (±400 m)"
S-01,0015,Bundesstraße 55 a,Höhe Ausfahrt Frankfurter Str.,in Fahrtrichtung Olpe,fehlt,,,,,nicht_in_osm,,,,,,,feste Anlage/Kreuzung: einzeln prüfen; kein Geocoder-Treffer,,"50.94885,7.01915 · B 55a zwischen Ab- und Auffahrt Frankfurter Str., Richtung Köln-Ost/Olpe (Pressemitteilung Stadt Köln 14.08.2025; OSM-Kreuzungspunkt)"
S-01,0016,Aachener Straße,Höhe Aachener Weiher geg.130,in Fahrtrichtung stadtauswärts,strasse,50.936912,6.926234,"Jacques' Wein-Depot, Aachener Straße 130, 50674 Köln, Deutschland",https://www.openstreetmap.org/?mlat=50.936912&mlon=6.926234#map=18/50.936912/6.926234,osm_hausnummer 130,50.936912,6.926234,0,21,,Neustadt/Süd,feste Anlage/Kreuzung: einzeln prüfen; genauigkeit=strasse,https://www.openstreetmap.org/?mlat=50.936912&mlon=6.926234#map=18/50.936912/6.926234,"50.93691,6.92623 · Aachener Str. gegenüber Nr. 130 am Aachener Weiher (OSM-Adresse = Geocoder), stadtauswärts"
S-01,0017,Aachener Straße,Höhe Aachener Weiher,in Fahrtrichtung stadteinwärts,strasse,50.937931,6.860761,"Aachener Straße, 50858 Köln, Deutschland",https://www.openstreetmap.org/?mlat=50.937931&mlon=6.860761#map=18/50.937931/6.860761,osm_strasse (±18480 m),50.937526,6.88462,1674,0,,Junkersdorf,feste Anlage/Kreuzung: einzeln prüfen; genauigkeit=strasse; Name mehrdeutig,https://www.openstreetmap.org/?mlat=50.937526&mlon=6.884620#map=18/50.937526/6.884620,"50.93691,6.92623 · Aachener Str. am Aachener Weiher, stadteinwärts — Gegenrichtung zu 0016; Geocoder lag 4,6 km daneben"
S-01,0023,Chorweiler,Willi-Suth-Allee,in Fahrtrichtung Bezirksportanlage,stadtteil,51.022062,6.898633,"Chorweiler, Köln, NW, Deutschland",https://www.openstreetmap.org/?mlat=51.022062&mlon=6.898633#map=18/51.022062/6.898633,osm_strasse (±420 m),51.022297,6.901359,193,136,Chorweiler,Chorweiler,feste Anlage/Kreuzung: einzeln prüfen; genauigkeit=stadtteil; 136 m neben der Straße,https://www.openstreetmap.org/?mlat=51.022297&mlon=6.901359#map=18/51.022297/6.901359,"51.02230,6.90136 · Willi-Suth-Allee, Straßenmitte (OSM, ±400 m); Geocoder nur Stadtteil"
S-01,0024,Chorweiler,Willi-Suth-Allee,in Fahrtrichtung Autobahn 57,stadtteil,51.022062,6.898633,"Chorweiler, Köln, NW, Deutschland",https://www.openstreetmap.org/?mlat=51.022062&mlon=6.898633#map=18/51.022062/6.898633,osm_strasse (±420 m),51.022297,6.901359,193,136,Chorweiler,Chorweiler,feste Anlage/Kreuzung: einzeln prüfen; genauigkeit=stadtteil; 136 m neben der Straße,https://www.openstreetmap.org/?mlat=51.022297&mlon=6.901359#map=18/51.022297/6.901359,"51.02230,6.90136 · Willi-Suth-Allee, Straßenmitte (OSM, ±400 m); Geocoder nur Stadtteil"
S-01,0025,Riehl,Boltensternstraße in Höhe SBK,in Fahrtrichtung Barbarastraße,stadtteil,50.963913,6.976871,"Riehl, Köln, NW, Deutschland",https://www.openstreetmap.org/?mlat=50.963913&mlon=6.976871#map=18/50.963913/6.976871,osm_strasse (±600 m),50.967169,6.979779,416,280,Riehl,Riehl,feste Anlage/Kreuzung: einzeln prüfen; genauigkeit=stadtteil; 280 m neben der Straße,https://www.openstreetmap.org/?mlat=50.967169&mlon=6.979779#map=18/50.967169/6.979779,"50.96759,6.98049 · Boltensternstr. an der Pforte der Sozial-Betriebe-Köln (Boltensternstr. 16, OSM)"
S-01,0026,Riehl,Boltensternstraße in Höhe SBK,in Fahrtrichtung An der Schanz,stadtteil,50.963913,6.976871,"Riehl, Köln, NW, Deutschland",https://www.openstreetmap.org/?mlat=50.963913&mlon=6.976871#map=18/50.963913/6.976871,osm_strasse (±600 m),50.967169,6.979779,416,280,Riehl,Riehl,feste Anlage/Kreuzung: einzeln prüfen; genauigkeit=stadtteil; 280 m neben der Straße,https://www.openstreetmap.org/?mlat=50.967169&mlon=6.979779#map=18/50.967169/6.979779,"50.96759,6.98049 · Boltensternstr. an der Pforte der Sozial-Betriebe-Köln (Boltensternstr. 16, OSM)"
S-01,0027,Bilderstöckchen,Escher Straße Höhe Haus-Nr.154,in Fahrtrichtung Parkgürtel,hausnummer,50.963786,6.936036,"Escher Straße 154, Bilderstöckchen, 50739 Köln, Deutschland",https://www.openstreetmap.org/?mlat=50.963786&mlon=6.936036#map=18/50.963786/6.936036,osm_hausnummer 154,50.963786,6.936036,0,16,Bilderstöckchen,Bilderstöckchen,feste Anlage/Kreuzung: einzeln prüfen,https://www.openstreetmap.org/?mlat=50.963786&mlon=6.936036#map=18/50.963786/6.936036,"50.96379,6.93604 · Escher Str. 154 (OSM-Adresse = Geocoder)"
S-01,0028,Bilderstöckchen,Escher Straße ggü. Haus-Nr.146,in Fahrtrichtung Geldernstraße,hausnummer,50.962998,6.936615,"Escher Straße 146, Bilderstöckchen, 50739 Köln, Deutschland",https://www.openstreetmap.org/?mlat=50.962998&mlon=6.936615#map=18/50.962998/6.936615,osm_hausnummer 146,50.962998,6.936615,0,15,Bilderstöckchen,Bilderstöckchen,feste Anlage/Kreuzung: einzeln prüfen,https://www.openstreetmap.org/?mlat=50.962998&mlon=6.936615#map=18/50.962998/6.936615,"50.96300,6.93662 · Escher Str. gegenüber Nr. 146 (OSM-Adresse = Geocoder)"
S-01,0029,Holweide,Bergisch Gladbacher Straße,"Höhe Steyler Str., in FR. Mülheim",strasse,50.971734,7.05115,"Bergisch Gladbacher Straße, Holweide, 51067 Köln, Deutschland",https://www.openstreetmap.org/?mlat=50.971734&mlon=7.051150#map=18/50.971734/7.051150,osm_strasse (±1420 m),50.968719,7.041065,783,0,Holweide,Holweide,feste Anlage/Kreuzung: einzeln prüfen; genauigkeit=strasse,https://www.openstreetmap.org/?mlat=50.968719&mlon=7.041065#map=18/50.968719/7.041065,"50.96757,7.03518 · Kreuzung Bergisch Gladbacher Str./Steyler Str. (OSM-Knoten; Querstraße steht in der Spalte Richtung); Geocoder lag 1,2 km daneben"
S-01,0030,Godorf,"Godorfer Hauptstr., Höhe Otto-","Hahn-Str., in FR. Immendorfer Str.",strasse,50.85026,6.975568,"Godorfer Hauptstraße, 50997 Köln, Deutschland",https://www.openstreetmap.org/?mlat=50.850260&mlon=6.975568#map=18/50.850260/6.975568,osm_strasse (±1080 m),50.855523,6.97498,587,0,Godorf,Godorf,feste Anlage/Kreuzung: einzeln prüfen; genauigkeit=strasse,https://www.openstreetmap.org/?mlat=50.855523&mlon=6.974980#map=18/50.855523/6.974980,"50.85824,6.97466 · Kreuzung Godorfer Hauptstr./Otto-Hahn-Str. (OSM-Knoten; Querstraße steht in der Spalte Richtung)"
S-01,0031,Holweide,Neufelder Straße,Höhe Krankenhaus in FR. Schwabstr.,strasse,50.969938,7.05511,"Neufelder Straße, Holweide, 51067 Köln, Deutschland",https://www.openstreetmap.org/?mlat=50.969938&mlon=7.055110#map=18/50.969938/7.055110,osm_strasse (±550 m),50.967753,7.061097,485,0,Holweide,Holweide,feste Anlage/Kreuzung: einzeln prüfen; genauigkeit=strasse,https://www.openstreetmap.org/?mlat=50.967753&mlon=7.061097#map=18/50.967753/7.061097,"50.96940,7.05502 · Neufelder Str. an der Haltestelle „Krankenhaus Holweide“ (OSM)"
S-01,0032,Müngersdorf,"Wendelinstraße, Höhe Schule",in Fahrtrichtung Vitalisstraße,strasse,50.942123,6.879473,"Wendelinstraße, Müngersdorf, 50933 Köln, Deutschland",https://www.openstreetmap.org/?mlat=50.942123&mlon=6.879473#map=18/50.942123/6.879473,osm_strasse (±350 m),50.940666,6.879039,165,0,Müngersdorf,Müngersdorf,feste Anlage/Kreuzung: einzeln prüfen; genauigkeit=strasse,https://www.openstreetmap.org/?mlat=50.940666&mlon=6.879039#map=18/50.940666/6.879039,"50.94107,6.88061 · Wendelinstr. an der Gemeinschaftsgrundschule Müngersdorf (Wendelinstr. 64, OSM)"
S-01,0033,Neubrück,"Europaring, Höhe Haus Nr.7",in Fahrtrichtung Ernst-Reuter-Str.,hausnummer,50.938727,7.061692,"Europaring 7, Neubrück, 51109 Köln, Deutschland",https://www.openstreetmap.org/?mlat=50.938727&mlon=7.061692#map=18/50.938727/7.061692,osm_hausnummer 7,50.938727,7.061692,0,21,Neubrück,Neubrück,feste Anlage/Kreuzung: einzeln prüfen,https://www.openstreetmap.org/?mlat=50.938727&mlon=7.061692#map=18/50.938727/7.061692,"50.93873,7.06169 · Europaring 7 (OSM-Adresse = Geocoder)"
S-01,0034,Zollstock,Militärringstraße,"Höhe Am Eifeltor, in FR. Marienburg",stadtteil,50.909869,6.941747,"Zollstock, Köln, NW, Deutschland",https://www.openstreetmap.org/?mlat=50.909869&mlon=6.941747#map=18/50.909869/6.941747,osm_strasse (±1180 m),50.894759,6.937867,1703,5000,Zollstock,Zollstock,feste Anlage/Kreuzung: einzeln prüfen; genauigkeit=stadtteil; 5000 m neben der Straße,https://www.openstreetmap.org/?mlat=50.894759&mlon=6.937867#map=18/50.894759/6.937867,"50.89584,6.92760 · Kreuzung Militärringstr./Am Eifeltor (OSM-Knoten); Geocoder nur Stadtteil"
S-01,0035,Raderthal,"Raderthalgürtel, Höhe Lat.28",in Fahrtrichtung Vorgebirgstraße,strasse,50.904027,6.952631,"Raderthalgürtel, 50968 Köln, Deutschland",https://www.openstreetmap.org/?mlat=50.904027&mlon=6.952631#map=18/50.904027/6.952631,osm_strasse (±410 m),50.904133,6.951027,113,0,Raderthal,Raderthal,feste Anlage/Kreuzung: einzeln prüfen; genauigkeit=strasse,https://www.openstreetmap.org/?mlat=50.904133&mlon=6.951027#map=18/50.904133/6.951027,"50.90405,6.95020 · Raderthalgürtel an der Europaschule (Gesamtschule, OSM; Standortlisten: „an der Gesamtschule“)"
S-01,0036,Höhenhaus,"Honschaftsstraße, Höhe Schule",in Fahrtrichtung Am Pfropfbusch,strasse,50.982876,7.032006,"Honschaftsstraße, Höhenhaus, 51061 Köln, Deutschland",https://www.openstreetmap.org/?mlat=50.982876&mlon=7.032006#map=18/50.982876/7.032006,osm_strasse (±920 m),50.982105,7.032285,88,0,Höhenhaus,Höhenhaus,feste Anlage/Kreuzung: einzeln prüfen; genauigkeit=strasse,https://www.openstreetmap.org/?mlat=50.982105&mlon=7.032285#map=18/50.982105/7.032285,"50.98258,7.03294 · Honschaftsstr. an der Kath. Grundschule (Honschaftsstr. 312, OSM)"
S-01,0037,Bilderstöckchen,Schiefersburger Weg ggü. Hs 40,in Fahrtrichtung Longericher Straße,strasse,50.96926,6.932411,"Teppich König, Schiefersburger Weg 40, Bilderstöckchen, 50739 Köln, Deutschland",https://www.openstreetmap.org/?mlat=50.969260&mlon=6.932411#map=18/50.969260/6.932411,osm_hausnummer 40,50.96926,6.932411,0,17,Bilderstöckchen,Bilderstöckchen,feste Anlage/Kreuzung: einzeln prüfen; genauigkeit=strasse,https://www.openstreetmap.org/?mlat=50.969260&mlon=6.932411#map=18/50.969260/6.932411,"50.96926,6.93241 · Schiefersburger Weg gegenüber Nr. 40 (OSM-Adresse = Geocoder)"
S-01,0038,Vogelsang,Vogelsanger Straße,Höhe Grundschule in FR. Bickendorf,stadtteil,50.956117,6.880102,"Vogelsang, Köln, NW, Deutschland",https://www.openstreetmap.org/?mlat=50.956117&mlon=6.880102#map=18/50.956117/6.880102,osm_strasse (±880 m),50.955627,6.881185,93,33,Vogelsang,Vogelsang,feste Anlage/Kreuzung: einzeln prüfen; genauigkeit=stadtteil,https://www.openstreetmap.org/?mlat=50.955627&mlon=6.881185#map=18/50.955627/6.881185,"50.95563,6.88119 · Vogelsanger Str. in Vogelsang auf Höhe der Schulen (Kardinal-Frings-Schule, OSM; ±200 m); Geocoder nur Stadtteil"
S-01,0039,Brück,Brücker Mauspfad,"Höhe BAB-Brücke, in FR. Porz",strasse,50.936899,7.089124,"Brücker Mauspfad, 51109 Köln, Deutschland",https://www.openstreetmap.org/?mlat=50.936899&mlon=7.089124#map=18/50.936899/7.089124,osm_strasse (±1390 m),50.944144,7.082289,938,0,Brück,Brück,feste Anlage/Kreuzung: einzeln prüfen; genauigkeit=strasse,https://www.openstreetmap.org/?mlat=50.944144&mlon=7.082289#map=18/50.944144/7.082289,"50.94957,7.07893 · Brücker Mauspfad unter der Autobahnbrücke A 3/A 4 (OSM-Kreuzungspunkt); Geocoder lag 1,6 km daneben"
S-01,0040,Bilderstöckchen,Schiefersburger Weg ggü. Hs 40,in Fahrtrichtung Escher Straße,strasse,50.96926,6.932411,"Teppich König, Schiefersburger Weg 40, Bilderstöckchen, 50739 Köln, Deutschland",https://www.openstreetmap.org/?mlat=50.969260&mlon=6.932411#map=18/50.969260/6.932411,osm_hausnummer 40,50.96926,6.932411,0,17,Bilderstöckchen,Bilderstöckchen,feste Anlage/Kreuzung: einzeln prüfen; genauigkeit=strasse,https://www.openstreetmap.org/?mlat=50.969260&mlon=6.932411#map=18/50.969260/6.932411,"50.96926,6.93241 · Schiefersburger Weg gegenüber Nr. 40 (OSM-Adresse = Geocoder)"
S-01,0041,Dellbrück,Paffrather Str. Höhe Hs-Nr. 34,in Fahrtrichtung Waltherstr.,hausnummer,50.984039,7.08236,"Paffrather Straße 34, Dellbrück, 51069 Köln, Deutschland",https://www.openstreetmap.org/?mlat=50.984039&mlon=7.082360#map=18/50.984039/7.082360,osm_hausnummer 34,50.984039,7.08236,0,30,Dellbrück,Dellbrück,feste Anlage/Kreuzung: einzeln prüfen,https://www.openstreetmap.org/?mlat=50.984039&mlon=7.082360#map=18/50.984039/7.082360,"50.98404,7.08236 · Paffrather Str. 34 (OSM-Adresse = Geocoder)"
S-01,0042,Dellbrück,Paffrather Str. Höhe Hs-Nr. 34,in FR. Bergisch Gladbach-Hand,hausnummer,50.984039,7.08236,"Paffrather Straße 34, Dellbrück, 51069 Köln, Deutschland",https://www.openstreetmap.org/?mlat=50.984039&mlon=7.082360#map=18/50.984039/7.082360,osm_hausnummer 34,50.984039,7.08236,0,30,Dellbrück,Dellbrück,feste Anlage/Kreuzung: einzeln prüfen,https://www.openstreetmap.org/?mlat=50.984039&mlon=7.082360#map=18/50.984039/7.082360,"50.98404,7.08236 · Paffrather Str. 34 (OSM-Adresse = Geocoder)"
S-01,0051,Lindenthal,"Bachemer Straße, Höhe Haus 82",in Fahrtrichtung Gleueler Straße,hausnummer,50.928325,6.917643,"Bachemer Straße 82, Lindenthal, 50931 Köln, Deutschland",https://www.openstreetmap.org/?mlat=50.928325&mlon=6.917643#map=18/50.928325/6.917643,osm_hausnummer 82,50.928349,6.917623,3,25,Lindenthal,Lindenthal,feste Anlage/Kreuzung: einzeln prüfen,https://www.openstreetmap.org/?mlat=50.928349&mlon=6.917623#map=18/50.928349/6.917623,"50.92835,6.91762 · Bachemer Str. 82 (OSM-Adresse = Geocoder)"
S-01,0052,Dellbrück,"Dellbrücker Hauptstr., Höhe 95",in Fahrtrichtung Mielenforster Str.,hausnummer,50.975906,7.073171,"Dellbrücker Hauptstraße 95, 51069 Köln, Deutschland",https://www.openstreetmap.org/?mlat=50.975906&mlon=7.073171#map=18/50.975906/7.073171,osm_hausnummer 95,50.975937,7.073199,4,14,Dellbrück,Dellbrück,feste Anlage/Kreuzung: einzeln prüfen,https://www.openstreetmap.org/?mlat=50.975937&mlon=7.073199#map=18/50.975937/7.073199,"50.97594,7.07320 · Dellbrücker Hauptstr. 95 (OSM-Adresse = Geocoder)"
S-01,0053,Dellbrück,"Dellbrücker Hauptstr., Höhe 95",in Fahrtr. Bergisch-Gladbacher Str.,hausnummer,50.975906,7.073171,"Dellbrücker Hauptstraße 95, 51069 Köln, Deutschland",https://www.openstreetmap.org/?mlat=50.975906&mlon=7.073171#map=18/50.975906/7.073171,osm_hausnummer 95,50.975937,7.073199,4,14,Dellbrück,Dellbrück,feste Anlage/Kreuzung: einzeln prüfen,https://www.openstreetmap.org/?mlat=50.975937&mlon=7.073199#map=18/50.975937/7.073199,"50.97594,7.07320 · Dellbrücker Hauptstr. 95 (OSM-Adresse = Geocoder)"
S-01,0054,Ossendorf,Butzweilerhofallee Höhe Nr.53,in Fahrtr.Butzweilerstr.,strasse,50.982066,6.895479,"Butzweilerhofallee 53, Ossendorf, 50829 Köln, Deutschland",https://www.openstreetmap.org/?mlat=50.982066&mlon=6.895479#map=18/50.982066/6.895479,osm_strasse (±620 m),50.982964,6.892656,222,0,Ossendorf,Ossendorf,feste Anlage/Kreuzung: einzeln prüfen; genauigkeit=strasse,https://www.openstreetmap.org/?mlat=50.982964&mlon=6.892656#map=18/50.982964/6.892656,"50.98207,6.89548 · Butzweilerhofallee 53 (Geocoder-Adresstreffer; OSM kennt die Hausnummer nicht, Lage auf der Straße geprüft)"
S-01,0055,Ossendorf,Butzweilerhofallee Höhe Nr.53,in Fahrtr. Von-Hünefeld-Str.,strasse,50.982066,6.895479,"Butzweilerhofallee 53, Ossendorf, 50829 Köln, Deutschland",https://www.openstreetmap.org/?mlat=50.982066&mlon=6.895479#map=18/50.982066/6.895479,osm_strasse (±620 m),50.982964,6.892656,222,0,Ossendorf,Ossendorf,feste Anlage/Kreuzung: einzeln prüfen; genauigkeit=strasse,https://www.openstreetmap.org/?mlat=50.982964&mlon=6.892656#map=18/50.982964/6.892656,"50.98207,6.89548 · Butzweilerhofallee 53 (Geocoder-Adresstreffer; OSM kennt die Hausnummer nicht, Lage auf der Straße geprüft)"
S-01,0060,Neustadt/Nord,Kaiser-Wilhelm-Ring 21-17,in Fahrtrichtung Rudolfplatz,hausnummer,50.94385,6.940883,"Kaiser-Wilhelm-Ring 21, 50672 Köln, Deutschland",https://www.openstreetmap.org/?mlat=50.943850&mlon=6.940883#map=18/50.943850/6.940883,osm_hausnummer 21–17,50.943716,6.94076,17,14,Neustadt/Nord,Neustadt/Nord,feste Anlage/Kreuzung: einzeln prüfen,https://www.openstreetmap.org/?mlat=50.943716&mlon=6.940760#map=18/50.943716/6.940760,"50.94372,6.94076 · Kaiser-Wilhelm-Ring zwischen Nr. 17 und 21 (OSM-Adressen, Mitte)"
S-01,0061,Neustadt/Nord,Kaiser-Wilhelm-Ring 17-21,in Fahrtrichtung Christophstraße,hausnummer,50.943582,6.940637,"Kaiser-Wilhelm-Ring 17, 50672 Köln, Deutschland",https://www.openstreetmap.org/?mlat=50.943582&mlon=6.940637#map=18/50.943582/6.940637,osm_hausnummer 17–21,50.943716,6.94076,17,13,Neustadt/Nord,Neustadt/Nord,feste Anlage/Kreuzung: einzeln prüfen,https://www.openstreetmap.org/?mlat=50.943716&mlon=6.940760#map=18/50.943716/6.940760,"50.94372,6.94076 · Kaiser-Wilhelm-Ring zwischen Nr. 17 und 21 (OSM-Adressen, Mitte)"
S-01,0062,Neustadt/Nord,Hansaring 52,in Fahrtrichtung Ebertplatz,hausnummer,50.947883,6.950027,"Hansaring 52, 50670 Köln, Deutschland",https://www.openstreetmap.org/?mlat=50.947883&mlon=6.950027#map=18/50.947883/6.950027,osm_hausnummer 52,50.947882,6.950046,1,17,Neustadt/Nord,Neustadt/Nord,feste Anlage/Kreuzung: einzeln prüfen,https://www.openstreetmap.org/?mlat=50.947882&mlon=6.950046#map=18/50.947882/6.950046,"50.94788,6.95005 · Hansaring 52 (OSM-Adresse = Geocoder)"
S-01,0063,Mülheim,Auenweg 173,Fahrtrichtung Deutz-Mülheimer Str.,hausnummer,50.950642,6.982511,"Auenweg 173, Mülheim, 51063 Köln, Deutschland",https://www.openstreetmap.org/?mlat=50.950642&mlon=6.982511#map=18/50.950642/6.982511,osm_hausnummer 173,50.950609,6.982568,5,18,Mülheim,Mülheim,feste Anlage/Kreuzung: einzeln prüfen,https://www.openstreetmap.org/?mlat=50.950609&mlon=6.982568#map=18/50.950609/6.982568,"50.95061,6.98257 · Auenweg 173 (OSM-Adresse = Geocoder)"
S-01,0064,Mülheim,Auenweg 173,in Fahrtrichtung Deutz,hausnummer,50.950642,6.982511,"Auenweg 173, Mülheim, 51063 Köln, Deutschland",https://www.openstreetmap.org/?mlat=50.950642&mlon=6.982511#map=18/50.950642/6.982511,osm_hausnummer 173,50.950609,6.982568,5,18,Mülheim,Mülheim,feste Anlage/Kreuzung: einzeln prüfen,https://www.openstreetmap.org/?mlat=50.950609&mlon=6.982568#map=18/50.950609/6.982568,"50.95061,6.98257 · Auenweg 173 (OSM-Adresse = Geocoder)"
S-01,0095,"BAB 4,",I.H.AS Köln-Eifeltor,in Fahrtrichtung Aachen,strasse,50.882744,6.922335,"Am Eifeltor, 50997 Köln, Deutschland",https://www.openstreetmap.org/?mlat=50.882744&mlon=6.922335#map=18/50.882744/6.922335,nicht_in_osm,,,,,,Rondorf,feste Anlage/Kreuzung: einzeln prüfen; genauigkeit=strasse,,"50.89155,6.92483 · A 4 an der Anschlussstelle Köln-Eifeltor (11b), Mitte zwischen den OSM-Anschlussknoten; Geocoder lag 1 km daneben"
S-01,0096,"BAB 4,",i.H.AS Köln-Eifeltor,in Fahrtrichtung Olpe,strasse,50.882744,6.922335,"Am Eifeltor, 50997 Köln, Deutschland",https://www.openstreetmap.org/?mlat=50.882744&mlon=6.922335#map=18/50.882744/6.922335,nicht_in_osm,,,,,,Rondorf,feste Anlage/Kreuzung: einzeln prüfen; genauigkeit=strasse,,"50.89155,6.92483 · A 4 an der Anschlussstelle Köln-Eifeltor (11b), Mitte zwischen den OSM-Anschlussknoten; Geocoder lag 1 km daneben"
S-02,0102,Brück,Astrid-Lindgen-Allee Nr.3-35,in Fahrtrichtung Chr.Thomas-Weg,hausnummer,50.941426,7.075336,"Astrid-Lindgren-Allee 3, 51109 Köln, Deutschland",https://www.openstreetmap.org/?mlat=50.941426&mlon=7.075336#map=18/50.941426/7.075336,osm_hausnummer 3–35,50.941305,7.074468,62,18,Brück,Brück,,https://www.openstreetmap.org/?mlat=50.941305&mlon=7.074468#map=18/50.941305/7.074468,
S-02,0103,Weidenpesch,Etzelstr. Lat.Nr.106-150,in Fahrtrichtung A.D.Ginsterberg,strasse,50.982854,6.925034,"Etzelstraße, Weidenpesch, 50739 Köln, Deutschland",https://www.openstreetmap.org/?mlat=50.982854&mlon=6.925034#map=18/50.982854/6.925034,osm_strasse (±1200 m),50.980234,6.929116,409,0,Weidenpesch,Weidenpesch,genauigkeit=strasse,https://www.openstreetmap.org/?mlat=50.980234&mlon=6.929116#map=18/50.980234/6.929116,", · OSM-Abgleich: Geocoder fand nur die Straße; Straße im Stadtteil zu lang für einen verlässlichen Punkt (±1200 m) → weggelassen"
S-02,0104,Marienburg,Heinrich-Lüpke-Ufer Höhe P+R,in Fahrtrichtung Stadteinwärts,strasse,50.900581,6.984497,"Heinrich-Lübke-Ufer, 50960 Köln, Deutschland",https://www.openstreetmap.org/?mlat=50.900581&mlon=6.984497#map=18/50.900581/6.984497,osm_strasse (±390 m),50.899964,6.985375,92,0,Marienburg,Marienburg,genauigkeit=strasse,https://www.openstreetmap.org/?mlat=50.899964&mlon=6.985375#map=18/50.899964/6.985375,
S-02,0109,Sülz,Berrenrather Str. Höhe 179,in Fahrtrichtung stadteinwärts,strasse,50.91977,6.927771,"Kath. Grundschule Berrenrather Straße, Berrenrather Straße 179, Sülz, 50937 Köln, Deutschland",https://www.openstreetmap.org/?mlat=50.919770&mlon=6.927771#map=18/50.919770/6.927771,osm_hausnummer 179,50.919773,6.92777,0,42,Sülz,Sülz,genauigkeit=strasse,https://www.openstreetmap.org/?mlat=50.919773&mlon=6.927770#map=18/50.919773/6.927770,"50.919773,6.927770 · OSM-Abgleich: Geocoder fand nur die Straße; ersetzt durch OSM-Adresse Nr. 179"
S-02,0111,Höhenhaus,Thuleweg ggü. Haus-Nr.42,in Fahrtrichtung Im Weidenbruch,hausnummer,50.982067,7.043174,"Thuleweg 42, Höhenhaus, 51061 Köln, Deutschland",https://www.openstreetmap.org/?mlat=50.982067&mlon=7.043174#map=18/50.982067/7.043174,osm_hausnummer 42,50.982068,7.043173,0,20,Höhenhaus,Höhenhaus,,https://www.openstreetmap.org/?mlat=50.982068&mlon=7.043173#map=18/50.982068/7.043173,
S-02,0118,Ehrenfeld,"Melatengürtel, Laterne 85-77",in Fahrtrichtung Weinsbergstraße,strasse,50.941367,6.912072,"Melatengürtel, Ehrenfeld, 50825 Köln, Deutschland",https://www.openstreetmap.org/?mlat=50.941367&mlon=6.912072#map=18/50.941367/6.912072,osm_strasse (±610 m),50.943445,6.912581,234,0,Ehrenfeld,Ehrenfeld,genauigkeit=strasse,https://www.openstreetmap.org/?mlat=50.943445&mlon=6.912581#map=18/50.943445/6.912581,
S-02,0119,Ehrenfeld,"Melatengürtel, Laterne 24-34",in Fahrtrichtung Fröbelstraße,strasse,50.941367,6.912072,"Melatengürtel, Ehrenfeld, 50825 Köln, Deutschland",https://www.openstreetmap.org/?mlat=50.941367&mlon=6.912072#map=18/50.941367/6.912072,osm_strasse (±610 m),50.943445,6.912581,234,0,Ehrenfeld,Ehrenfeld,genauigkeit=strasse,https://www.openstreetmap.org/?mlat=50.943445&mlon=6.912581#map=18/50.943445/6.912581,
S-02,0126,Weiden,"Breslauer Str., Laterne 6-14",in Fahrtrichtung Ostlandstraße,strasse,50.934595,6.842929,"Breslauer Straße, Weiden, 50858 Köln, Deutschland",https://www.openstreetmap.org/?mlat=50.934595&mlon=6.842929#map=18/50.934595/6.842929,osm_strasse (±290 m),50.935495,6.84388,120,0,Weiden,Weiden,genauigkeit=strasse,https://www.openstreetmap.org/?mlat=50.935495&mlon=6.843880#map=18/50.935495/6.843880,
S-02,0127,Weiden,"Breslauer Str., Laterne 14-6",in Fahrtrichtung Aachener Straße,strasse,50.934595,6.842929,"Breslauer Straße, Weiden, 50858 Köln, Deutschland",https://www.openstreetmap.org/?mlat=50.934595&mlon=6.842929#map=18/50.934595/6.842929,osm_strasse (±290 m),50.935495,6.84388,120,0,Weiden,Weiden,genauigkeit=strasse,https://www.openstreetmap.org/?mlat=50.935495&mlon=6.843880#map=18/50.935495/6.843880,
S-02,0128,Raderthal,Markusstr. vor Haus Nr 89-73,in Fahrtrichtung Brühler Straße,hausnummer,50.900453,6.947242,"Markusstraße 89, Raderthal, 50968 Köln, Deutschland",https://www.openstreetmap.org/?mlat=50.900453&mlon=6.947242#map=18/50.900453/6.947242,osm_hausnummer 89–73,50.900405,6.94789,46,18,Raderthal,Raderthal,,https://www.openstreetmap.org/?mlat=50.900405&mlon=6.947890#map=18/50.900405/6.947890,
S-02,0129,Raderthal,Markusstr. vor Haus Nr 92-112,in Fahrtrichtung Höninger Platz,hausnummer,50.900719,6.948374,"Markusstraße 92, Raderthal, 50968 Köln, Deutschland",https://www.openstreetmap.org/?mlat=50.900719&mlon=6.948374#map=18/50.900719/6.948374,osm_hausnummer 92–112,50.900752,6.947865,36,19,Raderthal,Raderthal,,https://www.openstreetmap.org/?mlat=50.900752&mlon=6.947865#map=18/50.900752/6.947865,
S-02,0130,Ensen,Kölner Str. vor Haus Nr. 59,in Fahrtrichtung Porz-Zentrum,strasse,50.892759,7.0479,"Ensen, Kölner Straße, 51149 Köln, Deutschland",https://www.openstreetmap.org/?mlat=50.892759&mlon=7.047900#map=18/50.892759/7.047900,osm_hausnummer 59,50.896434,7.041959,584,0,Ensen,Ensen,genauigkeit=strasse; 584 m von OSM-Hausnummer,https://www.openstreetmap.org/?mlat=50.896434&mlon=7.041959#map=18/50.896434/7.041959,"50.896434,7.041959 · OSM-Abgleich: Geocoder-Punkt 584 m von der OSM-Adresse entfernt; ersetzt durch OSM-Adresse Nr. 59"
S-02,0132,Heimersdorf,Nettesheimerstr.Hs.Nr.176-76a,in Fahrtrichtung Stallagsweg,strasse,51.014975,6.90167,"Nettesheimer Straße 176, Heimersdorf, 50767 Köln, Deutschland",https://www.openstreetmap.org/?mlat=51.014975&mlon=6.901670#map=18/51.014975/6.901670,osm_strasse (±430 m),51.017245,6.898989,315,0,Heimersdorf,Heimersdorf,genauigkeit=strasse,https://www.openstreetmap.org/?mlat=51.017245&mlon=6.898989#map=18/51.017245/6.898989,
S-02,0133,Bilderstöckchen,Longericher Straße 119-153,in Fahrtrichtung TÜV,hausnummer,50.973456,6.932205,"Longericher Straße 119, Bilderstöckchen, 50739 Köln, Deutschland",https://www.openstreetmap.org/?mlat=50.973456&mlon=6.932205#map=18/50.973456/6.932205,osm_hausnummer 119–153,50.973867,6.93144,70,20,Bilderstöckchen,Bilderstöckchen,,https://www.openstreetmap.org/?mlat=50.973867&mlon=6.931440#map=18/50.973867/6.931440,
S-02,0134,Bilderstöckchen,Longericher Straße 153-115,in Fahrtrichtung Parkgürtel,hausnummer,50.974277,6.930676,"Longericher Straße 153, Bilderstöckchen, 50739 Köln, Deutschland",https://www.openstreetmap.org/?mlat=50.974277&mlon=6.930676#map=18/50.974277/6.930676,osm_hausnummer 153–115,50.97363,6.931796,107,41,Bilderstöckchen,Bilderstöckchen,,https://www.openstreetmap.org/?mlat=50.973630&mlon=6.931796#map=18/50.973630/6.931796,
S-02,0137,Heimersdorf,Nettesheimerstr.Hs.Nr.76a-173,in Fahrtrichtung Chorweiler Zubr.,hausnummer,51.015601,6.900934,"Nettesheimer Straße 76a, Heimersdorf, 50767 Köln, Deutschland",https://www.openstreetmap.org/?mlat=51.015601&mlon=6.900934#map=18/51.015601/6.900934,osm_strasse (±430 m),51.017245,6.898989,228,0,Heimersdorf,Heimersdorf,,https://www.openstreetmap.org/?mlat=51.017245&mlon=6.898989#map=18/51.017245/6.898989,
S-02,0147,Dünnwald,Prämonstratenserstr. Haus 78,in FR. Dünnwalder Kommunalweg,hausnummer,51.000051,7.030568,"Prämonstratenserstraße 78, Dünnwald, 51069 Köln, Deutschland",https://www.openstreetmap.org/?mlat=51.000051&mlon=7.030568#map=18/51.000051/7.030568,osm_hausnummer 78,51.000051,7.030568,0,25,Dünnwald,Dünnwald,,https://www.openstreetmap.org/?mlat=51.000051&mlon=7.030568#map=18/51.000051/7.030568,
S-02,0149,Niehl,Nesselrodestr. Haus Nr. 18-20,in Fahrtrichtung Amsterdamer Straße,hausnummer,50.976775,6.962845,"Nesselrodestraße 18, Niehl, 50735 Köln, Deutschland",https://www.openstreetmap.org/?mlat=50.976775&mlon=6.962845#map=18/50.976775/6.962845,osm_hausnummer 18–20,50.976801,6.96318,24,27,Niehl,Niehl,,https://www.openstreetmap.org/?mlat=50.976801&mlon=6.963180#map=18/50.976801/6.963180,
S-02,0150,Dellbrück,Berg. Gladbacher Str.837-791,in Fahrtrichtung stadteinwärts,strasse,50.978037,7.061898,"Zollkriminalamt Moorslede, Bergisch Gladbacher Straße 837, Dellbrück, 51069 Köln, Deutschland",https://www.openstreetmap.org/?mlat=50.978037&mlon=7.061898#map=18/50.978037/7.061898,osm_hausnummer 837–791,50.976489,7.061029,183,236,Dellbrück,Dellbrück,genauigkeit=strasse; 183 m von OSM-Hausnummer; 236 m neben der Straße,https://www.openstreetmap.org/?mlat=50.976489&mlon=7.061029#map=18/50.976489/7.061029,"50.976489,7.061029 · OSM-Abgleich: Geocoder-Punkt 183 m von der OSM-Adresse entfernt; ersetzt durch OSM-Adresse Nr. 837–791"
S-02,0151,Dellbrück,Berg. Gladbacher Str.858-900,in Fahrtrichtung stadtauswärts,hausnummer,50.975715,7.062781,"Bergisch Gladbacher Straße 858, Dellbrück, 51069 Köln, Deutschland",https://www.openstreetmap.org/?mlat=50.975715&mlon=7.062781#map=18/50.975715/7.062781,osm_hausnummer 858,50.975715,7.062781,0,19,Dellbrück,Dellbrück,,https://www.openstreetmap.org/?mlat=50.975715&mlon=7.062781#map=18/50.975715/7.062781,
S-02,0155,Junkersdorf,Dürener Str. Haus-Nr. 422-420,in Fahrtrichtung stadteinwärts,hausnummer,50.92222,6.867571,"Dürener Straße 422, Junkersdorf, 50858 Köln, Deutschland",https://www.openstreetmap.org/?mlat=50.922220&mlon=6.867571#map=18/50.922220/6.867571,osm_hausnummer 422–420,50.922229,6.867705,9,29,Junkersdorf,Junkersdorf,,https://www.openstreetmap.org/?mlat=50.922229&mlon=6.867705#map=18/50.922229/6.867705,
S-02,0156,Buchheim,Frankfurter Str. Laterne 81-89,in Fahrtrichtung Mülheim,strasse,50.950336,7.017718,"Frankfurter Straße, Buchheim, 51065 Köln, Deutschland",https://www.openstreetmap.org/?mlat=50.950336&mlon=7.017718#map=18/50.950336/7.017718,osm_strasse (±650 m),50.952352,7.014964,296,0,Buchheim,Buchheim,genauigkeit=strasse,https://www.openstreetmap.org/?mlat=50.952352&mlon=7.014964#map=18/50.952352/7.014964,
S-02,0161,Höhenhaus,Imbacher Weg Hs.Nr.22-10,in Fahrtrichtung Lippeweg,hausnummer,50.993294,7.041212,"Imbacher Weg 22, Höhenhaus, 51061 Köln, Deutschland",https://www.openstreetmap.org/?mlat=50.993294&mlon=7.041212#map=18/50.993294/7.041212,osm_hausnummer 22–10,50.992886,7.04116,45,14,Höhenhaus,Höhenhaus,,https://www.openstreetmap.org/?mlat=50.992886&mlon=7.041160#map=18/50.992886/7.041160,
S-02,0183,Bickendorf,"Sandweg, ggü. Haus Nr. 27-33",in Fahrtrichtung Erlenweg,hausnummer,50.962714,6.900113,"Sandweg 27, Bickendorf, 50827 Köln, Deutschland",https://www.openstreetmap.org/?mlat=50.962714&mlon=6.900113#map=18/50.962714/6.900113,osm_hausnummer 27–33,50.962806,6.900085,10,18,Bickendorf,Bickendorf,,https://www.openstreetmap.org/?mlat=50.962806&mlon=6.900085#map=18/50.962806/6.900085,
S-02,0185,Ehrenfeld,Piusstr. Hs.Nr. 62-88,in Fahrtrichtung Weinsbergsttr.,hausnummer,50.942899,6.922446,"Piusstraße 62, Ehrenfeld, 50823 Köln, Deutschland",https://www.openstreetmap.org/?mlat=50.942899&mlon=6.922446#map=18/50.942899/6.922446,osm_hausnummer 62–88,50.942244,6.922458,73,22,Ehrenfeld,Ehrenfeld,,https://www.openstreetmap.org/?mlat=50.942244&mlon=6.922458#map=18/50.942244/6.922458,
S-02,0192,Lindweiler,"Marienberger Weg, Laterne 26e",in Fahrtrichtung Unnauer Weg,strasse,51.002953,6.88975,"Marienberger Weg, Lindweiler, 50767 Köln, Deutschland",https://www.openstreetmap.org/?mlat=51.002953&mlon=6.889750#map=18/51.002953/6.889750,osm_strasse (±370 m),51.003126,6.889572,23,0,Lindweiler,Lindweiler,genauigkeit=strasse,https://www.openstreetmap.org/?mlat=51.003126&mlon=6.889572#map=18/51.003126/6.889572,
S-02,0194,Worringen,"An den Kaulen, Haus Nr. 50-60",in Fahrtrichtung Dornstraße,hausnummer,51.067303,6.858017,"An den Kaulen 50, Worringen, 50769 Köln, Deutschland",https://www.openstreetmap.org/?mlat=51.067303&mlon=6.858017#map=18/51.067303/6.858017,osm_hausnummer 50–60,51.067543,6.857897,28,14,Worringen,Worringen,,https://www.openstreetmap.org/?mlat=51.067543&mlon=6.857897#map=18/51.067543/6.857897,
S-02,0195,Worringen,"An den Kaulen, Haus Nr.61-45",in FR. Hackenbroicher Straße,hausnummer,51.068321,6.857025,"An den Kaulen 61, Worringen, 50769 Köln, Deutschland",https://www.openstreetmap.org/?mlat=51.068321&mlon=6.857025#map=18/51.068321/6.857025,osm_hausnummer 61–45,51.067973,6.857198,41,18,Worringen,Worringen,,https://www.openstreetmap.org/?mlat=51.067973&mlon=6.857198#map=18/51.067973/6.857198,
S-02,0196,Bilderstöckchen,"Geldernstr., Haus Nr. 59-63",in Fahrtrichtung Escher Straße,hausnummer,50.964435,6.93974,"Geldernstraße 59, Bilderstöckchen, 50739 Köln, Deutschland",https://www.openstreetmap.org/?mlat=50.964435&mlon=6.939740#map=18/50.964435/6.939740,osm_hausnummer 59–63,50.964569,6.939809,16,31,Bilderstöckchen,Bilderstöckchen,,https://www.openstreetmap.org/?mlat=50.964569&mlon=6.939809#map=18/50.964569/6.939809,
S-02,0197,Bilderstöckchen,"Geldernstr., Haus 53-Lat.44",in Fahrtrichtung Parkgürtel,hausnummer,50.963805,6.939792,"Geldernstraße 53, Bilderstöckchen, 50739 Köln, Deutschland",https://www.openstreetmap.org/?mlat=50.963805&mlon=6.939792#map=18/50.963805/6.939792,osm_hausnummer 53,50.963788,6.939784,2,31,Bilderstöckchen,Bilderstöckchen,,https://www.openstreetmap.org/?mlat=50.963788&mlon=6.939784#map=18/50.963788/6.939784,
S-02,0202,Bocklemünd/Mengenich,"Ollenhauerring, Laterne 55-57",in Fahrtrichtung Gottschalkstraße,strasse,50.975879,6.871199,"Ollenhauerring, 50829 Köln, Deutschland",https://www.openstreetmap.org/?mlat=50.975879&mlon=6.871199#map=18/50.975879/6.871199,osm_strasse (±360 m),50.976611,6.867166,294,53,Bocklemünd/Mengenich,Bocklemünd/Mengenich,genauigkeit=strasse,https://www.openstreetmap.org/?mlat=50.976611&mlon=6.867166#map=18/50.976611/6.867166,
S-02,0203,Bocklemünd/Mengenich,"Ollenhauerring, Laterne 55-57",in Fahrtrichtung Militärringstraße,strasse,50.975879,6.871199,"Ollenhauerring, 50829 Köln, Deutschland",https://www.openstreetmap.org/?mlat=50.975879&mlon=6.871199#map=18/50.975879/6.871199,osm_strasse (±360 m),50.976611,6.867166,294,53,Bocklemünd/Mengenich,Bocklemünd/Mengenich,genauigkeit=strasse,https://www.openstreetmap.org/?mlat=50.976611&mlon=6.867166#map=18/50.976611/6.867166,
S-02,0205,Ehrenfeld,Piusstr. Hs. Nr. 88-62,in Fahrtrichtung Barthelstr.,hausnummer,50.941591,6.922373,"Piusstraße 88, Ehrenfeld, 50823 Köln, Deutschland",https://www.openstreetmap.org/?mlat=50.941591&mlon=6.922373#map=18/50.941591/6.922373,osm_hausnummer 88–62,50.942245,6.922396,73,19,Ehrenfeld,Ehrenfeld,,https://www.openstreetmap.org/?mlat=50.942245&mlon=6.922396#map=18/50.942245/6.922396,
S-02,0208,Neuehrenfeld,Baadenberger Str.Höhe Schule,in Fahrtrichtung Hadersleber Str.,strasse,50.965945,6.919071,"Baadenberger Straße, Neuehrenfeld, 50825 Köln, Deutschland",https://www.openstreetmap.org/?mlat=50.965945&mlon=6.919071#map=18/50.965945/6.919071,osm_strasse (±750 m),50.964194,6.919324,196,0,Neuehrenfeld,Neuehrenfeld,genauigkeit=strasse,https://www.openstreetmap.org/?mlat=50.964194&mlon=6.919324#map=18/50.964194/6.919324,
S-02,0209,Neuehrenfeld,Baadenberger Str.Höhe Schule,in Fahrtrichtung Ossendorfer Str.,strasse,50.965945,6.919071,"Baadenberger Straße, Neuehrenfeld, 50825 Köln, Deutschland",https://www.openstreetmap.org/?mlat=50.965945&mlon=6.919071#map=18/50.965945/6.919071,osm_strasse (±750 m),50.964194,6.919324,196,0,Neuehrenfeld,Neuehrenfeld,genauigkeit=strasse,https://www.openstreetmap.org/?mlat=50.964194&mlon=6.919324#map=18/50.964194/6.919324,
S-02,0215,Poll,Rolshover Kirchweg 68-68c,in Fahrtrichtung Am Grauen Stein,hausnummer,50.923187,6.985926,"Rolshover Kirchweg 68, Poll, 51105 Köln, Deutschland",https://www.openstreetmap.org/?mlat=50.923187&mlon=6.985926#map=18/50.923187/6.985926,osm_hausnummer 68–68c,50.92314,6.986016,8,15,Poll,Poll,,https://www.openstreetmap.org/?mlat=50.923140&mlon=6.986016#map=18/50.923140/6.986016,
S-02,0216,Poll,"Rolshover Kirchweg, Lat.10-12",in Fahrtrichtung Dr.-Simons-Straße,stadtteil,50.912101,6.988889,"Poll, Köln, NW, Deutschland",https://www.openstreetmap.org/?mlat=50.912101&mlon=6.988889#map=18/50.912101/6.988889,osm_strasse (±410 m),50.922449,6.987533,1155,840,Poll,Poll,genauigkeit=stadtteil; 840 m neben der Straße,https://www.openstreetmap.org/?mlat=50.922449&mlon=6.987533#map=18/50.922449/6.987533,"50.922449,6.987533 · OSM-Abgleich: Geocoder fand nur den Stadtteil; ersetzt durch OSM-Straßenmitte im Stadtteil (±410 m)"
S-02,0220,Niehl,"Niehler Kirchweg, Lat. 38-36",in Fahrtrichtung Neusser Straße,stadtteil,50.989829,6.962707,"Niehl, Köln, NW, Deutschland",https://www.openstreetmap.org/?mlat=50.989829&mlon=6.962707#map=18/50.989829/6.962707,osm_strasse (±330 m),50.974333,6.956993,1770,5000,Niehl,Niehl,genauigkeit=stadtteil; 5000 m neben der Straße,https://www.openstreetmap.org/?mlat=50.974333&mlon=6.956993#map=18/50.974333/6.956993,"50.974333,6.956993 · OSM-Abgleich: Geocoder fand nur den Stadtteil; ersetzt durch OSM-Straßenmitte im Stadtteil (±330 m)"
S-02,0223,Hoehenhaus,Honschaftsstraße 312,in Fahrtrichtung Im Weidenbruch,strasse,50.982608,7.033274,"Kath. Grundschule Honschaftsstraße, Honschaftsstraße 312, 51061 Köln, Deutschland",https://www.openstreetmap.org/?mlat=50.982608&mlon=7.033274#map=18/50.982608/7.033274,osm_hausnummer 312,50.98258,7.032937,24,80,Höhenhaus,Höhenhaus,genauigkeit=strasse; 80 m neben der Straße,https://www.openstreetmap.org/?mlat=50.982580&mlon=7.032937#map=18/50.982580/7.032937,"50.982580,7.032937 · OSM-Abgleich: Geocoder-Punkt 80 m neben der Straße; ersetzt durch OSM-Adresse Nr. 312"
S-02,0227,Höhenhaus,Thuleweg ggüb.Hs.Nr.42,in Fahrtrichtung Sigwinstr.,hausnummer,50.982067,7.043174,"Thuleweg 42, Höhenhaus, 51061 Köln, Deutschland",https://www.openstreetmap.org/?mlat=50.982067&mlon=7.043174#map=18/50.982067/7.043174,osm_hausnummer 42,50.982068,7.043173,0,20,Höhenhaus,Höhenhaus,,https://www.openstreetmap.org/?mlat=50.982068&mlon=7.043173#map=18/50.982068/7.043173,
S-02,0230,Sülz,Berrenrather Straße Höhe 488,in Fahrtrichtung stadteinwärts,strasse,50.907679,6.912843,"Gesamtschule Lindenthal, Berrenrather Straße 488, Sülz, 50937 Köln, Deutschland",https://www.openstreetmap.org/?mlat=50.907679&mlon=6.912843#map=18/50.907679/6.912843,osm_hausnummer 488,50.907673,6.912843,1,55,Sülz,Sülz,genauigkeit=strasse,https://www.openstreetmap.org/?mlat=50.907673&mlon=6.912843#map=18/50.907673/6.912843,"50.907673,6.912843 · OSM-Abgleich: Geocoder fand nur die Straße; ersetzt durch OSM-Adresse Nr. 488"
S-02,0231,Sülz,Berrenrather Straße Höhe 488,in Fahrtrichtung stadtauswärts,strasse,50.907679,6.912843,"Gesamtschule Lindenthal, Berrenrather Straße 488, Sülz, 50937 Köln, Deutschland",https://www.openstreetmap.org/?mlat=50.907679&mlon=6.912843#map=18/50.907679/6.912843,osm_hausnummer 488,50.907673,6.912843,1,55,Sülz,Sülz,genauigkeit=strasse,https://www.openstreetmap.org/?mlat=50.907673&mlon=6.912843#map=18/50.907673/6.912843,"50.907673,6.912843 · OSM-Abgleich: Geocoder fand nur die Straße; ersetzt durch OSM-Adresse Nr. 488"
S-02,0252,Rath/Heumar,Lützerathstraße 134 - 128,in Fahrtrichtung Rösrather Straße,hausnummer,50.925932,7.086138,"Lützerathstraße 134, 51107 Köln, Deutschland",https://www.openstreetmap.org/?mlat=50.925932&mlon=7.086138#map=18/50.925932/7.086138,osm_hausnummer 134–128,50.925907,7.085942,14,18,Rath/Heumar,Rath/Heumar,,https://www.openstreetmap.org/?mlat=50.925907&mlon=7.085942#map=18/50.925907/7.085942,
S-02,0259,Longerich,Longericher Str. geg Nr.387,in Fahrtrichtung Lohmüllerstr.,hausnummer,50.992334,6.915558,"Longericher Straße 387, Neu-Longerich, 50739 Köln, Deutschland",https://www.openstreetmap.org/?mlat=50.992334&mlon=6.915558#map=18/50.992334/6.915558,osm_hausnummer 387,50.992327,6.915597,3,15,Longerich,Longerich,,https://www.openstreetmap.org/?mlat=50.992327&mlon=6.915597#map=18/50.992327/6.915597,
S-02,0260,Longerich,Longericher Str.geg Nr.387,in Fahrtrichtung Hansenstr.,hausnummer,50.992334,6.915558,"Longericher Straße 387, Neu-Longerich, 50739 Köln, Deutschland",https://www.openstreetmap.org/?mlat=50.992334&mlon=6.915558#map=18/50.992334/6.915558,osm_hausnummer 387,50.992327,6.915597,3,15,Longerich,Longerich,,https://www.openstreetmap.org/?mlat=50.992327&mlon=6.915597#map=18/50.992327/6.915597,
S-02,0265,Meschenich,Brühler Landstraße 452-468,in Fahrtrichtung stadtauswärts,hausnummer,50.858922,6.92446,"Brühler Landstraße 452, Meschenich, 50997 Köln, Deutschland",https://www.openstreetmap.org/?mlat=50.858922&mlon=6.924460#map=18/50.858922/6.924460,osm_hausnummer 452–468,50.858167,6.923937,92,19,Meschenich,Meschenich,,https://www.openstreetmap.org/?mlat=50.858167&mlon=6.923937#map=18/50.858167/6.923937,
S-02,0266,Meschenich,Brühler Landstraße 509-441,in Fahrtrichtung stadteinwärts,hausnummer,50.854936,6.922097,"Brühler Landstraße 509, Meschenich, 50997 Köln, Deutschland",https://www.openstreetmap.org/?mlat=50.854936&mlon=6.922097#map=18/50.854936/6.922097,osm_hausnummer 509–441,50.857017,6.923607,255,13,Meschenich,Meschenich,255 m von OSM-Hausnummer,https://www.openstreetmap.org/?mlat=50.857017&mlon=6.923607#map=18/50.857017/6.923607,"50.857017,6.923607 · OSM-Abgleich: Geocoder-Punkt 255 m von der OSM-Adresse entfernt; ersetzt durch OSM-Adresse Nr. 509–441"
S-02,0269,Raderthal,Brühler Str.HS.Nr.279,in Fahrtrichtung Militärringstr.,hausnummer,50.897761,6.951857,"Brühler Straße 279, Raderthal, 50968 Köln, Deutschland",https://www.openstreetmap.org/?mlat=50.897761&mlon=6.951857#map=18/50.897761/6.951857,osm_hausnummer 279,50.897743,6.951856,2,14,Raderthal,Raderthal,,https://www.openstreetmap.org/?mlat=50.897743&mlon=6.951856#map=18/50.897743/6.951856,
S-02,0270,Ossendorf,Frohnhofstr. Haus Nr. 72-28,in Fahrtrichtung Margaretastraße,hausnummer,50.967044,6.906836,"Frohnhofstraße 72, Ossendorf, 50827 Köln, Deutschland",https://www.openstreetmap.org/?mlat=50.967044&mlon=6.906836#map=18/50.967044/6.906836,osm_hausnummer 72–28,50.966842,6.908141,94,16,Ossendorf,Ossendorf,,https://www.openstreetmap.org/?mlat=50.966842&mlon=6.908141#map=18/50.966842/6.908141,
S-02,0271,Ossendorf,Frohnhofstr. Haus Nr. 28-58,in Fahrtrichtung Rochusstraße,hausnummer,50.96661,6.909434,"Frohnhofstraße 28, Ossendorf, 50827 Köln, Deutschland",https://www.openstreetmap.org/?mlat=50.966610&mlon=6.909434#map=18/50.966610/6.909434,osm_hausnummer 28–58,50.966747,6.908526,65,12,Ossendorf,Ossendorf,,https://www.openstreetmap.org/?mlat=50.966747&mlon=6.908526#map=18/50.966747/6.908526,
S-02,0280,Mülheim,"Danzierstraße, Höhe der Schule",in Fahrtrichtung Bergischer Ring,strasse,50.958217,6.998063,"Danzierstraße, Mülheim, 51063 Köln, Deutschland",https://www.openstreetmap.org/?mlat=50.958217&mlon=6.998063#map=18/50.958217/6.998063,osm_strasse (±400 m),50.958758,6.999369,110,0,Mülheim,Mülheim,genauigkeit=strasse,https://www.openstreetmap.org/?mlat=50.958758&mlon=6.999369#map=18/50.958758/6.999369,
S-02,0281,Mülheim,"Danzierstraße, Höhe der Schule",in FR. Deutz-Mülheimer-Straße,strasse,50.958217,6.998063,"Danzierstraße, Mülheim, 51063 Köln, Deutschland",https://www.openstreetmap.org/?mlat=50.958217&mlon=6.998063#map=18/50.958217/6.998063,osm_strasse (±400 m),50.958758,6.999369,110,0,Mülheim,Mülheim,genauigkeit=strasse,https://www.openstreetmap.org/?mlat=50.958758&mlon=6.999369#map=18/50.958758/6.999369,
S-02,0294,Riehl,Amsterdamer Straße 103-107,in Fahrtrichtung Zoobrücke,hausnummer,50.966963,6.968481,"Amsterdamer Straße 103, Riehl, 50735 Köln, Deutschland",https://www.openstreetmap.org/?mlat=50.966963&mlon=6.968481#map=18/50.966963/6.968481,osm_hausnummer 103–107,50.96701,6.968272,16,18,Riehl,Riehl,,https://www.openstreetmap.org/?mlat=50.967010&mlon=6.968272#map=18/50.967010/6.968272,
S-02,0296,Godorf,Buchfinkenstraße 11,in Fahrtrichtung Immendorfer Straße,hausnummer,50.849393,6.973297,"Buchfinkenstraße 11, Godorf, 50997 Köln, Deutschland",https://www.openstreetmap.org/?mlat=50.849393&mlon=6.973297#map=18/50.849393/6.973297,osm_hausnummer 11,50.849393,6.973297,0,15,Godorf,Godorf,,https://www.openstreetmap.org/?mlat=50.849393&mlon=6.973297#map=18/50.849393/6.973297,
S-02,0297,Godorf,"Immendorfer Straße, Friedhof",in Fahrtrichtung Buchfinkenstraße,strasse,50.849457,6.97232,"Immendorfer Straße, Godorf, 50997 Köln, Deutschland",https://www.openstreetmap.org/?mlat=50.849457&mlon=6.972320#map=18/50.849457/6.972320,osm_strasse (±350 m),50.850191,6.971315,108,0,Godorf,Godorf,genauigkeit=strasse,https://www.openstreetmap.org/?mlat=50.850191&mlon=6.971315#map=18/50.850191/6.971315,
S-02,0303,Zündorf,Hauptstr. vor Haus-Nr. 41,in Fahrtrichtung Langel,hausnummer,50.894383,6.9937,"Hauptstr. 41, 50996 Köln, Deutschland",https://www.openstreetmap.org/?mlat=50.894383&mlon=6.993700#map=18/50.894383/6.993700,osm_hausnummer 41,50.863331,7.03666,4584,14,Zündorf,Rodenkirchen,"4584 m von OSM-Hausnummer; liegt in Rodenkirchen, nicht in Zündorf",https://www.openstreetmap.org/?mlat=50.863331&mlon=7.036660#map=18/50.863331/7.036660,"50.863331,7.036660 · OSM-Abgleich: Geocoder-Punkt lag in Rodenkirchen, nicht in Zündorf; ersetzt durch OSM-Adresse Nr. 41"
S-02,0304,Zündorf,Schmittgasse 144-120,in Fahrtrichtung Houdainer Straße,hausnummer,50.862082,7.039372,"Schmittgasse 144, Zündorf, 51143 Köln, Deutschland",https://www.openstreetmap.org/?mlat=50.862082&mlon=7.039372#map=18/50.862082/7.039372,osm_hausnummer 144–120,50.862548,7.040126,74,14,Zündorf,Zündorf,,https://www.openstreetmap.org/?mlat=50.862548&mlon=7.040126#map=18/50.862548/7.040126,
S-02,0318,Dellbrück,"Gierather Str., Haus Nr.62-64",in Fahrtrichtung Refrather Straße,hausnummer,50.971643,7.094477,"Gierather Straße 62, Dellbrück, 51069 Köln, Deutschland",https://www.openstreetmap.org/?mlat=50.971643&mlon=7.094477#map=18/50.971643/7.094477,osm_hausnummer 62–64,50.971664,7.094547,5,15,Dellbrück,Dellbrück,,https://www.openstreetmap.org/?mlat=50.971664&mlon=7.094547#map=18/50.971664/7.094547,
S-02,0320,Rondorf,Rondorfer Hauptstraße 97-95,in Fahrtrichtung Giesdorfer Straße,strasse,50.869128,6.955695,"Hazienda, Rondorfer Hauptstraße 97, 50997 Köln, Deutschland",https://www.openstreetmap.org/?mlat=50.869128&mlon=6.955695#map=18/50.869128/6.955695,osm_hausnummer 97–95,50.869209,6.955621,10,26,Rondorf,Rondorf,genauigkeit=strasse,https://www.openstreetmap.org/?mlat=50.869209&mlon=6.955621#map=18/50.869209/6.955621,"50.869209,6.955621 · OSM-Abgleich: Geocoder fand nur die Straße; ersetzt durch OSM-Adresse Nr. 97–95"
S-02,0333,Heimersdorf,"Volkhovener Weg, Laterne 59-57",in Fahrtrichtung Militärringstraße,strasse,51.006571,6.898443,"Volkhovener Weg, Heimersdorf, 50767 Köln, Deutschland",https://www.openstreetmap.org/?mlat=51.006571&mlon=6.898443#map=18/51.006571/6.898443,osm_strasse (±1260 m),51.010322,6.896053,450,0,Heimersdorf,Heimersdorf,genauigkeit=strasse,https://www.openstreetmap.org/?mlat=51.010322&mlon=6.896053#map=18/51.010322/6.896053,", · OSM-Abgleich: Geocoder fand nur die Straße; Straße im Stadtteil zu lang für einen verlässlichen Punkt (±1260 m) → weggelassen"
S-02,0366,Volkhoven/Weiler,"Fühlinger Weg, Höhe Schule",in Fahrtrichtung Weiler Weg,strasse,51.019126,6.884601,"Fühlinger Weg, Volkhoven, 50765 Köln, Deutschland",https://www.openstreetmap.org/?mlat=51.019126&mlon=6.884601#map=18/51.019126/6.884601,osm_strasse (±300 m),51.019103,6.884543,5,0,Volkhoven/Weiler,Volkhoven/Weiler,genauigkeit=strasse,https://www.openstreetmap.org/?mlat=51.019103&mlon=6.884543#map=18/51.019103/6.884543,
S-02,0367,Volkhoven/Weiler,"Fühlinger Weg, Höhe Schule",in Fahrtrichtung Thujaweg,strasse,51.019126,6.884601,"Fühlinger Weg, Volkhoven, 50765 Köln, Deutschland",https://www.openstreetmap.org/?mlat=51.019126&mlon=6.884601#map=18/51.019126/6.884601,osm_strasse (±300 m),51.019103,6.884543,5,0,Volkhoven/Weiler,Volkhoven/Weiler,genauigkeit=strasse,https://www.openstreetmap.org/?mlat=51.019103&mlon=6.884543#map=18/51.019103/6.884543,
S-02,0370,Altstadt-Nord,"Kyotostr., Lat.2 - Gereonswall",in Fahrtrichtung Hansaring,strasse,50.94538,6.947985,"Kyotostraße, Altstadt-Nord, 50670 Köln, Deutschland",https://www.openstreetmap.org/?mlat=50.945380&mlon=6.947985#map=18/50.945380/6.947985,osm_strasse (±150 m),50.945446,6.948395,30,0,Altstadt-Nord,Altstadt-Nord,genauigkeit=strasse,https://www.openstreetmap.org/?mlat=50.945446&mlon=6.948395#map=18/50.945446/6.948395,
S-02,0371,Altstadt-Nord,"Kyotostraße, Lat.7 bis Haus 1",in Fahrtrichtung Victoriastraße,hausnummer,50.945091,6.950043,"Kyotostraße 1, Altstadt-Nord, 50670 Köln, Deutschland",https://www.openstreetmap.org/?mlat=50.945091&mlon=6.950043#map=18/50.945091/6.950043,osm_hausnummer 1,50.945092,6.950043,0,14,Altstadt-Nord,Altstadt-Nord,,https://www.openstreetmap.org/?mlat=50.945092&mlon=6.950043#map=18/50.945092/6.950043,
S-02,0373,Heimersdorf,"Volkhovener Weg, Laterne 59-61",in Fahrtrichtung Fritz-Wacker-Str.,strasse,51.006571,6.898443,"Volkhovener Weg, Heimersdorf, 50767 Köln, Deutschland",https://www.openstreetmap.org/?mlat=51.006571&mlon=6.898443#map=18/51.006571/6.898443,osm_strasse (±1260 m),51.010322,6.896053,450,0,Heimersdorf,Heimersdorf,genauigkeit=strasse,https://www.openstreetmap.org/?mlat=51.010322&mlon=6.896053#map=18/51.010322/6.896053,", · OSM-Abgleich: Geocoder fand nur die Straße; Straße im Stadtteil zu lang für einen verlässlichen Punkt (±1260 m) → weggelassen"
S-02,0381,Lindenthal,"Kitschburger Str., Wildpark",in Fahrtrichtung Dürener Straße,strasse,50.929308,6.901364,"Kitschburger Straße, Lindenthal, 50935 Köln, Deutschland",https://www.openstreetmap.org/?mlat=50.929308&mlon=6.901364#map=18/50.929308/6.901364,osm_strasse (±530 m),50.930556,6.901085,140,0,Lindenthal,Lindenthal,genauigkeit=strasse,https://www.openstreetmap.org/?mlat=50.930556&mlon=6.901085#map=18/50.930556/6.901085,
S-02,0385,Porz,"Urbacher Weg, Laterne 21 - 25",in Fahrtrichtung Kölner Straße,strasse,50.892445,7.05311,"Urbacher Weg, Porz, 51149 Köln, Deutschland",https://www.openstreetmap.org/?mlat=50.892445&mlon=7.053110#map=18/50.892445/7.053110,osm_strasse (±390 m),50.893344,7.051016,178,0,Porz,Porz,genauigkeit=strasse,https://www.openstreetmap.org/?mlat=50.893344&mlon=7.051016#map=18/50.893344/7.051016,
S-02,0386,Neustadt-Süd,"Agrippinaufer, Haus Nr 10",in Fahrtrichtung Bayenthal,hausnummer,50.921131,6.967403,"Agrippinaufer 10, 50678 Köln, Deutschland",https://www.openstreetmap.org/?mlat=50.921131&mlon=6.967403#map=18/50.921131/6.967403,osm_hausnummer 10,50.921131,6.967403,0,20,Neustadt/Süd,Neustadt/Süd,,https://www.openstreetmap.org/?mlat=50.921131&mlon=6.967403#map=18/50.921131/6.967403,
S-02,0392,Ehrenfeld,Venloer Straße 376-436,in Fahrtrichtung stadtauswärts,hausnummer,50.952122,6.914214,"Venloer Straße 376, Ehrenfeld, 50825 Köln, Deutschland",https://www.openstreetmap.org/?mlat=50.952122&mlon=6.914214#map=18/50.952122/6.914214,osm_hausnummer 376–436,50.9529,6.913018,120,23,Ehrenfeld,Ehrenfeld,,https://www.openstreetmap.org/?mlat=50.952900&mlon=6.913018#map=18/50.952900/6.913018,
S-02,0393,Ehrenfeld,Venloer Straße 437-425,in Fahrtrichtung stadteinwärts,hausnummer,50.953713,6.910997,"Venloer Straße 437, Ehrenfeld, 50825 Köln, Deutschland",https://www.openstreetmap.org/?mlat=50.953713&mlon=6.910997#map=18/50.953713/6.910997,osm_hausnummer 437–425,50.952978,6.911998,108,15,Ehrenfeld,Ehrenfeld,,https://www.openstreetmap.org/?mlat=50.952978&mlon=6.911998#map=18/50.952978/6.911998,
S-02,0399,Dünnwald,Leuchterstraße 39-31,in Fahrtrichtung Berliner Straße,hausnummer,50.996836,7.041067,"Leuchterstraße 39, Dünnwald, 51069 Köln, Deutschland",https://www.openstreetmap.org/?mlat=50.996836&mlon=7.041067#map=18/50.996836/7.041067,osm_hausnummer 39–31,50.996802,7.040572,35,22,Dünnwald,Dünnwald,,https://www.openstreetmap.org/?mlat=50.996802&mlon=7.040572#map=18/50.996802/7.040572,
S-02,0400,Zollstock,Vorgebirgstraße 202 - 212,in Fahrtrichtung stadtauswärts,hausnummer,50.907317,6.945216,"Vorgebirgstraße 202, Zollstock, 50969 Köln, Deutschland",https://www.openstreetmap.org/?mlat=50.907317&mlon=6.945216#map=18/50.907317/6.945216,osm_hausnummer 202–212,50.906868,6.945235,50,18,Zollstock,Zollstock,,https://www.openstreetmap.org/?mlat=50.906868&mlon=6.945235#map=18/50.906868/6.945235,
S-02,0402,Godorf,Industriestraße/Bunsenstraße,in Fahrtrichtung Wesseling,strasse,50.84924,6.9791,"Industriestraße / Bunsenstraße, Godorf, 50997 Köln, Deutschland",https://www.openstreetmap.org/?mlat=50.849240&mlon=6.979100#map=18/50.849240/6.979100,nicht_in_osm,,,,,Godorf,Godorf,genauigkeit=strasse,,
S-02,0416,Rath/Heumar,Rather Mauspfad 16-18,in Fahrtrichtung Brück,hausnummer,50.922136,7.097615,"Rather Mauspfad 16, 51107 Köln, Deutschland",https://www.openstreetmap.org/?mlat=50.922136&mlon=7.097615#map=18/50.922136/7.097615,osm_hausnummer 16–18,50.922171,7.097597,4,35,Rath/Heumar,Rath/Heumar,,https://www.openstreetmap.org/?mlat=50.922171&mlon=7.097597#map=18/50.922171/7.097597,
S-02,0422,Buchheim,Berg.Gladbacher Str.Laterne 38,in Fahrtrichtung Holweide,stadtteil,50.961487,7.024001,"Buchheim, Köln, NW, Deutschland",https://www.openstreetmap.org/?mlat=50.961487&mlon=7.024001#map=18/50.961487/7.024001,osm_strasse (±740 m),50.965712,7.026154,494,398,Buchheim,Buchheim,genauigkeit=stadtteil; 398 m neben der Straße,https://www.openstreetmap.org/?mlat=50.965712&mlon=7.026154#map=18/50.965712/7.026154,"50.965712,7.026154 · OSM-Abgleich: Geocoder fand nur den Stadtteil; ersetzt durch OSM-Straßenmitte im Stadtteil (±740 m)"
S-02,0425,Porz,"Humboldtstr., Don-Bosco-Schule",in Fahrtrichtung Siemensstraße,stadtteil,50.885586,7.057892,"Porz, Köln, NW, Deutschland",https://www.openstreetmap.org/?mlat=50.885586&mlon=7.057892#map=18/50.885586/7.057892,osm_strasse (±650 m),50.887813,7.070628,927,1102,Porz,Porz,genauigkeit=stadtteil; 1102 m neben der Straße,https://www.openstreetmap.org/?mlat=50.887813&mlon=7.070628#map=18/50.887813/7.070628,"50.887813,7.070628 · OSM-Abgleich: Geocoder fand nur den Stadtteil; ersetzt durch OSM-Straßenmitte im Stadtteil (±650 m)"
S-02,0426,Porz,"Humboldtstr., Don-Bosco-Schule",in Fahrtrichtung Bonner Straße,stadtteil,50.885586,7.057892,"Porz, Köln, NW, Deutschland",https://www.openstreetmap.org/?mlat=50.885586&mlon=7.057892#map=18/50.885586/7.057892,osm_strasse (±650 m),50.887813,7.070628,927,1102,Porz,Porz,genauigkeit=stadtteil; 1102 m neben der Straße,https://www.openstreetmap.org/?mlat=50.887813&mlon=7.070628#map=18/50.887813/7.070628,"50.887813,7.070628 · OSM-Abgleich: Geocoder fand nur den Stadtteil; ersetzt durch OSM-Straßenmitte im Stadtteil (±650 m)"
S-02,0433,Lind,Frankfurter Str./Linder Kreuz,in Fahrtrichtung Troisdorf,stadtteil,50.84899,7.102453,"Lind, Köln, NW, Deutschland",https://www.openstreetmap.org/?mlat=50.848990&mlon=7.102453#map=18/50.848990/7.102453,osm_strasse (±850 m),50.846329,7.094746,616,616,Lind,Lind,genauigkeit=stadtteil; 616 m neben der Straße,https://www.openstreetmap.org/?mlat=50.846329&mlon=7.094746#map=18/50.846329/7.094746,"50.846329,7.094746 · OSM-Abgleich: Geocoder fand nur den Stadtteil; ersetzt durch OSM-Straßenmitte im Stadtteil (±850 m)"
S-02,0434,Lind,"Frankfurter Straße, BAB-Brücke",in Fahrtrichtung Troisdorf,stadtteil,50.84899,7.102453,"Lind, Köln, NW, Deutschland",https://www.openstreetmap.org/?mlat=50.848990&mlon=7.102453#map=18/50.848990/7.102453,osm_strasse (±850 m),50.846329,7.094746,616,616,Lind,Lind,genauigkeit=stadtteil; 616 m neben der Straße,https://www.openstreetmap.org/?mlat=50.846329&mlon=7.094746#map=18/50.846329/7.094746,"50.846329,7.094746 · OSM-Abgleich: Geocoder fand nur den Stadtteil; ersetzt durch OSM-Straßenmitte im Stadtteil (±850 m)"
S-02,0439,Sülz,Berrenrather Straße 352,in Fahrtrichtung stadteinwärts,hausnummer,50.914879,6.921379,"Berrenrather Straße 352, Sülz, 50937 Köln, Deutschland",https://www.openstreetmap.org/?mlat=50.914879&mlon=6.921379#map=18/50.914879/6.921379,osm_hausnummer 352,50.914881,6.92138,0,15,Sülz,Sülz,,https://www.openstreetmap.org/?mlat=50.914881&mlon=6.921380#map=18/50.914881/6.921380,
S-02,0440,Sülz,Berrenrather Straße 352,in Fahrtrichtung stadtauswärts,hausnummer,50.914879,6.921379,"Berrenrather Straße 352, Sülz, 50937 Köln, Deutschland",https://www.openstreetmap.org/?mlat=50.914879&mlon=6.921379#map=18/50.914879/6.921379,osm_hausnummer 352,50.914881,6.92138,0,15,Sülz,Sülz,,https://www.openstreetmap.org/?mlat=50.914881&mlon=6.921380#map=18/50.914881/6.921380,
S-02,0442,Junkersdorf,"Kölner Weg, Haus Nr. 14-2",in Fahrtrichtung Am Römerhof,hausnummer,50.932207,6.85984,"Junkersdorf, Kölner Weg 14, 50858 Köln, Deutschland",https://www.openstreetmap.org/?mlat=50.932207&mlon=6.859840#map=18/50.932207/6.859840,osm_hausnummer 14–2,50.932231,6.861073,86,22,Junkersdorf,Junkersdorf,,https://www.openstreetmap.org/?mlat=50.932231&mlon=6.861073#map=18/50.932231/6.861073,
S-02,0443,Gremberghoven,"Frankfurter Str., S-Bahnbrücke",in Fahrtrichtung Eil,stadtteil,50.904738,7.054786,"Gremberghoven, Köln, NW, Deutschland",https://www.openstreetmap.org/?mlat=50.904738&mlon=7.054786#map=18/50.904738/7.054786,osm_strasse (±1180 m),50.911877,7.056139,800,456,Gremberghoven,Gremberghoven,genauigkeit=stadtteil; 456 m neben der Straße,https://www.openstreetmap.org/?mlat=50.911877&mlon=7.056139#map=18/50.911877/7.056139,", · OSM-Abgleich: Geocoder fand nur den Stadtteil; Straße im Stadtteil zu lang für einen verlässlichen Punkt (±1180 m) → weggelassen"
S-02,0449,Sürth,Hammerschmidtstraße 60-68,in Fahrtrichtung Am Feldrain,stadtteil,50.862273,7.006773,"Sürth, Köln, NW, Deutschland",https://www.openstreetmap.org/?mlat=50.862273&mlon=7.006773#map=18/50.862273/7.006773,osm_hausnummer 60–68,50.873828,7.019393,1561,5000,Sürth,Sürth,genauigkeit=stadtteil; 1561 m von OSM-Hausnummer; 5000 m neben der Straße,https://www.openstreetmap.org/?mlat=50.873828&mlon=7.019393#map=18/50.873828/7.019393,"50.873828,7.019393 · OSM-Abgleich: Geocoder fand nur den Stadtteil; ersetzt durch OSM-Adresse Nr. 60–68"
S-02,0450,Weiß,Auf dem Klemberg 55-57,in Fahrtrichtung Hammerschmidtstr.,hausnummer,50.875378,7.019961,"Auf dem Klemberg 55, Weiß, 50999 Köln, Deutschland",https://www.openstreetmap.org/?mlat=50.875378&mlon=7.019961#map=18/50.875378/7.019961,osm_hausnummer 55–57,50.875317,7.019856,10,17,Weiß,Weiß,,https://www.openstreetmap.org/?mlat=50.875317&mlon=7.019856#map=18/50.875317/7.019856,
S-02,0453,Finkenberg,"Theodor-Heuss-Str.,Lat.10-20",in Fahrtrichtung Humboldtstraße,stadtteil,50.896079,7.0646,"Finkenberg, Köln, NW, Deutschland",https://www.openstreetmap.org/?mlat=50.896079&mlon=7.064600#map=18/50.896079/7.064600,osm_strasse (±540 m),50.896919,7.063394,126,88,Finkenberg,Finkenberg,genauigkeit=stadtteil; 88 m neben der Straße,https://www.openstreetmap.org/?mlat=50.896919&mlon=7.063394#map=18/50.896919/7.063394,"50.896919,7.063394 · OSM-Abgleich: Geocoder fand nur den Stadtteil; ersetzt durch OSM-Straßenmitte im Stadtteil (±540 m)"
S-02,0454,Finkenberg,Theodor-Heuss-Straße vor Kita,in Fahrtrichtung Steinstraße,stadtteil,50.896079,7.0646,"Finkenberg, Köln, NW, Deutschland",https://www.openstreetmap.org/?mlat=50.896079&mlon=7.064600#map=18/50.896079/7.064600,osm_strasse (±540 m),50.896919,7.063394,126,88,Finkenberg,Finkenberg,genauigkeit=stadtteil; 88 m neben der Straße,https://www.openstreetmap.org/?mlat=50.896919&mlon=7.063394#map=18/50.896919/7.063394,"50.896919,7.063394 · OSM-Abgleich: Geocoder fand nur den Stadtteil; ersetzt durch OSM-Straßenmitte im Stadtteil (±540 m)"
S-02,0456,Eil,"Bensbergerstr. L489 0,24-0,290",in Fahrtrichtung Rösrather Straße,strasse,50.911339,7.102074,"Bensberger Straße, Eil, 51147 Köln, Deutschland",https://www.openstreetmap.org/?mlat=50.911339&mlon=7.102074#map=18/50.911339/7.102074,osm_strasse (±640 m),50.913699,7.105218,343,0,Eil,Eil,genauigkeit=strasse,https://www.openstreetmap.org/?mlat=50.913699&mlon=7.105218#map=18/50.913699/7.105218,
S-02,0457,Eil,Bensberger Straße BAB-Brücke,in Fahrtrichtung Rösrather Straße,strasse,50.911339,7.102074,"Bensberger Straße, Eil, 51147 Köln, Deutschland",https://www.openstreetmap.org/?mlat=50.911339&mlon=7.102074#map=18/50.911339/7.102074,osm_strasse (±640 m),50.913699,7.105218,343,0,Eil,Eil,genauigkeit=strasse,https://www.openstreetmap.org/?mlat=50.913699&mlon=7.105218#map=18/50.913699/7.105218,
S-02,0458,Eil,Bensberger Straße BAB-Brücke,in Fahrtrichtung Grengel,strasse,50.911339,7.102074,"Bensberger Straße, Eil, 51147 Köln, Deutschland",https://www.openstreetmap.org/?mlat=50.911339&mlon=7.102074#map=18/50.911339/7.102074,osm_strasse (±640 m),50.913699,7.105218,343,0,Eil,Eil,genauigkeit=strasse,https://www.openstreetmap.org/?mlat=50.913699&mlon=7.105218#map=18/50.913699/7.105218,
S-02,0459,Eil,"Bensbergerstr.L 489 0,29-0,240",in Fahrtrichtung Grengel,strasse,50.911339,7.102074,"Bensberger Straße, Eil, 51147 Köln, Deutschland",https://www.openstreetmap.org/?mlat=50.911339&mlon=7.102074#map=18/50.911339/7.102074,osm_strasse (±640 m),50.913699,7.105218,343,0,Eil,Eil,genauigkeit=strasse,https://www.openstreetmap.org/?mlat=50.913699&mlon=7.105218#map=18/50.913699/7.105218,
S-02,0460,Vingst,Vingster Ring Höhe Hövilandweg,in Fahrtrichtung Ostheimer Str.,strasse,50.928669,7.026582,"Vingster Ring, 51107 Köln, Deutschland",https://www.openstreetmap.org/?mlat=50.928669&mlon=7.026582#map=18/50.928669/7.026582,osm_kreuzung Hövilandweg,50.929316,7.027367,91,0,Vingst,Vingst,genauigkeit=strasse,https://www.openstreetmap.org/?mlat=50.929316&mlon=7.027367#map=18/50.929316/7.027367,"50.929316,7.027367 · OSM-Abgleich: Geocoder fand nur die Straße; ersetzt durch OSM-Kreuzung mit Hövilandweg"
S-02,0467,Weiß,"Heinrichstraße, Haus Nr. 31-35",in Fahrtrichtung Weißer Hauptstraße,hausnummer,50.873175,7.025618,"Heinrichstraße 31, Weiß, 50999 Köln, Deutschland",https://www.openstreetmap.org/?mlat=50.873175&mlon=7.025618#map=18/50.873175/7.025618,osm_hausnummer 31–35,50.873062,7.025414,19,16,Weiß,Weiß,,https://www.openstreetmap.org/?mlat=50.873062&mlon=7.025414#map=18/50.873062/7.025414,
S-02,0496,Weidenpesch,"Schmiedegasse, Laterne 28-22",in Fahrtrichtung Neusser Straße,strasse,50.978408,6.940392,"Schmiedegasse, Weidenpesch, 50735 Köln, Deutschland",https://www.openstreetmap.org/?mlat=50.978408&mlon=6.940392#map=18/50.978408/6.940392,osm_strasse (±770 m),50.979496,6.944272,298,0,Weidenpesch,Weidenpesch,genauigkeit=strasse,https://www.openstreetmap.org/?mlat=50.979496&mlon=6.944272#map=18/50.979496/6.944272,
S-02,0497,Weidenpesch,"Schmiedegasse, Laterne 14-24",in Fahrtrichtung Etzelstraße,strasse,50.978408,6.940392,"Schmiedegasse, Weidenpesch, 50735 Köln, Deutschland",https://www.openstreetmap.org/?mlat=50.978408&mlon=6.940392#map=18/50.978408/6.940392,osm_strasse (±770 m),50.979496,6.944272,298,0,Weidenpesch,Weidenpesch,genauigkeit=strasse,https://www.openstreetmap.org/?mlat=50.979496&mlon=6.944272#map=18/50.979496/6.944272,
S-02,0498,Weidenpesch,Neusser Straße 604-620,in Fahrtrichtung stadtauswärts,hausnummer,50.982484,6.947996,"Neusser Straße 604a, Weidenpesch, 50737 Köln, Deutschland",https://www.openstreetmap.org/?mlat=50.982484&mlon=6.947996#map=18/50.982484/6.947996,osm_strasse (±1260 m),50.982393,6.947794,17,15,Weidenpesch,Weidenpesch,,https://www.openstreetmap.org/?mlat=50.982393&mlon=6.947794#map=18/50.982393/6.947794,
S-02,0499,Weidenpesch,Neusser Straße 613-589,in Fahrtrichtung stadteinwärts,hausnummer,50.983066,6.947456,"Neusser Straße 613, Weidenpesch, 50737 Köln, Deutschland",https://www.openstreetmap.org/?mlat=50.983066&mlon=6.947456#map=18/50.983066/6.947456,osm_hausnummer 613–589,50.982645,6.947586,48,19,Weidenpesch,Weidenpesch,,https://www.openstreetmap.org/?mlat=50.982645&mlon=6.947586#map=18/50.982645/6.947586,
S-02,0507,Mülheim,Berg. Gladbacher Str.Lat.11-9,in Fahrtrichtung stadteinwärts,stadtteil,50.965903,7.0078,"Mülheim, Köln, NW, Deutschland",https://www.openstreetmap.org/?mlat=50.965903&mlon=7.007800#map=18/50.965903/7.007800,osm_strasse (±690 m),50.96285,7.012227,460,258,Mülheim,Mülheim,genauigkeit=stadtteil; 258 m neben der Straße,https://www.openstreetmap.org/?mlat=50.962850&mlon=7.012227#map=18/50.962850/7.012227,"50.962850,7.012227 · OSM-Abgleich: Geocoder fand nur den Stadtteil; ersetzt durch OSM-Straßenmitte im Stadtteil (±690 m)"
S-02,0508,Holweide,Piccoloministraße 326-328,in Fahrtrichtung stadtauswärts,hausnummer,50.971572,7.040516,"Piccoloministraße 326, Holweide, 51067 Köln, Deutschland",https://www.openstreetmap.org/?mlat=50.971572&mlon=7.040516#map=18/50.971572/7.040516,osm_hausnummer 326–328,50.971574,7.040572,4,17,Holweide,Holweide,,https://www.openstreetmap.org/?mlat=50.971574&mlon=7.040572#map=18/50.971574/7.040572,
S-02,0509,Holweide,Piccoloministraße 344-352,in Fahrtrichtung stadtauswärts,hausnummer,50.971622,7.041897,"Piccoloministraße 344, Holweide, 51067 Köln, Deutschland",https://www.openstreetmap.org/?mlat=50.971622&mlon=7.041897#map=18/50.971622/7.041897,osm_hausnummer 344–352,50.971634,7.042218,23,17,Holweide,Holweide,,https://www.openstreetmap.org/?mlat=50.971634&mlon=7.042218#map=18/50.971634/7.042218,
S-02,0510,Holweide,Piccoloministraße 376-374,in Fahrtrichtung stadteinwärts,hausnummer,50.971827,7.04437,"Piccoloministraße 376, Holweide, 51067 Köln, Deutschland",https://www.openstreetmap.org/?mlat=50.971827&mlon=7.044370#map=18/50.971827/7.044370,osm_hausnummer 376–374,50.971807,7.044324,4,16,Holweide,Holweide,,https://www.openstreetmap.org/?mlat=50.971807&mlon=7.044324#map=18/50.971807/7.044324,
S-02,0513,Ensen,Kölner Straße 162-178,in Fahrtrichtung Westhoven,hausnummer,50.900087,7.030701,"Ensen, Kölner Straße 162, 51149 Köln, Deutschland",https://www.openstreetmap.org/?mlat=50.900087&mlon=7.030701#map=18/50.900087/7.030701,osm_hausnummer 162–178,50.900365,7.03025,44,17,Ensen,Ensen,,https://www.openstreetmap.org/?mlat=50.900365&mlon=7.030250#map=18/50.900365/7.030250,
S-02,0514,Ensen,Kölner Straße 189-185,in Fahrtrichtung Porz,hausnummer,50.900957,7.028226,"Ensen, Kölner Straße 189, 51149 Köln, Deutschland",https://www.openstreetmap.org/?mlat=50.900957&mlon=7.028226#map=18/50.900957/7.028226,osm_hausnummer 189–185,50.900886,7.028405,15,18,Ensen,Ensen,,https://www.openstreetmap.org/?mlat=50.900886&mlon=7.028405#map=18/50.900886/7.028405,
S-02,0517,Nippes,"Escher Straße, Haus Nr. 17a-21",in Fahrtrichtung Liebigstraße,hausnummer,50.955839,6.94379,"Escher Straße 17a, Nippes, 50733 Köln, Deutschland",https://www.openstreetmap.org/?mlat=50.955839&mlon=6.943790#map=18/50.955839/6.943790,osm_hausnummer 17a–21,50.955912,6.943599,16,17,Nippes,Nippes,,https://www.openstreetmap.org/?mlat=50.955912&mlon=6.943599#map=18/50.955912/6.943599,
S-02,0519,Rath/Heumar,Lützerathstraße 158,in Fahrtrichtung Rather Mauspfad,hausnummer,50.926339,7.088269,"Lützerathstraße 158, 51107 Köln, Deutschland",https://www.openstreetmap.org/?mlat=50.926339&mlon=7.088269#map=18/50.926339/7.088269,osm_hausnummer 158,50.926339,7.088269,0,22,Rath/Heumar,Rath/Heumar,,https://www.openstreetmap.org/?mlat=50.926339&mlon=7.088269#map=18/50.926339/7.088269,
S-02,0529,Wahnheide,"Guntherstraße, Haus Nr. 30-78",in Fahrtrichtung Heidestraße,stadtteil,50.859911,7.103522,"Wahnheide, Köln, NW, Deutschland",https://www.openstreetmap.org/?mlat=50.859911&mlon=7.103522#map=18/50.859911/7.103522,osm_hausnummer 30–78,50.856301,7.10131,430,156,Wahnheide,Wahnheide,genauigkeit=stadtteil; 430 m von OSM-Hausnummer; 156 m neben der Straße,https://www.openstreetmap.org/?mlat=50.856301&mlon=7.101310#map=18/50.856301/7.101310,"50.856301,7.101310 · OSM-Abgleich: Geocoder fand nur den Stadtteil; ersetzt durch OSM-Adresse Nr. 30–78"
S-02,0533,Ossendorf,"Rochusstraße, Laterne 31B-23",in Fahrtrichtung Subbelrather Str.,stadtteil,50.966872,6.905747,"Ossendorf, Köln, NW, Deutschland",https://www.openstreetmap.org/?mlat=50.966872&mlon=6.905747#map=18/50.966872/6.905747,osm_strasse (±1050 m),50.971092,6.904984,472,16,Ossendorf,Ossendorf,genauigkeit=stadtteil,https://www.openstreetmap.org/?mlat=50.971092&mlon=6.904984#map=18/50.971092/6.904984,", · OSM-Abgleich: Geocoder fand nur den Stadtteil; Straße im Stadtteil zu lang für einen verlässlichen Punkt (±1050 m) → weggelassen"
S-02,0534,Ossendorf,"Rochusstraße, Laterne 27-31B",in Fahrtrichtung Frohnhofstraße,stadtteil,50.966872,6.905747,"Ossendorf, Köln, NW, Deutschland",https://www.openstreetmap.org/?mlat=50.966872&mlon=6.905747#map=18/50.966872/6.905747,osm_strasse (±1050 m),50.971092,6.904984,472,16,Ossendorf,Ossendorf,genauigkeit=stadtteil,https://www.openstreetmap.org/?mlat=50.971092&mlon=6.904984#map=18/50.971092/6.904984,", · OSM-Abgleich: Geocoder fand nur den Stadtteil; Straße im Stadtteil zu lang für einen verlässlichen Punkt (±1050 m) → weggelassen"
S-02,0541,Buchforst,"Kalk-Mülheimer Str., Lat.61-69",in Fahrtrichtung Heidelberger Str.,stadtteil,50.950562,7.005472,"Buchforst, Köln, NW, Deutschland",https://www.openstreetmap.org/?mlat=50.950562&mlon=7.005472#map=18/50.950562/7.005472,osm_strasse (±560 m),50.950816,7.001292,295,293,Buchforst,Buchforst,genauigkeit=stadtteil; 293 m neben der Straße,https://www.openstreetmap.org/?mlat=50.950816&mlon=7.001292#map=18/50.950816/7.001292,"50.950816,7.001292 · OSM-Abgleich: Geocoder fand nur den Stadtteil; ersetzt durch OSM-Straßenmitte im Stadtteil (±560 m)"
S-02,0542,Buchforst,"Kalk-Mülheimer Str., Lat.67-59",in Fahrtrichtung Autobahnbrücke,stadtteil,50.950562,7.005472,"Buchforst, Köln, NW, Deutschland",https://www.openstreetmap.org/?mlat=50.950562&mlon=7.005472#map=18/50.950562/7.005472,osm_strasse (±560 m),50.950816,7.001292,295,293,Buchforst,Buchforst,genauigkeit=stadtteil; 293 m neben der Straße,https://www.openstreetmap.org/?mlat=50.950816&mlon=7.001292#map=18/50.950816/7.001292,"50.950816,7.001292 · OSM-Abgleich: Geocoder fand nur den Stadtteil; ersetzt durch OSM-Straßenmitte im Stadtteil (±560 m)"
S-02,0543,Nippes,"Escher Straße, Haus Nr. 17-15",in Fahrtrichtung Innere Kanalstraße,stadtteil,50.964094,6.953936,"Nippes, Köln, NW, Deutschland",https://www.openstreetmap.org/?mlat=50.964094&mlon=6.953936#map=18/50.964094/6.953936,osm_hausnummer 17–15,50.955745,6.943955,1163,1107,Nippes,Nippes,genauigkeit=stadtteil; 1163 m von OSM-Hausnummer; 1107 m neben der Straße,https://www.openstreetmap.org/?mlat=50.955745&mlon=6.943955#map=18/50.955745/6.943955,"50.955745,6.943955 · OSM-Abgleich: Geocoder fand nur den Stadtteil; ersetzt durch OSM-Adresse Nr. 17–15"
S-02,0544,Porz,"Josefstraße, Haus Nr. 26-44",in Fahrtrichtung Bergerstraße,hausnummer,50.887155,7.058129,"Josefstr. 26, 51143 Köln, Deutschland",https://www.openstreetmap.org/?mlat=50.887155&mlon=7.058129#map=18/50.887155/7.058129,osm_hausnummer 26–44,50.887591,7.057947,50,19,Porz,Porz,,https://www.openstreetmap.org/?mlat=50.887591&mlon=7.057947#map=18/50.887591/7.057947,
S-02,0545,Porz,"Josefstraße, Haus Nr. 38",in Fahrtrichtung Karlstraße,strasse,50.887683,7.057994,"Katholische Kindertagesstätte St. Josef, Josefstraße 38, Porz, 51143 Köln, Deutschland",https://www.openstreetmap.org/?mlat=50.887683&mlon=7.057994#map=18/50.887683/7.057994,osm_hausnummer 38,50.887691,7.057984,1,22,Porz,Porz,genauigkeit=strasse,https://www.openstreetmap.org/?mlat=50.887691&mlon=7.057984#map=18/50.887691/7.057984,"50.887691,7.057984 · OSM-Abgleich: Geocoder fand nur die Straße; ersetzt durch OSM-Adresse Nr. 38"
S-02,0548,Eil,"Frankfurter Str., Lat.419-411",in Fahrtrichtung Gremberghoven,stadtteil,50.895408,7.078521,"Eil, Köln, NW, Deutschland",https://www.openstreetmap.org/?mlat=50.895408&mlon=7.078521#map=18/50.895408/7.078521,osm_strasse (±1470 m),50.897409,7.077248,240,22,Eil,Eil,genauigkeit=stadtteil,https://www.openstreetmap.org/?mlat=50.897409&mlon=7.077248#map=18/50.897409/7.077248,", · OSM-Abgleich: Geocoder fand nur den Stadtteil; Straße im Stadtteil zu lang für einen verlässlichen Punkt (±1470 m) → weggelassen"
S-02,0550,Neustadt-Nord,"Venloer Wall, Laterne 25-9",in Fahrtrichtung Venloer Straße,strasse,50.945474,6.934942,"Venloer Wall, 50672 Köln, Deutschland",https://www.openstreetmap.org/?mlat=50.945474&mlon=6.934942#map=18/50.945474/6.934942,osm_strasse (±260 m),50.945161,6.934703,39,0,Neustadt/Nord,Neustadt/Nord,genauigkeit=strasse,https://www.openstreetmap.org/?mlat=50.945161&mlon=6.934703#map=18/50.945161/6.934703,
S-02,0551,Lindenthal,Aachener Straße 327-285,in Fahrtrichtung stadteinwärts,hausnummer,50.93663,6.913216,"Aachener Straße 327, Lindenthal, 50931 Köln, Deutschland",https://www.openstreetmap.org/?mlat=50.936630&mlon=6.913216#map=18/50.936630/6.913216,osm_hausnummer 327–285,50.93658,6.915071,130,16,Lindenthal,Lindenthal,,https://www.openstreetmap.org/?mlat=50.936580&mlon=6.915071#map=18/50.936580/6.915071,
S-02,0552,Buchheim,"Frankfurter Straße, Lat. 78-86",in Fahrtrichtung Höhenberg,strasse,50.950336,7.017718,"Frankfurter Straße, Buchheim, 51065 Köln, Deutschland",https://www.openstreetmap.org/?mlat=50.950336&mlon=7.017718#map=18/50.950336/7.017718,osm_strasse (±650 m),50.952352,7.014964,296,0,Buchheim,Buchheim,genauigkeit=strasse,https://www.openstreetmap.org/?mlat=50.952352&mlon=7.014964#map=18/50.952352/7.014964,
S-02,0555,Höhenberg,Frankfurter Straße 274-304,in Fahrtrichtung Ostheim,hausnummer,50.947863,7.020443,"Frankfurter Straße 274, Höhenberg, 51103 Köln, Deutschland",https://www.openstreetmap.org/?mlat=50.947863&mlon=7.020443#map=18/50.947863/7.020443,osm_hausnummer 274–304,50.947136,7.021465,108,16,Höhenberg,Höhenberg,,https://www.openstreetmap.org/?mlat=50.947136&mlon=7.021465#map=18/50.947136/7.021465,
S-02,0556,Höhenberg,"Frankfurter Straße, Friedhof",in Fahrtrichtung Buchheim,stadtteil,50.941003,7.026215,"Höhenberg, Köln, NW, Deutschland",https://www.openstreetmap.org/?mlat=50.941003&mlon=7.026215#map=18/50.941003/7.026215,osm_strasse (±910 m),50.943736,7.026579,305,212,Höhenberg,Höhenberg,genauigkeit=stadtteil; 212 m neben der Straße,https://www.openstreetmap.org/?mlat=50.943736&mlon=7.026579#map=18/50.943736/7.026579,"50.943736,7.026579 · OSM-Abgleich: Geocoder fand nur den Stadtteil; ersetzt durch OSM-Straßenmitte im Stadtteil (±910 m)"
S-02,0559,Ostheim,"Frankfurter Str., Lat.205-215",in Fahrtrichtung Porz,stadtteil,50.931393,7.045736,"Ostheim, Köln, NW, Deutschland",https://www.openstreetmap.org/?mlat=50.931393&mlon=7.045736#map=18/50.931393/7.045736,osm_strasse (±1330 m),50.92921,7.041297,395,389,Ostheim,Ostheim,genauigkeit=stadtteil; 389 m neben der Straße,https://www.openstreetmap.org/?mlat=50.929210&mlon=7.041297#map=18/50.929210/7.041297,", · OSM-Abgleich: Geocoder fand nur den Stadtteil; Straße im Stadtteil zu lang für einen verlässlichen Punkt (±1330 m) → weggelassen"
S-02,0560,Ostheim,"Frankfurter Str., Lat.237-205",in Fahrtrichtung Höhenberg,stadtteil,50.931393,7.045736,"Ostheim, Köln, NW, Deutschland",https://www.openstreetmap.org/?mlat=50.931393&mlon=7.045736#map=18/50.931393/7.045736,osm_strasse (±1330 m),50.92921,7.041297,395,389,Ostheim,Ostheim,genauigkeit=stadtteil; 389 m neben der Straße,https://www.openstreetmap.org/?mlat=50.929210&mlon=7.041297#map=18/50.929210/7.041297,", · OSM-Abgleich: Geocoder fand nur den Stadtteil; Straße im Stadtteil zu lang für einen verlässlichen Punkt (±1330 m) → weggelassen"
S-02,0565,Dellbrück,"Gierather Straße, Haus Nr. 42",in Fahrtrichtung Refrather Straße,hausnummer,50.971252,7.093267,"Gierather Straße 42, Dellbrück, 51069 Köln, Deutschland",https://www.openstreetmap.org/?mlat=50.971252&mlon=7.093267#map=18/50.971252/7.093267,osm_hausnummer 42,50.971252,7.093265,0,18,Dellbrück,Dellbrück,,https://www.openstreetmap.org/?mlat=50.971252&mlon=7.093265#map=18/50.971252/7.093265,
S-02,0576,Neustadt-Nord,Theodor-Heuss-Ring 12-52,in FR. Konrad-Adenauer-Ufer,hausnummer,50.949922,6.959979,"Theodor-Heuss-Ring 12, 50668 Köln, Deutschland",https://www.openstreetmap.org/?mlat=50.949922&mlon=6.959979#map=18/50.949922/6.959979,osm_hausnummer 12–52,50.949829,6.962231,158,21,Neustadt/Nord,Neustadt/Nord,158 m von OSM-Hausnummer,https://www.openstreetmap.org/?mlat=50.949829&mlon=6.962231#map=18/50.949829/6.962231,"50.949829,6.962231 · OSM-Abgleich: Geocoder-Punkt 158 m von der OSM-Adresse entfernt; ersetzt durch OSM-Adresse Nr. 12–52"
S-02,0577,Sülz,Luxemburger Straße 195-189,in Fahrtrichtung stadteinwärts,hausnummer,50.91916,6.931501,"Luxemburger Straße 195, Sülz, 50939 Köln, Deutschland",https://www.openstreetmap.org/?mlat=50.919160&mlon=6.931501#map=18/50.919160/6.931501,osm_hausnummer 195–189,50.919326,6.931695,23,14,Sülz,Sülz,,https://www.openstreetmap.org/?mlat=50.919326&mlon=6.931695#map=18/50.919326/6.931695,
S-02,0578,Sülz,Luxemburger Straße 120-136,in Fahrtrichtung stadtauswärts,hausnummer,50.922335,6.933934,"Luxemburger Straße 120, Sülz, 50939 Köln, Deutschland",https://www.openstreetmap.org/?mlat=50.922335&mlon=6.933934#map=18/50.922335/6.933934,osm_hausnummer 120–136,50.922126,6.93373,27,15,Sülz,Sülz,,https://www.openstreetmap.org/?mlat=50.922126&mlon=6.933730#map=18/50.922126/6.933730,
S-02,0582,Klettenberg,LuxemburgerStr.Klettenbergpark,in Fahrtrichtung stadteinwärts,strasse,50.908149,6.919565,"Klettenbergpark, 50939 Köln, Deutschland",https://www.openstreetmap.org/?mlat=50.908149&mlon=6.919565#map=18/50.908149/6.919565,nicht_in_osm,,,,,Klettenberg,Klettenberg,genauigkeit=strasse,,
S-02,0583,Klettenberg,Luxemburger Straße 308-346,in Fahrtrichtung stadtauswärts,hausnummer,50.911646,6.922822,"Luxemburger Straße 308, Klettenberg, 50937 Köln, Deutschland",https://www.openstreetmap.org/?mlat=50.911646&mlon=6.922822#map=18/50.911646/6.922822,osm_hausnummer 308–346,50.910353,6.921415,174,13,Klettenberg,Klettenberg,174 m von OSM-Hausnummer,https://www.openstreetmap.org/?mlat=50.910353&mlon=6.921415#map=18/50.910353/6.921415,"50.910353,6.921415 · OSM-Abgleich: Geocoder-Punkt 174 m von der OSM-Adresse entfernt; ersetzt durch OSM-Adresse Nr. 308–346"
S-02,0584,Mülheim,Deutz-Mülheimer Str. 260-288,in Fahrtrichtung Mülheimer Brücke,hausnummer,50.957932,6.994838,"Deutz-Mülheimer Straße 260, 51063 Köln, Deutschland",https://www.openstreetmap.org/?mlat=50.957932&mlon=6.994838#map=18/50.957932/6.994838,osm_hausnummer 260–288,50.958657,6.995496,93,14,Mülheim,Mülheim,,https://www.openstreetmap.org/?mlat=50.958657&mlon=6.995496#map=18/50.958657/6.995496,
S-02,0587,Mülheim,Deutz-Mülheimer Str. 284-260,in Fahrtrichtung Deutz,hausnummer,50.959194,6.995912,"Deutz-Mülheimer Straße 284, 51063 Köln, Deutschland",https://www.openstreetmap.org/?mlat=50.959194&mlon=6.995912#map=18/50.959194/6.995912,osm_hausnummer 284–260,50.95856,6.995375,80,13,Mülheim,Mülheim,,https://www.openstreetmap.org/?mlat=50.958560&mlon=6.995375#map=18/50.958560/6.995375,
S-02,0588,Weiden,"Frechener Weg, Haus Nr. 69-57",in Fahrtrichtung Aachener Straße,hausnummer,50.93334,6.826076,"Frechener Weg 69, Weiden, 50859 Köln, Deutschland",https://www.openstreetmap.org/?mlat=50.933340&mlon=6.826076#map=18/50.933340/6.826076,osm_hausnummer 69–57,50.933585,6.826313,32,18,Weiden,Weiden,,https://www.openstreetmap.org/?mlat=50.933585&mlon=6.826313#map=18/50.933585/6.826313,
S-02,0590,Weiden,"Ostlandstraße, Haus Nr. 74-104",in Fahrtrichtung Frechener Weg,hausnummer,50.93597,6.831016,"Ostlandstraße 74, Weiden, 50859 Köln, Deutschland",https://www.openstreetmap.org/?mlat=50.935970&mlon=6.831016#map=18/50.935970/6.831016,osm_hausnummer 74–104,50.935996,6.8305,36,17,Weiden,Weiden,,https://www.openstreetmap.org/?mlat=50.935996&mlon=6.830500#map=18/50.935996/6.830500,
S-02,0591,Weiden,"Ostlandstraße, Haus Nr. 59-55a",in Fahrtrichtung An der Alten Post,hausnummer,50.935692,6.830158,"Ostlandstraße 59, Weiden, 50859 Köln, Deutschland",https://www.openstreetmap.org/?mlat=50.935692&mlon=6.830158#map=18/50.935692/6.830158,osm_hausnummer 59–55a,50.935597,6.831036,63,20,Weiden,Weiden,,https://www.openstreetmap.org/?mlat=50.935597&mlon=6.831036#map=18/50.935597/6.831036,
S-02,0599,Ehrenfeld,Venloer Straße 523-549,in Fahrtrichtung Äußere Kanalstraße,hausnummer,50.95545,6.906476,"Venloer Straße 523, Ehrenfeld, 50825 Köln, Deutschland",https://www.openstreetmap.org/?mlat=50.955450&mlon=6.906476#map=18/50.955450/6.906476,osm_hausnummer 523–549,50.955756,6.905401,83,13,Ehrenfeld,Ehrenfeld,,https://www.openstreetmap.org/?mlat=50.955756&mlon=6.905401#map=18/50.955756/6.905401,
S-02,0602,Neustadt-Süd,Alteburger Straße 127,in Fahrtrichtung stadteinwärts,strasse,50.916182,6.966001,"Alteburger Str. 127a, 50678 Köln, Deutschland",https://www.openstreetmap.org/?mlat=50.916182&mlon=6.966001#map=18/50.916182/6.966001,osm_hausnummer 127,50.916224,6.965655,25,39,Neustadt/Süd,Neustadt/Süd,genauigkeit=strasse,https://www.openstreetmap.org/?mlat=50.916224&mlon=6.965655#map=18/50.916224/6.965655,"50.916224,6.965655 · OSM-Abgleich: Geocoder fand nur die Straße; ersetzt durch OSM-Adresse Nr. 127"
S-02,0606,Ehrenfeld,Venloer Straße 277-213,in Fahrtrichtung Innere Kanalstraße,hausnummer,50.947636,6.921561,"Venloer Straße 277, Ehrenfeld, 50823 Köln, Deutschland",https://www.openstreetmap.org/?mlat=50.947636&mlon=6.921561#map=18/50.947636/6.921561,osm_hausnummer 277–213,50.946927,6.923296,145,15,Ehrenfeld,Ehrenfeld,,https://www.openstreetmap.org/?mlat=50.946927&mlon=6.923296#map=18/50.946927/6.923296,
S-02,0616,Lindenthal,"Decksteiner Str., Lat. 27-15",in Fahrtrichtung Bachemer Straße,strasse,50.925296,6.900642,"Decksteiner Straße, Lindenthal, 50935 Köln, Deutschland",https://www.openstreetmap.org/?mlat=50.925296&mlon=6.900642#map=18/50.925296/6.900642,osm_strasse (±540 m),50.921776,6.899327,402,0,Lindenthal,Lindenthal,genauigkeit=strasse,https://www.openstreetmap.org/?mlat=50.921776&mlon=6.899327#map=18/50.921776/6.899327,
S-02,0618,Höhenberg,Germaniastraße 124-96,in Fahrtrichtung Vingst,hausnummer,50.94639,7.018094,"Germaniastraße 124, Höhenberg, 51103 Köln, Deutschland",https://www.openstreetmap.org/?mlat=50.946390&mlon=7.018094#map=18/50.946390/7.018094,osm_hausnummer 124–96,50.945787,7.018243,68,14,Höhenberg,Höhenberg,,https://www.openstreetmap.org/?mlat=50.945787&mlon=7.018243#map=18/50.945787/7.018243,
S-02,0619,Höhenberg,Germaniastraße 96-124,in Fahrtrichtung Buchheim,hausnummer,50.945185,7.018392,"Germaniastraße 96, Höhenberg, 51103 Köln, Deutschland",https://www.openstreetmap.org/?mlat=50.945185&mlon=7.018392#map=18/50.945185/7.018392,osm_hausnummer 96–124,50.945787,7.018243,68,15,Höhenberg,Höhenberg,,https://www.openstreetmap.org/?mlat=50.945787&mlon=7.018243#map=18/50.945787/7.018243,
S-02,0620,Höhenberg,Germaniastraße 50-76,in Fahrtrichtung Buchheim,hausnummer,50.941679,7.01884,"Germaniastraße 50, Höhenberg, 51103 Köln, Deutschland",https://www.openstreetmap.org/?mlat=50.941679&mlon=7.018840#map=18/50.941679/7.018840,osm_hausnummer 50–76,50.942526,7.0189,94,23,Höhenberg,Höhenberg,,https://www.openstreetmap.org/?mlat=50.942526&mlon=7.018900#map=18/50.942526/7.018900,
S-02,0624,Weidenpesch,"Scheibenstraße, Laterne 8-28",in Fahrtrichtung Sebastianstraße,strasse,50.985272,6.954941,"Scheibenstraße, Weidenpesch, 50737 Köln, Deutschland",https://www.openstreetmap.org/?mlat=50.985272&mlon=6.954941#map=18/50.985272/6.954941,osm_strasse (±690 m),50.984953,6.951147,268,0,Weidenpesch,Weidenpesch,genauigkeit=strasse,https://www.openstreetmap.org/?mlat=50.984953&mlon=6.951147#map=18/50.984953/6.951147,
S-02,0632,Neustadt-Süd,"Sachsenring, Laterne 42-50",in Fahrtrichtung Barbarossaplatz,stadtteil,50.935003,6.93645,"Filiale Köln Neustadt-Süd, Händelstraße 37, 50674 Köln, Deutschland",https://www.openstreetmap.org/?mlat=50.935003&mlon=6.936450#map=18/50.935003/6.936450,osm_strasse (±450 m),50.924357,6.952089,1614,1197,Neustadt/Süd,Neustadt/Süd,genauigkeit=stadtteil; 1197 m neben der Straße,https://www.openstreetmap.org/?mlat=50.924357&mlon=6.952089#map=18/50.924357/6.952089,"50.924357,6.952089 · OSM-Abgleich: Geocoder fand nur den Stadtteil; ersetzt durch OSM-Straßenmitte im Stadtteil (±450 m)"
S-02,0644,Ehrenfeld,Äußere Kanalstraße 33-23,in Fahrtrichtung Maarweg,hausnummer,50.95551,6.901573,"Äußere Kanalstraße 33, Ehrenfeld, 50827 Köln, Deutschland",https://www.openstreetmap.org/?mlat=50.955510&mlon=6.901573#map=18/50.955510/6.901573,osm_hausnummer 33–23,50.955064,6.901161,57,14,Ehrenfeld,Ehrenfeld,,https://www.openstreetmap.org/?mlat=50.955064&mlon=6.901161#map=18/50.955064/6.901161,
S-02,0645,Ensen,"Kölner Straße, Haus Nr. 110",in Fahrtrichtung Westhoven,hausnummer,50.897889,7.035575,"Ensen, Kölner Straße 110, 51149 Köln, Deutschland",https://www.openstreetmap.org/?mlat=50.897889&mlon=7.035575#map=18/50.897889/7.035575,osm_hausnummer 110,50.897855,7.035814,17,15,Ensen,Ensen,,https://www.openstreetmap.org/?mlat=50.897855&mlon=7.035814#map=18/50.897855/7.035814,
S-02,0657,Merheim,Ostmerheimer Straße 399-423,in Fahrtrichtung Fußfallstraße,hausnummer,50.947757,7.049918,"Ostmerheimer Straße 399, 51109 Köln, Deutschland",https://www.openstreetmap.org/?mlat=50.947757&mlon=7.049918#map=18/50.947757/7.049918,osm_hausnummer 399–423,50.948057,7.04986,34,17,Merheim,Merheim,,https://www.openstreetmap.org/?mlat=50.948057&mlon=7.049860#map=18/50.948057/7.049860,
S-02,0658,Merheim,Ostmerheimer Straße 399-397,in Fahrtrichtung Kratzweg,hausnummer,50.947757,7.049918,"Ostmerheimer Straße 399, 51109 Köln, Deutschland",https://www.openstreetmap.org/?mlat=50.947757&mlon=7.049918#map=18/50.947757/7.049918,osm_hausnummer 399–397,50.947556,7.049988,23,17,Merheim,Merheim,,https://www.openstreetmap.org/?mlat=50.947556&mlon=7.049988#map=18/50.947556/7.049988,
S-02,0662,Weiden,Aachener Straße 1397 - 1377,in Fahrtrichtung stadteinwärts,hausnummer,50.938361,6.820793,"Aachener Straße 1397, Weiden, 50859 Köln, Deutschland",https://www.openstreetmap.org/?mlat=50.938361&mlon=6.820793#map=18/50.938361/6.820793,osm_hausnummer 1397–1377,50.938349,6.821447,46,13,Weiden,Weiden,,https://www.openstreetmap.org/?mlat=50.938349&mlon=6.821447#map=18/50.938349/6.821447,
S-02,0666,Rodenkirchen,Sürther Straße 274-270,in Fahrtrichtung Grüngürtelstraße,hausnummer,50.873833,7.003905,"Sürther Straße 274, Rodenkirchen, 50999 Köln, Deutschland",https://www.openstreetmap.org/?mlat=50.873833&mlon=7.003905#map=18/50.873833/7.003905,osm_hausnummer 274–270,50.873981,7.003738,20,25,Rodenkirchen,Rodenkirchen,,https://www.openstreetmap.org/?mlat=50.873981&mlon=7.003738#map=18/50.873981/7.003738,
S-02,0673,Rodenkirchen,"Sürther Straße, Haus Nr. 14-20",in Fahrtrichtung Nibelungenweg,hausnummer,50.890008,6.997125,"Sürther Straße 14, Rodenkirchen, 50996 Köln, Deutschland",https://www.openstreetmap.org/?mlat=50.890008&mlon=6.997125#map=18/50.890008/6.997125,osm_hausnummer 14–20,50.889741,6.997105,30,22,Rodenkirchen,Rodenkirchen,,https://www.openstreetmap.org/?mlat=50.889741&mlon=6.997105#map=18/50.889741/6.997105,
S-02,0686,Höhenberg,Frankfurter Straße 328-342,in Fahrtrichtung Ostheim,hausnummer,50.944657,7.024698,"Frankfurter Straße 328, Höhenberg, 51103 Köln, Deutschland",https://www.openstreetmap.org/?mlat=50.944657&mlon=7.024698#map=18/50.944657/7.024698,osm_hausnummer 328–342,50.944327,7.025152,49,22,Höhenberg,Höhenberg,,https://www.openstreetmap.org/?mlat=50.944327&mlon=7.025152#map=18/50.944327/7.025152,
S-02,0691,Gremberghoven,Frankfurter Str. S-Bahnbrücke,in Fahrtrichtung Ostheim,stadtteil,50.904738,7.054786,"Gremberghoven, Köln, NW, Deutschland",https://www.openstreetmap.org/?mlat=50.904738&mlon=7.054786#map=18/50.904738/7.054786,osm_strasse (±1180 m),50.911877,7.056139,800,456,Gremberghoven,Gremberghoven,genauigkeit=stadtteil; 456 m neben der Straße,https://www.openstreetmap.org/?mlat=50.911877&mlon=7.056139#map=18/50.911877/7.056139,", · OSM-Abgleich: Geocoder fand nur den Stadtteil; Straße im Stadtteil zu lang für einen verlässlichen Punkt (±1180 m) → weggelassen"
S-02,0693,Zollstock,"Am Vorgebirgstor, Lat. 11-14",in Fahrtrichtung Höninger Weg,strasse,50.915904,6.944128,"Am Vorgebirgstor, Zollstock, 50969 Köln, Deutschland",https://www.openstreetmap.org/?mlat=50.915904&mlon=6.944128#map=18/50.915904/6.944128,osm_strasse (±250 m),50.915741,6.944499,32,0,Zollstock,Zollstock,genauigkeit=strasse,https://www.openstreetmap.org/?mlat=50.915741&mlon=6.944499#map=18/50.915741/6.944499,
S-02,0712,Weiden,Moltkestraße Laterne 22-20,in Fahrtrichtung Aachener Straße,strasse,50.940736,6.827614,"Moltkestraße, Weiden, 50859 Köln, Deutschland",https://www.openstreetmap.org/?mlat=50.940736&mlon=6.827614#map=18/50.940736/6.827614,osm_strasse (±440 m),50.94213,6.829007,183,1,Weiden,Weiden,genauigkeit=strasse,https://www.openstreetmap.org/?mlat=50.942130&mlon=6.829007#map=18/50.942130/6.829007,
S-02,0721,Rodenkirchen,"Sürther Straße, Haus Nr. 11-1",in Fahrtrichtung Hauptstraße,hausnummer,50.889421,6.997608,"Sürther Straße 11, Rodenkirchen, 50996 Köln, Deutschland",https://www.openstreetmap.org/?mlat=50.889421&mlon=6.997608#map=18/50.889421/6.997608,osm_hausnummer 11–1,50.889844,6.997645,47,18,Rodenkirchen,Rodenkirchen,,https://www.openstreetmap.org/?mlat=50.889844&mlon=6.997645#map=18/50.889844/6.997645,
S-02,0733,Weiden,"Frechener Weg, Haus Nr. 54-58",in Fahrtrichtung Bonnstraße,hausnummer,50.934007,6.82621,"Frechener Weg 54, Weiden, 50859 Köln, Deutschland",https://www.openstreetmap.org/?mlat=50.934007&mlon=6.826210#map=18/50.934007/6.826210,osm_hausnummer 54–58,50.933892,6.826061,16,12,Weiden,Weiden,,https://www.openstreetmap.org/?mlat=50.933892&mlon=6.826061#map=18/50.933892/6.826061,
S-02,0738,Dünnwald,"Berliner Straße, Haus Nr. 1023",in Fahrtrichtung stadteinwärts,hausnummer,51.003787,7.042826,"Berliner Straße 1023, Dünnwald, 51069 Köln, Deutschland",https://www.openstreetmap.org/?mlat=51.003787&mlon=7.042826#map=18/51.003787/7.042826,osm_hausnummer 1023,51.003806,7.042833,2,17,Dünnwald,Dünnwald,,https://www.openstreetmap.org/?mlat=51.003806&mlon=7.042833#map=18/51.003806/7.042833,
S-02,0747,Flittard,"Roggendorfstraße, Laterne 13-9",in Fahrtrichtung Düsseldorfer Str.,strasse,51.00063,6.988077,"Roggendorfstraße, Flittard, 51061 Köln, Deutschland",https://www.openstreetmap.org/?mlat=51.000630&mlon=6.988077#map=18/51.000630/6.988077,osm_strasse (±640 m),50.999995,6.989548,125,0,Flittard,Flittard,genauigkeit=strasse,https://www.openstreetmap.org/?mlat=50.999995&mlon=6.989548#map=18/50.999995/6.989548,
S-02,0749,Pesch,"Schulstraße, Haus Nr. 75a-55",in Fahrtrichtung Mengenicher Straße,hausnummer,50.997663,6.870115,"Schulstraße 75a, Pesch, 50767 Köln, Deutschland",https://www.openstreetmap.org/?mlat=50.997663&mlon=6.870115#map=18/50.997663/6.870115,osm_hausnummer 75a–55,50.997461,6.870305,26,20,Pesch,Pesch,,https://www.openstreetmap.org/?mlat=50.997461&mlon=6.870305#map=18/50.997461/6.870305,
S-02,0756,Rondorf,"Kapellenstraße, Laterne 26-32",in Fahrtrichtung Brühler Landstraße,strasse,50.875619,6.943369,"Kapellenstraße, Rondorf, 50997 Köln, Deutschland",https://www.openstreetmap.org/?mlat=50.875619&mlon=6.943369#map=18/50.875619/6.943369,osm_strasse (±820 m),50.875096,6.946493,227,0,Rondorf,Rondorf,genauigkeit=strasse,https://www.openstreetmap.org/?mlat=50.875096&mlon=6.946493#map=18/50.875096/6.946493,
S-02,0758,Rondorf,"Kapellenstraße, Laterne 32",in FR. Rondorfer Hauptstraße,strasse,50.875619,6.943369,"Kapellenstraße, Rondorf, 50997 Köln, Deutschland",https://www.openstreetmap.org/?mlat=50.875619&mlon=6.943369#map=18/50.875619/6.943369,osm_strasse (±820 m),50.875096,6.946493,227,0,Rondorf,Rondorf,genauigkeit=strasse,https://www.openstreetmap.org/?mlat=50.875096&mlon=6.946493#map=18/50.875096/6.946493,
S-02,0775,Wahn,"Frankfurter Str., Lat.533-523",in Fahrtrichtung Urbach,stadtteil,50.858854,7.085497,"Wahn, Köln, NW, Deutschland",https://www.openstreetmap.org/?mlat=50.858854&mlon=7.085497#map=18/50.858854/7.085497,osm_strasse (±1170 m),50.857491,7.086117,158,30,Wahn,Wahn,genauigkeit=stadtteil,https://www.openstreetmap.org/?mlat=50.857491&mlon=7.086117#map=18/50.857491/7.086117,", · OSM-Abgleich: Geocoder fand nur den Stadtteil; Straße im Stadtteil zu lang für einen verlässlichen Punkt (±1170 m) → weggelassen"
S-02,0783,Zollstock,"Höninger Weg, Haus Nr. 243-239",in Fahrtrichtung Gottesweg,hausnummer,50.91018,6.941708,"Höninger Weg 243, Zollstock, 50969 Köln, Deutschland",https://www.openstreetmap.org/?mlat=50.910180&mlon=6.941708#map=18/50.910180/6.941708,osm_hausnummer 243–239,50.910342,6.941765,18,11,Zollstock,Zollstock,,https://www.openstreetmap.org/?mlat=50.910342&mlon=6.941765#map=18/50.910342/6.941765,
S-02,0788,Mülheim,"Montanusstraße, Haus Nr.43-83",in FR. Bergisch Gladbacher Straße,hausnummer,50.959236,7.012612,"Montanusstraße 43, Mülheim, 51065 Köln, Deutschland",https://www.openstreetmap.org/?mlat=50.959236&mlon=7.012612#map=18/50.959236/7.012612,osm_hausnummer 43–83,50.959835,7.013001,72,15,Mülheim,Mülheim,,https://www.openstreetmap.org/?mlat=50.959835&mlon=7.013001#map=18/50.959835/7.013001,
S-02,0791,Mülheim,"Montanusstraße, Haus Nr. 87-39",in Fahrtrichtung Frankfurter Straße,hausnummer,50.96054,7.013501,"Montanusstraße 87, Mülheim, 51065 Köln, Deutschland",https://www.openstreetmap.org/?mlat=50.960540&mlon=7.013501#map=18/50.960540/7.013501,osm_hausnummer 87–39,50.959784,7.012975,92,10,Mülheim,Mülheim,,https://www.openstreetmap.org/?mlat=50.959784&mlon=7.012975#map=18/50.959784/7.012975,
S-02,0793,Niehl,Amsterdamer Straße 267-257,in Fahrtrichtung Nesselrodestraße,hausnummer,50.978711,6.968199,"Amsterdamer Straße 267, Niehl, 50735 Köln, Deutschland",https://www.openstreetmap.org/?mlat=50.978711&mlon=6.968199#map=18/50.978711/6.968199,osm_hausnummer 267–257,50.978355,6.968271,40,17,Niehl,Niehl,,https://www.openstreetmap.org/?mlat=50.978355&mlon=6.968271#map=18/50.978355/6.968271,
S-02,0796,Niehl,"Amsterdamer Str., Lat. 120-122",in Fahrtrichtung stadtauswärts,strasse,50.978321,6.968524,"Amsterdamer Straße, Niehl, 50735 Köln, Deutschland",https://www.openstreetmap.org/?mlat=50.978321&mlon=6.968524#map=18/50.978321/6.968524,osm_strasse (±690 m),50.975504,6.969344,319,0,Niehl,Niehl,genauigkeit=strasse,https://www.openstreetmap.org/?mlat=50.975504&mlon=6.969344#map=18/50.975504/6.969344,
S-02,0804,Bilderstöckchen,Longericher Straße 75-113,in Fahrtrichtung TÜV,hausnummer,50.972179,6.934405,"Longericher Straße 75, Bilderstöckchen, 50739 Köln, Deutschland",https://www.openstreetmap.org/?mlat=50.972179&mlon=6.934405#map=18/50.972179/6.934405,osm_hausnummer 75–113,50.972485,6.933779,55,24,Bilderstöckchen,Bilderstöckchen,,https://www.openstreetmap.org/?mlat=50.972485&mlon=6.933779#map=18/50.972485/6.933779,
S-02,0817,Vingst,"Homarstraße, Haus Nr. 51-45",in Fahrtrichtung Ostheimer Straße,hausnummer,50.929656,7.01783,"Homarstraße 51, Vingst, 51107 Köln, Deutschland",https://www.openstreetmap.org/?mlat=50.929656&mlon=7.017830#map=18/50.929656/7.017830,osm_hausnummer 51–45,50.929835,7.017836,20,17,Vingst,Vingst,,https://www.openstreetmap.org/?mlat=50.929835&mlon=7.017836#map=18/50.929835/7.017836,
S-02,0825,Porz,"Urbacher Weg, Laterne 9-13",in Fahrtrichtung Kölner Straße,strasse,50.892445,7.05311,"Urbacher Weg, Porz, 51149 Köln, Deutschland",https://www.openstreetmap.org/?mlat=50.892445&mlon=7.053110#map=18/50.892445/7.053110,osm_strasse (±390 m),50.893344,7.051016,178,0,Porz,Porz,genauigkeit=strasse,https://www.openstreetmap.org/?mlat=50.893344&mlon=7.051016#map=18/50.893344/7.051016,
S-02,0826,Porz,"Urbacher Weg, Laterne 25-19",in Fahrtrichtung Steinstraße,strasse,50.892445,7.05311,"Urbacher Weg, Porz, 51149 Köln, Deutschland",https://www.openstreetmap.org/?mlat=50.892445&mlon=7.053110#map=18/50.892445/7.053110,osm_strasse (±390 m),50.893344,7.051016,178,0,Porz,Porz,genauigkeit=strasse,https://www.openstreetmap.org/?mlat=50.893344&mlon=7.051016#map=18/50.893344/7.051016,
S-02,0832,Nippes,"Neusser Straße, HausNr.413-405",in Fahrtrichtung stadteinwärts,hausnummer,50.971032,6.95164,"Neusser Straße 413, Nippes, 50733 Köln, Deutschland",https://www.openstreetmap.org/?mlat=50.971032&mlon=6.951640#map=18/50.971032/6.951640,osm_hausnummer 413–405,50.970843,6.951763,23,20,Nippes,Nippes,,https://www.openstreetmap.org/?mlat=50.970843&mlon=6.951763#map=18/50.970843/6.951763,
S-02,0833,Nippes,"Neusser Straße, HausNr.412-420",in Fahrtrichtung stadtauswärts,hausnummer,50.971019,6.952218,"Neusser Straße 412, Nippes, 50733 Köln, Deutschland",https://www.openstreetmap.org/?mlat=50.971019&mlon=6.952218#map=18/50.971019/6.952218,osm_hausnummer 412–420,50.971216,6.952221,22,19,Nippes,Nippes,,https://www.openstreetmap.org/?mlat=50.971216&mlon=6.952221#map=18/50.971216/6.952221,
S-02,0850,Merheim,"Broichstraße, Laterne 51-49",in Fahrtrichtung Olpener Straße,strasse,50.947691,7.057406,"Broichstraße, Merheim, 51109 Köln, Deutschland",https://www.openstreetmap.org/?mlat=50.947691&mlon=7.057406#map=18/50.947691/7.057406,osm_strasse (±500 m),50.948196,7.05642,89,0,Merheim,Merheim,genauigkeit=strasse,https://www.openstreetmap.org/?mlat=50.948196&mlon=7.056420#map=18/50.948196/7.056420,
S-02,0851,Merheim,"Broichstraße, Laterne 49-53",in Fahrtrichtung Ostmerheimer Str.,strasse,50.947691,7.057406,"Broichstraße, Merheim, 51109 Köln, Deutschland",https://www.openstreetmap.org/?mlat=50.947691&mlon=7.057406#map=18/50.947691/7.057406,osm_strasse (±500 m),50.948196,7.05642,89,0,Merheim,Merheim,genauigkeit=strasse,https://www.openstreetmap.org/?mlat=50.948196&mlon=7.056420#map=18/50.948196/7.056420,
S-02,0852,Riehl,"Riehler Straße, Laterne 59-43",in Fahrtrichtung stadteinwärts,strasse,50.960022,6.977442,"Riehler Straße, 50735 Köln, Deutschland",https://www.openstreetmap.org/?mlat=50.960022&mlon=6.977442#map=18/50.960022/6.977442,osm_strasse (±640 m),50.959472,6.976707,80,0,Riehl,Riehl,genauigkeit=strasse,https://www.openstreetmap.org/?mlat=50.959472&mlon=6.976707#map=18/50.959472/6.976707,
S-02,0860,Sülz,"Sülzgürtel, Laterne 29-19",in Fahrtrichtung Luxemburger Straße,strasse,50.912779,6.923147,"Sülzgürtel, 50937 Köln, Deutschland",https://www.openstreetmap.org/?mlat=50.912779&mlon=6.923147#map=18/50.912779/6.923147,osm_strasse (±580 m),50.915714,6.919007,437,1,Sülz,Sülz,genauigkeit=strasse,https://www.openstreetmap.org/?mlat=50.915714&mlon=6.919007#map=18/50.915714/6.919007,
S-02,0863,Lindenthal,"Weyertal, Laterne Nr. 44-28",in Fahrtrichtung Kerpener Straße,strasse,50.926825,6.925128,"Weyertal, Lindenthal, 50931 Köln, Deutschland",https://www.openstreetmap.org/?mlat=50.926825&mlon=6.925128#map=18/50.926825/6.925128,osm_strasse (±480 m),50.926467,6.925346,43,0,Lindenthal,Lindenthal,genauigkeit=strasse,https://www.openstreetmap.org/?mlat=50.926467&mlon=6.925346#map=18/50.926467/6.925346,
S-02,0899,Neustadt/Nord,"Riehler Straße, Haus Nr. 6-14",in Fahrtr. Reichensperger Platz,hausnummer,50.951584,6.96038,"Riehler Straße 6, 50668 Köln, Deutschland",https://www.openstreetmap.org/?mlat=50.951584&mlon=6.960380#map=18/50.951584/6.960380,osm_hausnummer 6–14,50.952013,6.960964,63,21,Neustadt/Nord,Neustadt/Nord,,https://www.openstreetmap.org/?mlat=50.952013&mlon=6.960964#map=18/50.952013/6.960964,
S-02,0933,Höhenhaus,Im Weidenbruch 113-107,in Fahrtrichtung Jungbornweg,strasse,50.982816,7.038339,"Im Weidenbruch, Höhenhaus, 51061 Köln, Deutschland",https://www.openstreetmap.org/?mlat=50.982816&mlon=7.038339#map=18/50.982816/7.038339,osm_strasse (±730 m),50.981115,7.032333,462,0,Höhenhaus,Höhenhaus,genauigkeit=strasse,https://www.openstreetmap.org/?mlat=50.981115&mlon=7.032333#map=18/50.981115/7.032333,
S-02,0940,Brück,Olpener Straße 839-831,in Fahrtrichtung stadteinwärts,hausnummer,50.945441,7.077955,"Olpener Straße 839, Brück, 51109 Köln, Deutschland",https://www.openstreetmap.org/?mlat=50.945441&mlon=7.077955#map=18/50.945441/7.077955,osm_hausnummer 839–831,50.945392,7.077706,18,14,Brück,Brück,,https://www.openstreetmap.org/?mlat=50.945392&mlon=7.077706#map=18/50.945392/7.077706,
S-02,0941,Brück,"Olpener Straße, Haus Nr. 946",in Fahrtrichtung stadtauswärts,hausnummer,50.945685,7.080004,"Olpener Straße 946, Brück, 51109 Köln, Deutschland",https://www.openstreetmap.org/?mlat=50.945685&mlon=7.080004#map=18/50.945685/7.080004,osm_hausnummer 946,50.945663,7.079906,7,14,Brück,Brück,,https://www.openstreetmap.org/?mlat=50.945663&mlon=7.079906#map=18/50.945663/7.079906,
S-02,0947,Dellbrück,Strundener Straße 41-29,in Fahrtrichtung Gemarkenstraße,hausnummer,50.972315,7.080156,"Strundener Straße 41, Dellbrück, 51069 Köln, Deutschland",https://www.openstreetmap.org/?mlat=50.972315&mlon=7.080156#map=18/50.972315/7.080156,osm_hausnummer 41–29,50.972347,7.079679,34,17,Dellbrück,Dellbrück,,https://www.openstreetmap.org/?mlat=50.972347&mlon=7.079679#map=18/50.972347/7.079679,
S-02,0952,Dellbrück,Bensberger Marktweg 350-370,in Fahrtrichtung Refrath,hausnummer,50.965237,7.092578,"Bensberger Marktweg 350, Dellbrück, 51069 Köln, Deutschland",https://www.openstreetmap.org/?mlat=50.965237&mlon=7.092578#map=18/50.965237/7.092578,osm_hausnummer 350–370,50.965226,7.093405,58,55,Dellbrück,Dellbrück,,https://www.openstreetmap.org/?mlat=50.965226&mlon=7.093405#map=18/50.965226/7.093405,
S-02,0953,Dellbrück,Penningsfelder Weg 45-33,in FR. Bensberger Marktweg,hausnummer,50.966774,7.092927,"Penningsfelder Weg 45, Dellbrück, 51069 Köln, Deutschland",https://www.openstreetmap.org/?mlat=50.966774&mlon=7.092927#map=18/50.966774/7.092927,osm_hausnummer 45–33,50.966378,7.092865,44,16,Dellbrück,Dellbrück,,https://www.openstreetmap.org/?mlat=50.966378&mlon=7.092865#map=18/50.966378/7.092865,
S-02,0954,Dellbrück,Penningsfelder Weg 35-49,in Fahrtrichtung Gierather Straße,hausnummer,50.96617,7.09284,"Penningsfelder Weg 35, Dellbrück, 51069 Köln, Deutschland",https://www.openstreetmap.org/?mlat=50.966170&mlon=7.092840#map=18/50.966170/7.092840,osm_hausnummer 35–49,50.966605,7.092916,49,14,Dellbrück,Dellbrück,,https://www.openstreetmap.org/?mlat=50.966605&mlon=7.092916#map=18/50.966605/7.092916,
S-02,0957,Lind,"Nibelungenstraße, Laterne 25",in Fahrtrichtugn Frankfurter Straße,stadtteil,50.84899,7.102453,"Lind, Köln, NW, Deutschland",https://www.openstreetmap.org/?mlat=50.848990&mlon=7.102453#map=18/50.848990/7.102453,osm_strasse (±560 m),50.852793,7.101722,426,374,Lind,Lind,genauigkeit=stadtteil; 374 m neben der Straße,https://www.openstreetmap.org/?mlat=50.852793&mlon=7.101722#map=18/50.852793/7.101722,"50.852793,7.101722 · OSM-Abgleich: Geocoder fand nur den Stadtteil; ersetzt durch OSM-Straßenmitte im Stadtteil (±560 m)"
S-02,0958,Lind,"Nibelungenstraße, Laterne 25",in Fahrtrichtung Linder Mauspfad,stadtteil,50.84899,7.102453,"Lind, Köln, NW, Deutschland",https://www.openstreetmap.org/?mlat=50.848990&mlon=7.102453#map=18/50.848990/7.102453,osm_strasse (±560 m),50.852793,7.101722,426,374,Lind,Lind,genauigkeit=stadtteil; 374 m neben der Straße,https://www.openstreetmap.org/?mlat=50.852793&mlon=7.101722#map=18/50.852793/7.101722,"50.852793,7.101722 · OSM-Abgleich: Geocoder fand nur den Stadtteil; ersetzt durch OSM-Straßenmitte im Stadtteil (±560 m)"
S-02,0962,Bickendorf,"Sandweg, Haus Nr. 148-146",in Fahrtrichtung Segmüllerstraße,hausnummer,50.967723,6.896556,"Sandweg 148, Bickendorf, 50827 Köln, Deutschland",https://www.openstreetmap.org/?mlat=50.967723&mlon=6.896556#map=18/50.967723/6.896556,osm_hausnummer 148–146,50.967649,6.896641,10,18,Bickendorf,Bickendorf,,https://www.openstreetmap.org/?mlat=50.967649&mlon=6.896641#map=18/50.967649/6.896641,
S-02,0964,Bickendorf,"Sandweg, Haus Nr. 124-130",in Fahrtrichtung Mühlenweg,hausnummer,50.966953,6.897485,"Sandweg 124, Bickendorf, 50827 Köln, Deutschland",https://www.openstreetmap.org/?mlat=50.966953&mlon=6.897485#map=18/50.966953/6.897485,osm_hausnummer 124–130,50.96702,6.897353,12,16,Bickendorf,Bickendorf,,https://www.openstreetmap.org/?mlat=50.967020&mlon=6.897353#map=18/50.967020/6.897353,
S-02,0978,Neustadt/Süd,Volksgartenstraße 42-66,in Fahrtrichtung Eifelplatz,hausnummer,50.921806,6.950073,"Volksgartenstraße 42, 50677 Köln, Deutschland",https://www.openstreetmap.org/?mlat=50.921806&mlon=6.950073#map=18/50.921806/6.950073,osm_hausnummer 42–66,50.922723,6.947767,191,23,Neustadt/Süd,Neustadt/Süd,191 m von OSM-Hausnummer,https://www.openstreetmap.org/?mlat=50.922723&mlon=6.947767#map=18/50.922723/6.947767,"50.922723,6.947767 · OSM-Abgleich: Geocoder-Punkt 191 m von der OSM-Adresse entfernt; ersetzt durch OSM-Adresse Nr. 42–66"
S-02,0979,Neustadt/Süd,"Volksgartenstraße, Haus 64-42",in Fahrtrichtung Vorgebirgstraße,hausnummer,50.923605,6.945806,"Volksgartenstraße 64, 50677 Köln, Deutschland",https://www.openstreetmap.org/?mlat=50.923605&mlon=6.945806#map=18/50.923605/6.945806,osm_hausnummer 64–42,50.922704,6.947938,180,21,Neustadt/Süd,Neustadt/Süd,180 m von OSM-Hausnummer,https://www.openstreetmap.org/?mlat=50.922704&mlon=6.947938#map=18/50.922704/6.947938,"50.922704,6.947938 · OSM-Abgleich: Geocoder-Punkt 180 m von der OSM-Adresse entfernt; ersetzt durch OSM-Adresse Nr. 64–42"
S-02,0999,Humboldt-Gremberg,"Am Grauen Stein, ggüb Haus 8-6",in Fahrtrichtung Gremberger Straße,stadtteil,50.930641,6.996476,"Wochenmarkt Humboldt-Gremberg, Odenwaldstraße, 51105 Köln, Deutschland",https://www.openstreetmap.org/?mlat=50.930641&mlon=6.996476#map=18/50.930641/6.996476,osm_hausnummer 8–6,50.928813,6.994559,244,161,Humboldt/Gremberg,Humboldt/Gremberg,genauigkeit=stadtteil; 244 m von OSM-Hausnummer; 161 m neben der Straße,https://www.openstreetmap.org/?mlat=50.928813&mlon=6.994559#map=18/50.928813/6.994559,"50.928813,6.994559 · OSM-Abgleich: Geocoder fand nur den Stadtteil; ersetzt durch OSM-Adresse Nr. 8–6"
S-02,1000,Humboldt-Gremberg,"Am Grauen Stein, Haus Nr. 8-12",in Fahrtrichtung Poll,stadtteil,50.930641,6.996476,"Wochenmarkt Humboldt-Gremberg, Odenwaldstraße, 51105 Köln, Deutschland",https://www.openstreetmap.org/?mlat=50.930641&mlon=6.996476#map=18/50.930641/6.996476,osm_hausnummer 8–12,50.928584,6.994302,275,161,Humboldt/Gremberg,Humboldt/Gremberg,genauigkeit=stadtteil; 275 m von OSM-Hausnummer; 161 m neben der Straße,https://www.openstreetmap.org/?mlat=50.928584&mlon=6.994302#map=18/50.928584/6.994302,"50.928584,6.994302 · OSM-Abgleich: Geocoder fand nur den Stadtteil; ersetzt durch OSM-Adresse Nr. 8–12"
S-02,1042,Höhenberg,Germaniastraße 116-98,in Fahrtrichtung Vingst,hausnummer,50.945975,7.018196,"Germaniastraße 116, Höhenberg, 51103 Köln, Deutschland",https://www.openstreetmap.org/?mlat=50.945975&mlon=7.018196#map=18/50.945975/7.018196,osm_hausnummer 116–98,50.945631,7.018278,39,15,Höhenberg,Höhenberg,,https://www.openstreetmap.org/?mlat=50.945631&mlon=7.018278#map=18/50.945631/7.018278,
S-02,1052,Poll,Poller Kirchweg 70-74,in Fahrtrichtung Müllergasse,hausnummer,50.918451,6.983785,"Poller Kirchweg 70-72, 51105 Köln, Deutschland",https://www.openstreetmap.org/?mlat=50.918451&mlon=6.983785#map=18/50.918451/6.983785,osm_hausnummer 70–74,50.918334,6.983866,14,17,Poll,Poll,,https://www.openstreetmap.org/?mlat=50.918334&mlon=6.983866#map=18/50.918334/6.983866,
S-02,1064,Neuehrenfeld,Nußbaumerstraße 252-262,in Fahrtrichtung Iltisstraße,hausnummer,50.957966,6.922328,"Nußbaumerstraße 252, Neuehrenfeld, 50825 Köln, Deutschland",https://www.openstreetmap.org/?mlat=50.957966&mlon=6.922328#map=18/50.957966/6.922328,osm_hausnummer 252–262,50.958053,6.921419,64,14,Neuehrenfeld,Neuehrenfeld,,https://www.openstreetmap.org/?mlat=50.958053&mlon=6.921419#map=18/50.958053/6.921419,
S-02,1065,Neuehrenfeld,Nußbaumerstraße 61-45,in Fahrtrichtung Ehrenfeldgürtel,hausnummer,50.958029,6.919474,"Nußbaumerstraße 61, Neuehrenfeld, 50825 Köln, Deutschland",https://www.openstreetmap.org/?mlat=50.958029&mlon=6.919474#map=18/50.958029/6.919474,osm_hausnummer 61–45,50.957847,6.921212,124,14,Neuehrenfeld,Neuehrenfeld,,https://www.openstreetmap.org/?mlat=50.957847&mlon=6.921212#map=18/50.957847/6.921212,
S-02,1072,Meschenich,"Zaunhofstraße, Haus Nr. 36-12",in Fahrtrichtung Brühler Landstraße,hausnummer,50.86082,6.933144,"Zaunhofstraße 36, Meschenich, 50997 Köln, Deutschland",https://www.openstreetmap.org/?mlat=50.860820&mlon=6.933144#map=18/50.860820/6.933144,osm_hausnummer 36–12,50.860945,6.931658,105,20,Meschenich,Meschenich,,https://www.openstreetmap.org/?mlat=50.860945&mlon=6.931658#map=18/50.860945/6.931658,
S-02,1073,Meschenich,"Zaunhofstraße, Haus Nr. 14-36",in Fahrtrichtung Immendorf,hausnummer,50.861079,6.930458,"Zaunhofstraße 14, Meschenich, 50997 Köln, Deutschland",https://www.openstreetmap.org/?mlat=50.861079&mlon=6.930458#map=18/50.861079/6.930458,osm_hausnummer 14–36,50.860947,6.931802,95,16,Meschenich,Meschenich,,https://www.openstreetmap.org/?mlat=50.860947&mlon=6.931802#map=18/50.860947/6.931802,
S-02,1095,Dellbrück,"Ber.Gl.Str.1135-1129,1187-1149",in Fahrtrichtung stadteinwärts,hausnummer,50.981969,7.08136,"Bergisch Gladbacher Straße 1135, Dellbrück, 51069 Köln, Deutschland",https://www.openstreetmap.org/?mlat=50.981969&mlon=7.081360#map=18/50.981969/7.081360,osm_hausnummer 1135–1129,50.981941,7.081095,19,20,Dellbrück,Dellbrück,,https://www.openstreetmap.org/?mlat=50.981941&mlon=7.081095#map=18/50.981941/7.081095,
S-02,1097,Neustadt/Süd,Sachsenring  Haus Nr. 79-73,in Fahrtrichtung Ulrepforte,hausnummer,50.925053,6.948645,"Sachsenring 79, 50677 Köln, Deutschland",https://www.openstreetmap.org/?mlat=50.925053&mlon=6.948645#map=18/50.925053/6.948645,osm_hausnummer 79–73,50.924794,6.949383,59,28,Neustadt/Süd,Neustadt/Süd,,https://www.openstreetmap.org/?mlat=50.924794&mlon=6.949383#map=18/50.924794/6.949383,
S-02,1108,Rath/Heumar,Lützerathstraße 44a-134,in Fahrtrichtung Rather Mauspfad,hausnummer,50.925242,7.080201,"Lützerathstraße 44a, 51107 Köln, Deutschland",https://www.openstreetmap.org/?mlat=50.925242&mlon=7.080201#map=18/50.925242/7.080201,osm_hausnummer 44a–134,50.925588,7.083169,212,18,Rath/Heumar,Rath/Heumar,212 m von OSM-Hausnummer,https://www.openstreetmap.org/?mlat=50.925588&mlon=7.083169#map=18/50.925588/7.083169,"50.925588,7.083169 · OSM-Abgleich: Geocoder-Punkt 212 m von der OSM-Adresse entfernt; ersetzt durch OSM-Adresse Nr. 44a–134"
S-02,1110,Rath/Heumar,Lützerathstraße 115-109,in Fahrtrichtung Rösrather Straße,hausnummer,50.926182,7.08399,"Lützerathstraße 115, 51107 Köln, Deutschland",https://www.openstreetmap.org/?mlat=50.926182&mlon=7.083990#map=18/50.926182/7.083990,osm_hausnummer 115–109,50.926183,7.083747,17,17,Rath/Heumar,Rath/Heumar,,https://www.openstreetmap.org/?mlat=50.926183&mlon=7.083747#map=18/50.926183/7.083747,
S-02,1119,Weiden,"Aachener Straße, Haus Nr. 1372",in Fahrtrichtung stadtauswärts,hausnummer,50.938823,6.821272,"Aachener Straße 1372, Weiden, 50859 Köln, Deutschland",https://www.openstreetmap.org/?mlat=50.938823&mlon=6.821272#map=18/50.938823/6.821272,osm_hausnummer 1372,50.938831,6.821222,4,25,Weiden,Weiden,,https://www.openstreetmap.org/?mlat=50.938831&mlon=6.821222#map=18/50.938831/6.821222,
S-02,1120,Lövenich,"Brauweiler Straße, Lat.26-20",in Fahrtrichtung stadteinwärts,strasse,50.948612,6.82502,"Brauweilerstraße, Lövenich, 50859 Köln, Deutschland",https://www.openstreetmap.org/?mlat=50.948612&mlon=6.825020#map=18/50.948612/6.825020,osm_strasse (±1000 m),50.947782,6.82735,188,0,Lövenich,Lövenich,genauigkeit=strasse,https://www.openstreetmap.org/?mlat=50.947782&mlon=6.827350#map=18/50.947782/6.827350,
S-02,1121,Lövenich,"Brauweiler Straße, Lat.22-28",in Fahrtrichtung stadtauswärts,strasse,50.948612,6.82502,"Brauweilerstraße, Lövenich, 50859 Köln, Deutschland",https://www.openstreetmap.org/?mlat=50.948612&mlon=6.825020#map=18/50.948612/6.825020,osm_strasse (±1000 m),50.947782,6.82735,188,0,Lövenich,Lövenich,genauigkeit=strasse,https://www.openstreetmap.org/?mlat=50.947782&mlon=6.827350#map=18/50.947782/6.827350,
S-02,1126,Worringen,St.-Tönnis-Straße 179-135,in Fahrtrichtung Neusser Landstraße,hausnummer,51.05748,6.857064,"St.-Tönnis-Straße 179, Worringen, 50769 Köln, Deutschland",https://www.openstreetmap.org/?mlat=51.057480&mlon=6.857064#map=18/51.057480/6.857064,osm_hausnummer 179–135,51.058409,6.858337,137,14,Worringen,Worringen,,https://www.openstreetmap.org/?mlat=51.058409&mlon=6.858337#map=18/51.058409/6.858337,
S-02,1127,Worringen,St.-Tönnis-Straße 135-181,in Fahrtrichtung Roggendorf,hausnummer,51.05935,6.859604,"St.-Tönnis-Straße 135, Worringen, 50769 Köln, Deutschland",https://www.openstreetmap.org/?mlat=51.059350&mlon=6.859604#map=18/51.059350/6.859604,osm_hausnummer 135–181,51.058372,6.858284,143,10,Worringen,Worringen,,https://www.openstreetmap.org/?mlat=51.058372&mlon=6.858284#map=18/51.058372/6.858284,
S-02,1132,Lindweiler,"Unnauer Weg, Haus Nr. 56-20",in Fahrtrichtung Soldiner Straße,hausnummer,51.004979,6.891397,"Unnauer Weg 56, Lindweiler, 50767 Köln, Deutschland",https://www.openstreetmap.org/?mlat=51.004979&mlon=6.891397#map=18/51.004979/6.891397,osm_hausnummer 56–20,51.005612,6.890735,84,20,Lindweiler,Lindweiler,,https://www.openstreetmap.org/?mlat=51.005612&mlon=6.890735#map=18/51.005612/6.890735,
S-02,1133,Lindweiler,"Unnauer Weg, Haus Nr. 20-56",in Fahrtrichtung Pescher Weg,hausnummer,51.006245,6.89006,"Unnauer Weg 20, Lindweiler, 50767 Köln, Deutschland",https://www.openstreetmap.org/?mlat=51.006245&mlon=6.890060#map=18/51.006245/6.890060,osm_hausnummer 20–56,51.005612,6.890735,85,25,Lindweiler,Lindweiler,,https://www.openstreetmap.org/?mlat=51.005612&mlon=6.890735#map=18/51.005612/6.890735,
S-02,1134,Höhenberg,"Höhenberger Ring, Friedhof",in Fahrtrichtung stadteinwärts,strasse,50.946905,7.027755,"Höhenberger Ring, 51103 Köln, Deutschland",https://www.openstreetmap.org/?mlat=50.946905&mlon=7.027755#map=18/50.946905/7.027755,osm_strasse (±720 m),50.944049,7.028012,318,0,Höhenberg,Höhenberg,genauigkeit=strasse,https://www.openstreetmap.org/?mlat=50.944049&mlon=7.028012#map=18/50.944049/7.028012,
S-02,1135,Höhenberg,"Höhenberger Ring, Friedhof",in Fahrtrichtung stadtauswärts,strasse,50.946905,7.027755,"Höhenberger Ring, 51103 Köln, Deutschland",https://www.openstreetmap.org/?mlat=50.946905&mlon=7.027755#map=18/50.946905/7.027755,osm_strasse (±720 m),50.944049,7.028012,318,0,Höhenberg,Höhenberg,genauigkeit=strasse,https://www.openstreetmap.org/?mlat=50.944049&mlon=7.028012#map=18/50.944049/7.028012,
S-02,1141,Weiden,"Goethestraße, Haus Nr. 42-46",in Fahrtrichtung Aachener Straße,hausnummer,50.940039,6.833402,"Goethestraße 42, Weiden, 50858 Köln, Deutschland",https://www.openstreetmap.org/?mlat=50.940039&mlon=6.833402#map=18/50.940039/6.833402,osm_hausnummer 42–46,50.939935,6.833369,12,18,Weiden,Weiden,,https://www.openstreetmap.org/?mlat=50.939935&mlon=6.833369#map=18/50.939935/6.833369,
S-02,1142,Weiden,"Goethestraße, Haus Nr. 48-40",in Fahrtrichtung Lövenich,hausnummer,50.939741,6.833315,"Goethestraße 48, Weiden, 50858 Köln, Deutschland",https://www.openstreetmap.org/?mlat=50.939741&mlon=6.833315#map=18/50.939741/6.833315,osm_hausnummer 48–40,50.93998,6.833349,27,17,Weiden,Weiden,,https://www.openstreetmap.org/?mlat=50.939980&mlon=6.833349#map=18/50.939980/6.833349,
S-02,1151,Westhoven,"Berliner Straße, Haus Nr.27-33",in Fahrtrichtung Oberstraße,stadtteil,50.898321,7.022011,"Westhoven, Köln, NW, Deutschland",https://www.openstreetmap.org/?mlat=50.898321&mlon=7.022011#map=18/50.898321/7.022011,osm_hausnummer 27–33,50.899534,7.023162,157,72,Westhoven,Westhoven,genauigkeit=stadtteil; 157 m von OSM-Hausnummer; 72 m neben der Straße,https://www.openstreetmap.org/?mlat=50.899534&mlon=7.023162#map=18/50.899534/7.023162,"50.899534,7.023162 · OSM-Abgleich: Geocoder fand nur den Stadtteil; ersetzt durch OSM-Adresse Nr. 27–33"
S-02,1152,Westhoven,"Berliner Straße, Haus Nr.33-21",in Fahrtrichtung Kölner Straße,stadtteil,50.898321,7.022011,"Westhoven, Köln, NW, Deutschland",https://www.openstreetmap.org/?mlat=50.898321&mlon=7.022011#map=18/50.898321/7.022011,osm_hausnummer 33–21,50.89969,7.023363,179,72,Westhoven,Westhoven,genauigkeit=stadtteil; 179 m von OSM-Hausnummer; 72 m neben der Straße,https://www.openstreetmap.org/?mlat=50.899690&mlon=7.023363#map=18/50.899690/7.023363,"50.899690,7.023363 · OSM-Abgleich: Geocoder fand nur den Stadtteil; ersetzt durch OSM-Adresse Nr. 33–21"
S-02,1154,Deutz,"Gummersbacher Straße,Lat.19-15",in Fahrtrichtung Deutz-Kalker Str.,strasse,50.938295,6.988017,"Gummersbacher Straße, Deutz, 50679 Köln, Deutschland",https://www.openstreetmap.org/?mlat=50.938295&mlon=6.988017#map=18/50.938295/6.988017,osm_strasse (±410 m),50.938209,6.987528,36,0,Deutz,Deutz,genauigkeit=strasse,https://www.openstreetmap.org/?mlat=50.938209&mlon=6.987528#map=18/50.938209/6.987528,
S-02,1155,Deutz,"Gummersbacher Straße, Lat.6-10",in Fahrtrichtung Kalk,strasse,50.938295,6.988017,"Gummersbacher Straße, Deutz, 50679 Köln, Deutschland",https://www.openstreetmap.org/?mlat=50.938295&mlon=6.988017#map=18/50.938295/6.988017,osm_strasse (±410 m),50.938209,6.987528,36,0,Deutz,Deutz,genauigkeit=strasse,https://www.openstreetmap.org/?mlat=50.938209&mlon=6.987528#map=18/50.938209/6.987528,
S-02,1207,Buchheim,"Herler Ring, Laterne 14-22",in Fahrtrichtung Höhenberg,strasse,50.963119,7.02766,"Herler Ring, Buchheim, 51067 Köln, Deutschland",https://www.openstreetmap.org/?mlat=50.963119&mlon=7.027660#map=18/50.963119/7.027660,osm_strasse (±300 m),50.963975,7.027973,98,0,Buchheim,Buchheim,genauigkeit=strasse,https://www.openstreetmap.org/?mlat=50.963975&mlon=7.027973#map=18/50.963975/7.027973,
S-02,1208,Buchheim,"Herler Ring, Laterne 21-11",in FR. Bergisch Gladbacher Straße,strasse,50.963119,7.02766,"Herler Ring, Buchheim, 51067 Köln, Deutschland",https://www.openstreetmap.org/?mlat=50.963119&mlon=7.027660#map=18/50.963119/7.027660,osm_strasse (±300 m),50.963975,7.027973,98,0,Buchheim,Buchheim,genauigkeit=strasse,https://www.openstreetmap.org/?mlat=50.963975&mlon=7.027973#map=18/50.963975/7.027973,
S-02,1209,Höhenhaus,"Birkenweg, Haus Nr. 11-9",in Fahrtrichtung Im Weidenbruch,hausnummer,50.985053,7.041054,"Birkenweg 11, Höhenhaus, 51061 Köln, Deutschland",https://www.openstreetmap.org/?mlat=50.985053&mlon=7.041054#map=18/50.985053/7.041054,osm_hausnummer 11–9,50.984956,7.041049,11,21,Höhenhaus,Höhenhaus,,https://www.openstreetmap.org/?mlat=50.984956&mlon=7.041049#map=18/50.984956/7.041049,
S-02,1213,Mülheim,Berg.Gladbacher Str.gg.115-121,in Fahrtrichtung stadtauswärts,hausnummer,50.96346,7.01463,"Bergisch Gladbacher Straße 115, Mülheim, 51065 Köln, Deutschland",https://www.openstreetmap.org/?mlat=50.963460&mlon=7.014630#map=18/50.963460/7.014630,osm_hausnummer 115–121,50.96348,7.014778,11,15,Mülheim,Mülheim,,https://www.openstreetmap.org/?mlat=50.963480&mlon=7.014778#map=18/50.963480/7.014778,
S-02,1214,Zollstock,"Kalscheurer Weg, Haus Nr.49-61",in Fahrtrichtung Kendenicher Straße,hausnummer,50.904475,6.939,"Kalscheurer Weg 49, Indianersiedlung Zollstock, 50969 Köln, Deutschland",https://www.openstreetmap.org/?mlat=50.904475&mlon=6.939000#map=18/50.904475/6.939000,osm_hausnummer 49–61,50.903358,6.938201,136,19,Zollstock,Zollstock,,https://www.openstreetmap.org/?mlat=50.903358&mlon=6.938201#map=18/50.903358/6.938201,
S-02,1216,Rodenkirchen,"Sürther Straße, Haus Nr. 172",in Fahrtrichtung Kölnstraße,strasse,50.879884,7.002599,"Sürther Straße, Rodenkirchen, 50999 Köln, Deutschland",https://www.openstreetmap.org/?mlat=50.879884&mlon=7.002599#map=18/50.879884/7.002599,osm_strasse (±1220 m),50.88097,7.001915,130,0,Rodenkirchen,Rodenkirchen,genauigkeit=strasse,https://www.openstreetmap.org/?mlat=50.880970&mlon=7.001915#map=18/50.880970/7.001915,", · OSM-Abgleich: Geocoder fand nur die Straße; Straße im Stadtteil zu lang für einen verlässlichen Punkt (±1220 m) → weggelassen"
S-02,1218,Rodenkirchen,"Hauptstraße, Haus Nr. 28-24",in Fahrtrichtung Marienburg,hausnummer,50.896019,6.99093,"Hauptstr. 28, 50996 Köln, Deutschland",https://www.openstreetmap.org/?mlat=50.896019&mlon=6.990930#map=18/50.896019/6.990930,osm_hausnummer 28–24,50.896271,6.990691,33,28,Rodenkirchen,Rodenkirchen,,https://www.openstreetmap.org/?mlat=50.896271&mlon=6.990691#map=18/50.896271/6.990691,
S-02,1225,Weiß,"Heinrichstraße, Haus Nr. 54-6",in Fahrtrichtung Weißer Hauptstraße,hausnummer,50.872071,7.022838,"Heinrichstraße 54, Weiß, 50999 Köln, Deutschland",https://www.openstreetmap.org/?mlat=50.872071&mlon=7.022838#map=18/50.872071/7.022838,osm_hausnummer 54–6,50.87359,7.025692,262,15,Weiß,Weiß,262 m von OSM-Hausnummer,https://www.openstreetmap.org/?mlat=50.873590&mlon=7.025692#map=18/50.873590/7.025692,"50.873590,7.025692 · OSM-Abgleich: Geocoder-Punkt 262 m von der OSM-Adresse entfernt; ersetzt durch OSM-Adresse Nr. 54–6"
S-02,1226,Weiß,"Heinrichstraße, Haus Nr. 6-54",in Fahrtrichtung Hammerschmidtstr.,strasse,50.874463,7.027793,"Heinrichstraße, Weiß, 50999 Köln, Deutschland",https://www.openstreetmap.org/?mlat=50.874463&mlon=7.027793#map=18/50.874463/7.027793,osm_hausnummer 6–54,50.87359,7.025692,176,0,Weiß,Weiß,genauigkeit=strasse; 176 m von OSM-Hausnummer,https://www.openstreetmap.org/?mlat=50.873590&mlon=7.025692#map=18/50.873590/7.025692,"50.873590,7.025692 · OSM-Abgleich: Geocoder-Punkt 176 m von der OSM-Adresse entfernt; ersetzt durch OSM-Adresse Nr. 6–54"
S-02,1228,Sürth,Sürther Hauptstr.Hs.Nr.130-126,in Fahrtrichtung Bahnhofstraße,hausnummer,50.864788,7.01231,"Sürther Hauptstraße 130, 50999 Köln, Deutschland",https://www.openstreetmap.org/?mlat=50.864788&mlon=7.012310#map=18/50.864788/7.012310,osm_hausnummer 130–126,50.864751,7.01224,6,17,Sürth,Sürth,,https://www.openstreetmap.org/?mlat=50.864751&mlon=7.012240#map=18/50.864751/7.012240,
S-02,1237,Widdersdorf,"Unter Linden, Haus Nr. 211-183",in Fahrtrichtung Am Aspelkreuz,hausnummer,50.960025,6.833816,"Unter Linden 211, Widdersdorf, 50859 Köln, Deutschland",https://www.openstreetmap.org/?mlat=50.960025&mlon=6.833816#map=18/50.960025/6.833816,osm_hausnummer 211–183,50.96023,6.83435,44,16,Widdersdorf,Widdersdorf,,https://www.openstreetmap.org/?mlat=50.960230&mlon=6.834350#map=18/50.960230/6.834350,
S-02,1239,Widdersdorf,"Unter Linden, Laterne 114-122",in Fahrtrichtung Adrian-Meller-Str.,strasse,50.966099,6.841468,"Unter Linden, Widdersdorf, 50859 Köln, Deutschland",https://www.openstreetmap.org/?mlat=50.966099&mlon=6.841468#map=18/50.966099/6.841468,osm_strasse (±760 m),50.962544,6.839247,425,0,Widdersdorf,Widdersdorf,genauigkeit=strasse,https://www.openstreetmap.org/?mlat=50.962544&mlon=6.839247#map=18/50.962544/6.839247,
S-02,1241,Widdersdorf,"Unter Linden, Haus Nr. 119-123",in Fahrtrichtung Neue Sandkaul,strasse,50.962553,6.840563,"Beginenhof, Unter Linden 119, Widdersdorf, 50859 Köln, Deutschland",https://www.openstreetmap.org/?mlat=50.962553&mlon=6.840563#map=18/50.962553/6.840563,osm_hausnummer 119–123,50.962452,6.840215,27,32,Widdersdorf,Widdersdorf,genauigkeit=strasse,https://www.openstreetmap.org/?mlat=50.962452&mlon=6.840215#map=18/50.962452/6.840215,"50.962452,6.840215 · OSM-Abgleich: Geocoder fand nur die Straße; ersetzt durch OSM-Adresse Nr. 119–123"
S-02,1250,Lindenthal,"Piusstraße, Laterne 15-19",in Fahrtrichtung Aachener Straße,stadtteil,50.929897,6.9144,"Lindenthal, Köln, NW, Deutschland",https://www.openstreetmap.org/?mlat=50.929897&mlon=6.914400#map=18/50.929897/6.914400,osm_strasse (±300 m),50.939459,6.922324,1200,930,Lindenthal,Lindenthal,genauigkeit=stadtteil; 930 m neben der Straße,https://www.openstreetmap.org/?mlat=50.939459&mlon=6.922324#map=18/50.939459/6.922324,"50.939459,6.922324 · OSM-Abgleich: Geocoder fand nur den Stadtteil; ersetzt durch OSM-Straßenmitte im Stadtteil (±300 m)"
S-02,1254,Gremberghoven,"Hansestraße, BAB-Brücke",in Fahrtrichtung Maarhäuser Weg,strasse,50.914177,7.06522,"Hansestraße, Gremberghoven, 51149 Köln, Deutschland",https://www.openstreetmap.org/?mlat=50.914177&mlon=7.065220#map=18/50.914177/7.065220,osm_strasse (±790 m),50.914179,7.064858,25,0,Gremberghoven,Gremberghoven,genauigkeit=strasse,https://www.openstreetmap.org/?mlat=50.914179&mlon=7.064858#map=18/50.914179/7.064858,
S-02,1267,Mülheim,"Elisab.-Breuer-Straße,Haus6-48",in Fahrtrichtung Mündelstraße,hausnummer,50.95991,7.009319,"Elisabeth-Breuer-Straße 6, Mülheim, 51065 Köln, Deutschland",https://www.openstreetmap.org/?mlat=50.959910&mlon=7.009319#map=18/50.959910/7.009319,osm_hausnummer 6,50.95994,7.009323,3,14,Mülheim,Mülheim,,https://www.openstreetmap.org/?mlat=50.959940&mlon=7.009323#map=18/50.959940/7.009323,
S-02,1268,Mülheim,"Elisab.-Breuer-Straße,Haus63-3",in Fahrtrichtung Frankfurter Straße,strasse,50.961628,7.011578,"Altenzentrum St. Josef-Elisabeth (Senioreneinrichtung), Elisabeth-Breuer-Straße 63, Mülheim, 51065 Köln, Deutschland",https://www.openstreetmap.org/?mlat=50.961628&mlon=7.011578#map=18/50.961628/7.011578,osm_hausnummer 63,50.961626,7.011569,1,19,Mülheim,Mülheim,genauigkeit=strasse,https://www.openstreetmap.org/?mlat=50.961626&mlon=7.011569#map=18/50.961626/7.011569,"50.961626,7.011569 · OSM-Abgleich: Geocoder fand nur die Straße; ersetzt durch OSM-Adresse Nr. 63"
S-02,1269,Lövenich,"Kölner Straße, gegenüb.Haus 58",in Fahrtrichtung Brauweilerstraße,hausnummer,50.946716,6.838818,"Lövenich, Kölner Straße 58, 50859 Köln, Deutschland",https://www.openstreetmap.org/?mlat=50.946716&mlon=6.838818#map=18/50.946716/6.838818,osm_hausnummer 58,50.946716,6.838818,0,20,Lövenich,Lövenich,,https://www.openstreetmap.org/?mlat=50.946716&mlon=6.838818#map=18/50.946716/6.838818,
S-02,1270,Lövenich,"Kölner Straße, Haus Nr. 56e-58",in Fahrtrichtung Egelspfad,hausnummer,50.946684,6.838197,"Lövenich, Kölner Straße 56e, 50859 Köln, Deutschland",https://www.openstreetmap.org/?mlat=50.946684&mlon=6.838197#map=18/50.946684/6.838197,osm_hausnummer 56e–58,50.94669,6.838509,22,18,Lövenich,Lövenich,,https://www.openstreetmap.org/?mlat=50.946690&mlon=6.838509#map=18/50.946690/6.838509,
S-02,1274,Neustadt/Süd,"Hohenstaufenring, Haus 34-58",in Fahrtrichtung Rudolfplatz,hausnummer,50.9318,6.940863,"Hohenstaufenring 34, 50674 Köln, Deutschland",https://www.openstreetmap.org/?mlat=50.931800&mlon=6.940863#map=18/50.931800/6.940863,osm_hausnummer 34–58,50.932465,6.940529,78,20,Neustadt/Süd,Neustadt/Süd,,https://www.openstreetmap.org/?mlat=50.932465&mlon=6.940529#map=18/50.932465/6.940529,
S-02,1276,Neustadt/Süd,"Hohenstaufenring, Haus 57a-57",in Fahrtrichtung Barbarossaplatz,hausnummer,50.934057,6.939224,"Hohenstaufenring 57a, 50674 Köln, Deutschland",https://www.openstreetmap.org/?mlat=50.934057&mlon=6.939224#map=18/50.934057/6.939224,osm_hausnummer 57a–57,50.933897,6.939251,18,16,Neustadt/Süd,Neustadt/Süd,,https://www.openstreetmap.org/?mlat=50.933897&mlon=6.939251#map=18/50.933897/6.939251,
S-02,1277,Neustadt/Süd,"Hohenstaufenring, Haus 51-29",in Fahrtrichtung Barbarossaplatz,hausnummer,50.932552,6.939767,"Hohenstaufenring 51, 50674 Köln, Deutschland",https://www.openstreetmap.org/?mlat=50.932552&mlon=6.939767#map=18/50.932552/6.939767,osm_hausnummer 51–29,50.932153,6.940012,48,16,Neustadt/Süd,Neustadt/Süd,,https://www.openstreetmap.org/?mlat=50.932153&mlon=6.940012#map=18/50.932153/6.940012,
S-02,1278,Neustadt/Süd,"Hohenstaufenring, Haus 21-9",in Fahrtrichtung Barbarossaplatz,hausnummer,50.930359,6.940717,"Hohenstaufenring 21, 50674 Köln, Deutschland",https://www.openstreetmap.org/?mlat=50.930359&mlon=6.940717#map=18/50.930359/6.940717,osm_hausnummer 21–9,50.930088,6.940796,31,15,Neustadt/Süd,Neustadt/Süd,,https://www.openstreetmap.org/?mlat=50.930088&mlon=6.940796#map=18/50.930088/6.940796,
S-02,1284,Neustadt/Nord,"Hansaring, Haus Nr. 75-55",in Fahrtricht. Kaiser-Wilhelm-Ring,hausnummer,50.948087,6.949065,"Hansaring 75, 50670 Köln, Deutschland",https://www.openstreetmap.org/?mlat=50.948087&mlon=6.949065#map=18/50.948087/6.949065,osm_hausnummer 75–55,50.947741,6.948192,72,16,Neustadt/Nord,Neustadt/Nord,,https://www.openstreetmap.org/?mlat=50.947741&mlon=6.948192#map=18/50.947741/6.948192,
S-02,1285,Neustadt/Nord,"Hansaring, Haus Nr. 19-1",in Fahrtricht. Kaiser-Wilhelm-Ring,hausnummer,50.946348,6.944812,"Hansaring 19, 50670 Köln, Deutschland",https://www.openstreetmap.org/?mlat=50.946348&mlon=6.944812#map=18/50.946348/6.944812,osm_hausnummer 19–1,50.945983,6.944014,69,18,Neustadt/Nord,Neustadt/Nord,,https://www.openstreetmap.org/?mlat=50.945983&mlon=6.944014#map=18/50.945983/6.944014,
S-02,1287,Lindenthal,"Aachener Straße, Haus 259-75",in Fahrtrichtung stadteinwärts,hausnummer,50.936484,6.918203,"Aachener Straße 259, Lindenthal, 50931 Köln, Deutschland",https://www.openstreetmap.org/?mlat=50.936484&mlon=6.918203#map=18/50.936484/6.918203,osm_hausnummer 259–75,50.93644,6.921059,200,17,Lindenthal,Lindenthal,200 m von OSM-Hausnummer,https://www.openstreetmap.org/?mlat=50.936440&mlon=6.921059#map=18/50.936440/6.921059,"50.936440,6.921059 · OSM-Abgleich: Geocoder-Punkt 200 m von der OSM-Adresse entfernt; ersetzt durch OSM-Adresse Nr. 259–75"
S-02,1288,Lindenthal,Aachener Str.253/317 Friedhof,in Fahrtrichtung stadtauswärts,hausnummer,50.936479,6.918827,"Aachener Straße 253, Lindenthal, 50931 Köln, Deutschland",https://www.openstreetmap.org/?mlat=50.936479&mlon=6.918827#map=18/50.936479/6.918827,osm_hausnummer 253,50.936479,6.918827,0,17,Lindenthal,Lindenthal,,https://www.openstreetmap.org/?mlat=50.936479&mlon=6.918827#map=18/50.936479/6.918827,
S-02,1290,Braunsfeld,"Aachener Straße, Haus 675-635",in Fahrtrichtung stadteinwärts,hausnummer,50.937269,6.885542,"Aachener Straße 675, Braunsfeld, 50933 Köln, Deutschland",https://www.openstreetmap.org/?mlat=50.937269&mlon=6.885542#map=18/50.937269/6.885542,osm_hausnummer 675–635,50.937245,6.887036,105,26,Braunsfeld,Braunsfeld,,https://www.openstreetmap.org/?mlat=50.937245&mlon=6.887036#map=18/50.937245/6.887036,
S-02,1295,Braunsfeld,"Aachener Straße, Haus 544-608",in Fahrtrichtung stadtauswärts,hausnummer,50.937861,6.889024,"Aachener Straße 544, Braunsfeld, 50933 Köln, Deutschland",https://www.openstreetmap.org/?mlat=50.937861&mlon=6.889024#map=18/50.937861/6.889024,osm_hausnummer 544–608,50.937832,6.886962,145,33,Braunsfeld,Braunsfeld,,https://www.openstreetmap.org/?mlat=50.937832&mlon=6.886962#map=18/50.937832/6.886962,
S-02,1305,Altstadt/Nord,"Leystapel, Laterne 8",Fahrtrichtung Konrad-Adenauer-Ufer,stadtteil,50.942265,6.953188,"Altstadt-Nord, Köln, NW, Deutschland",https://www.openstreetmap.org/?mlat=50.942265&mlon=6.953188#map=18/50.942265/6.953188,osm_strasse (±170 m),50.934575,6.963042,1100,972,Altstadt-Nord,Altstadt-Nord,genauigkeit=stadtteil; 972 m neben der Straße,https://www.openstreetmap.org/?mlat=50.934575&mlon=6.963042#map=18/50.934575/6.963042,"50.934575,6.963042 · OSM-Abgleich: Geocoder fand nur den Stadtteil; ersetzt durch OSM-Straßenmitte im Stadtteil (±170 m)"
S-02,1310,Eil,"Grengeler Mauspfad L489 Km 1,2",in Fahrtrichtung Rath/Heumar,strasse,50.899465,7.101063,"Grengeler Mauspfad, Eil, 51149 Köln, Deutschland",https://www.openstreetmap.org/?mlat=50.899465&mlon=7.101063#map=18/50.899465/7.101063,osm_strasse (±1030 m),50.89059,7.102278,991,0,Eil,Eil,genauigkeit=strasse,https://www.openstreetmap.org/?mlat=50.890590&mlon=7.102278#map=18/50.890590/7.102278,", · OSM-Abgleich: Geocoder fand nur die Straße; Straße im Stadtteil zu lang für einen verlässlichen Punkt (±1030 m) → weggelassen"
S-02,1314,Brück,Olpener Straße Hs Nr.1071-959,in Fahrtrichtung stadteinwärts,hausnummer,50.948001,7.090669,"Olpener Straße 1071, Brück, 51109 Köln, Deutschland",https://www.openstreetmap.org/?mlat=50.948001&mlon=7.090669#map=18/50.948001/7.090669,osm_hausnummer 1071–959,50.947732,7.088444,159,30,Brück,Brück,159 m von OSM-Hausnummer,https://www.openstreetmap.org/?mlat=50.947732&mlon=7.088444#map=18/50.947732/7.088444,"50.947732,7.088444 · OSM-Abgleich: Geocoder-Punkt 159 m von der OSM-Adresse entfernt; ersetzt durch OSM-Adresse Nr. 1071–959"
S-02,1315,Brück,Olpener Straße Hs Nr. 955-1071,in Fahrtrichtung stadtauswärts,hausnummer,50.947296,7.085483,"Olpener Straße 955, Brück, 51109 Köln, Deutschland",https://www.openstreetmap.org/?mlat=50.947296&mlon=7.085483#map=18/50.947296/7.085483,osm_hausnummer 955–1071,50.94767,7.088087,187,30,Brück,Brück,187 m von OSM-Hausnummer,https://www.openstreetmap.org/?mlat=50.947670&mlon=7.088087#map=18/50.947670/7.088087,"50.947670,7.088087 · OSM-Abgleich: Geocoder-Punkt 187 m von der OSM-Adresse entfernt; ersetzt durch OSM-Adresse Nr. 955–1071"
S-02,1317,Feldkassel,Robert-Bosch-Str. Haus Nr. 4-6,in Fahrtrichtung Rheinkassel,strasse,51.032244,6.920311,"R&S Mobile, Robert-Bosch-Straße 4, Feldkassel, 50769 Köln, Deutschland",https://www.openstreetmap.org/?mlat=51.032244&mlon=6.920311#map=18/51.032244/6.920311,osm_hausnummer 4–6,51.032927,6.9212,98,38,,Merkenich,genauigkeit=strasse,https://www.openstreetmap.org/?mlat=51.032927&mlon=6.921200#map=18/51.032927/6.921200,"51.032927,6.921200 · OSM-Abgleich: Geocoder fand nur die Straße; ersetzt durch OSM-Adresse Nr. 4–6"
S-02,1318,Roggendorf/Thenhoven,Bruchstraße Haus Nr. 15-19,in Fahrtrichtung Blumenberg,hausnummer,51.051901,6.853142,"Bruchstraße 15, 50769 Köln, Deutschland",https://www.openstreetmap.org/?mlat=51.051901&mlon=6.853142#map=18/51.051901/6.853142,osm_hausnummer 15–19,51.051558,6.853209,38,33,Roggendorf/Thenhoven,Roggendorf/Thenhoven,,https://www.openstreetmap.org/?mlat=51.051558&mlon=6.853209#map=18/51.051558/6.853209,
S-02,1319,Roggendorf/Thenhoven,Bruchstraße Haus Nr. 19-15,in Fahrtrichtung Worringen,hausnummer,51.0512,6.853273,"Bruchstraße 19, 50769 Köln, Deutschland",https://www.openstreetmap.org/?mlat=51.051200&mlon=6.853273#map=18/51.051200/6.853273,osm_hausnummer 19–15,51.051558,6.853209,40,16,Roggendorf/Thenhoven,Roggendorf/Thenhoven,,https://www.openstreetmap.org/?mlat=51.051558&mlon=6.853209#map=18/51.051558/6.853209,
S-02,1322,Rath/Heumar,Rösrather Str. Hs Nr. 751-749,in Fahrtrichtung Gröppergasse,strasse,50.920361,7.096238,"Rösrather Straße 751, 51107 Köln, Deutschland",https://www.openstreetmap.org/?mlat=50.920361&mlon=7.096238#map=18/50.920361/7.096238,osm_hausnummer 751–749,50.920373,7.096069,12,14,Rath/Heumar,Rath/Heumar,genauigkeit=strasse,https://www.openstreetmap.org/?mlat=50.920373&mlon=7.096069#map=18/50.920373/7.096069,"50.920373,7.096069 · OSM-Abgleich: Geocoder fand nur die Straße; ersetzt durch OSM-Adresse Nr. 751–749"
S-02,1323,Rath/Heumar,Rösrather Str. Haus Nr. 749,in Fahrtrichtung Rather Mauspfad,strasse,50.920384,7.095901,"Rösrather Straße 749, 51107 Köln, Deutschland",https://www.openstreetmap.org/?mlat=50.920384&mlon=7.095901#map=18/50.920384/7.095901,osm_hausnummer 749,50.920384,7.095901,0,14,Rath/Heumar,Rath/Heumar,genauigkeit=strasse,https://www.openstreetmap.org/?mlat=50.920384&mlon=7.095901#map=18/50.920384/7.095901,"50.920384,7.095901 · OSM-Abgleich: Geocoder fand nur die Straße; ersetzt durch OSM-Adresse Nr. 749"
S-02,1326,Bickendorf,Akazienweg Haus Nr. 60-68,in Fahrtrichtung Venloer Straße,hausnummer,50.962315,6.893165,"Akazienweg 60, Bickendorf, 50827 Köln, Deutschland",https://www.openstreetmap.org/?mlat=50.962315&mlon=6.893165#map=18/50.962315/6.893165,osm_hausnummer 60–68,50.961969,6.892976,41,14,Bickendorf,Bickendorf,,https://www.openstreetmap.org/?mlat=50.961969&mlon=6.892976#map=18/50.961969/6.892976,
S-02,1327,Bickendorf,Akazienweg Haus Nr. 153-145,in Fahrtrichtung Grüner Brunnenweg,hausnummer,50.961874,6.893321,"Akazienweg 153, Bickendorf, 50827 Köln, Deutschland",https://www.openstreetmap.org/?mlat=50.961874&mlon=6.893321#map=18/50.961874/6.893321,osm_hausnummer 153–145,50.962199,6.893512,39,13,Bickendorf,Bickendorf,,https://www.openstreetmap.org/?mlat=50.962199&mlon=6.893512#map=18/50.962199/6.893512,
S-02,1328,Marienburg,Lindenallee Haus Nr. 8-2,in Fahrtrichtung Parkstraße,hausnummer,50.899126,6.978285,"Lindenallee 8, Marienburg, 50968 Köln, Deutschland",https://www.openstreetmap.org/?mlat=50.899126&mlon=6.978285#map=18/50.899126/6.978285,osm_hausnummer 8–2,50.899494,6.978398,42,19,Marienburg,Marienburg,,https://www.openstreetmap.org/?mlat=50.899494&mlon=6.978398#map=18/50.899494/6.978398,
S-02,1329,Marienburg,Lindenallee Haus Nr. 4-10,in Fahrtrichtung Leyboldstraße,hausnummer,50.899694,6.978439,"Lindenallee 4, Marienburg, 50968 Köln, Deutschland",https://www.openstreetmap.org/?mlat=50.899694&mlon=6.978439#map=18/50.899694/6.978439,osm_hausnummer 4–10,50.899323,6.978264,43,32,Marienburg,Marienburg,,https://www.openstreetmap.org/?mlat=50.899323&mlon=6.978264#map=18/50.899323/6.978264,
S-02,1336,Brück,Brücker Mauspfad Nr. 449-465,in Fahrtrichtung Olpener Straße,hausnummer,50.941032,7.084954,"Brücker Mauspfad 449, 51109 Köln, Deutschland",https://www.openstreetmap.org/?mlat=50.941032&mlon=7.084954#map=18/50.941032/7.084954,osm_hausnummer 449–465,50.941696,7.084355,85,26,Brück,Brück,,https://www.openstreetmap.org/?mlat=50.941696&mlon=7.084355#map=18/50.941696/7.084355,
S-02,1337,Brück,Brücker Mauspfad Nr. 457-437,in Fahrtrichtung Rath/Heumar,hausnummer,50.941443,7.08458,"Brücker Mauspfad 457, 51109 Köln, Deutschland",https://www.openstreetmap.org/?mlat=50.941443&mlon=7.084580#map=18/50.941443/7.084580,osm_hausnummer 457–437,50.940999,7.085031,59,26,Brück,Brück,,https://www.openstreetmap.org/?mlat=50.940999&mlon=7.085031#map=18/50.940999/7.085031,
S-02,1340,Brück,Olpener Straße Haus Nr.710-752,in Fahrtrichtung stadtauswärts,hausnummer,50.945265,7.064369,"Olpener Straße 710, Brück, 51109 Köln, Deutschland",https://www.openstreetmap.org/?mlat=50.945265&mlon=7.064369#map=18/50.945265/7.064369,osm_hausnummer 710–752,50.945533,7.065835,107,29,Brück,Brück,,https://www.openstreetmap.org/?mlat=50.945533&mlon=7.065835#map=18/50.945533/7.065835,
S-02,1341,Sürth,Sürther Hauptstraße HS Nr. 178,in Fahrtrichtung Kölnstraße,hausnummer,50.86709,7.01672,"Sürther Hauptstraße 178, 50999 Köln, Deutschland",https://www.openstreetmap.org/?mlat=50.867090&mlon=7.016720#map=18/50.867090/7.016720,osm_hausnummer 178,50.86709,7.01672,0,14,Sürth,Sürth,,https://www.openstreetmap.org/?mlat=50.867090&mlon=7.016720#map=18/50.867090/7.016720,
S-02,1342,Sürth,Sürther Hauptstraße HS Nr. 180,in Fahrtrichtung Heidelweg,hausnummer,50.866793,7.017048,"Sürther Hauptstraße 180, 50999 Köln, Deutschland",https://www.openstreetmap.org/?mlat=50.866793&mlon=7.017048#map=18/50.866793/7.017048,osm_hausnummer 180,50.866793,7.017048,0,55,Sürth,Sürth,,https://www.openstreetmap.org/?mlat=50.866793&mlon=7.017048#map=18/50.866793/7.017048,
S-02,1345,Bilderstöckchen,Geldernstraße Laterne 14-36,in Fahrtrichtung Parkgürtel,strasse,50.961564,6.940195,"Geldernstraße, Bilderstöckchen, 50739 Köln, Deutschland",https://www.openstreetmap.org/?mlat=50.961564&mlon=6.940195#map=18/50.961564/6.940195,osm_strasse (±670 m),50.964198,6.940206,293,0,Bilderstöckchen,Bilderstöckchen,genauigkeit=strasse,https://www.openstreetmap.org/?mlat=50.964198&mlon=6.940206#map=18/50.964198/6.940206,
S-02,1346,Bilderstöckchen,Geldernstraße Laterne 30-12,in Fahrtrichtung Escher Straße,strasse,50.961564,6.940195,"Geldernstraße, Bilderstöckchen, 50739 Köln, Deutschland",https://www.openstreetmap.org/?mlat=50.961564&mlon=6.940195#map=18/50.961564/6.940195,osm_strasse (±670 m),50.964198,6.940206,293,0,Bilderstöckchen,Bilderstöckchen,genauigkeit=strasse,https://www.openstreetmap.org/?mlat=50.964198&mlon=6.940206#map=18/50.964198/6.940206,
S-02,1371,Mülheim,Mülheimer Freiheit Hs Nr. 8-2,in Fahrtrichtung Deutz,hausnummer,50.96264,6.998101,"Mülheimer Freiheit 8, 51063 Köln, Deutschland",https://www.openstreetmap.org/?mlat=50.962640&mlon=6.998101#map=18/50.962640/6.998101,osm_hausnummer 8–2,50.962563,6.998064,9,14,Mülheim,Mülheim,,https://www.openstreetmap.org/?mlat=50.962563&mlon=6.998064#map=18/50.962563/6.998064,
S-02,1373,Sürth,Heinrich-Erpenbach-Str. 16-66,in Fahrtrichtung Kölnstr.,hausnummer,50.865928,7.004726,"Heinrich-Erpenbach-Straße 16, Sürth, 50999 Köln, Deutschland",https://www.openstreetmap.org/?mlat=50.865928&mlon=7.004726#map=18/50.865928/7.004726,osm_hausnummer 16–66,50.866977,7.004948,118,17,Sürth,Sürth,,https://www.openstreetmap.org/?mlat=50.866977&mlon=7.004948#map=18/50.866977/7.004948,
S-02,1374,Sürth,Heinrich-Erpenbach-Str. 62-16,in Fahrtrichtung Bahnhofstr.,hausnummer,50.867849,7.005119,"Heinrich-Erpenbach-Straße 62, Sürth, 50999 Köln, Deutschland",https://www.openstreetmap.org/?mlat=50.867849&mlon=7.005119#map=18/50.867849/7.005119,osm_hausnummer 62–16,50.866885,7.004924,108,15,Sürth,Sürth,,https://www.openstreetmap.org/?mlat=50.866885&mlon=7.004924#map=18/50.866885/7.004924,
S-02,1375,Sürth,Unter Buschweg Haus Nr. 2-26,in Fahrtrichtung Industriestr.,hausnummer,50.865541,7.003133,"Unter Buschweg 2, Sürth, 50999 Köln, Deutschland",https://www.openstreetmap.org/?mlat=50.865541&mlon=7.003133#map=18/50.865541/7.003133,osm_hausnummer 2–26,50.866098,7.002256,87,8,Sürth,Sürth,,https://www.openstreetmap.org/?mlat=50.866098&mlon=7.002256#map=18/50.866098/7.002256,
S-02,1381,Bocklemünd/Mengenich,Venloer Straße Haus Nr. 1275,in Fahrtrichtung stadteinwärts,hausnummer,50.976878,6.853227,"Venloer Straße 1275, 50829 Köln, Deutschland",https://www.openstreetmap.org/?mlat=50.976878&mlon=6.853227#map=18/50.976878/6.853227,osm_hausnummer 1275,50.976871,6.853364,10,32,Bocklemünd/Mengenich,Bocklemünd/Mengenich,,https://www.openstreetmap.org/?mlat=50.976871&mlon=6.853364#map=18/50.976871/6.853364,
S-02,1382,Neustadt/Süd,Agrippinaufer vor Südbrücke,in Fahrtrichtung Rodenkirchen,stadtteil,50.935003,6.93645,"Filiale Köln Neustadt-Süd, Händelstraße 37, 50674 Köln, Deutschland",https://www.openstreetmap.org/?mlat=50.935003&mlon=6.936450#map=18/50.935003/6.936450,osm_kreuzung Südbrücke,50.916566,6.970366,3141,5000,Neustadt/Süd,Neustadt/Süd,genauigkeit=stadtteil; 3141 m von OSM-Kreuzung; 5000 m neben der Straße,https://www.openstreetmap.org/?mlat=50.916566&mlon=6.970366#map=18/50.916566/6.970366,"50.916566,6.970366 · OSM-Abgleich: Geocoder fand nur den Stadtteil; ersetzt durch OSM-Kreuzung mit Südbrücke"
S-02,1387,Sülz,Neuenhöfer Allee 109-41,in Fahrtrichtung Berrenrather Str.,hausnummer,50.915875,6.912299,"Neuenhöfer Allee 109, Sülz, 50935 Köln, Deutschland",https://www.openstreetmap.org/?mlat=50.915875&mlon=6.912299#map=18/50.915875/6.912299,osm_hausnummer 109–41,50.914999,6.913702,138,25,Sülz,Sülz,,https://www.openstreetmap.org/?mlat=50.914999&mlon=6.913702#map=18/50.914999/6.913702,
S-02,1388,Sülz,Neuenhöfer Allee Hs. Nr. 38-76,in Fahrtrichtung Zülpicher Str.,hausnummer,50.914471,6.915349,"Neuenhöfer Allee 38, Sülz, 50935 Köln, Deutschland",https://www.openstreetmap.org/?mlat=50.914471&mlon=6.915349#map=18/50.914471/6.915349,osm_hausnummer 38–76,50.915439,6.913892,149,13,Sülz,Sülz,,https://www.openstreetmap.org/?mlat=50.915439&mlon=6.913892#map=18/50.915439/6.913892,
S-02,1391,Weiden,Ludwig-Jahn-Str. Hs. Nr. 46-72,in Fahrtrichtung Müngersdorf,hausnummer,50.942054,6.841063,"Ludwig-Jahn-Straße 46, Weiden, 50858 Köln, Deutschland",https://www.openstreetmap.org/?mlat=50.942054&mlon=6.841063#map=18/50.942054/6.841063,osm_hausnummer 46–72,50.941902,6.843173,149,18,Weiden,Weiden,,https://www.openstreetmap.org/?mlat=50.941902&mlon=6.843173#map=18/50.941902/6.843173,
S-02,1392,Weiden,Ludwig-Jahn-Str. Hs. Nr. 72-64,in Fahrtrichtung Lövenich,hausnummer,50.941787,6.845257,"Ludwig-Jahn-Straße 72, Weiden, 50858 Köln, Deutschland",https://www.openstreetmap.org/?mlat=50.941787&mlon=6.845257#map=18/50.941787/6.845257,osm_hausnummer 72–64,50.941772,6.844424,58,26,Weiden,Weiden,,https://www.openstreetmap.org/?mlat=50.941772&mlon=6.844424#map=18/50.941772/6.844424,
S-02,1408,Dellbrück,Dellbrücker Mauspfad L.13-21,Fahrtrichtung Bensberger Marktweg,strasse,50.956618,7.075789,"Dellbrücker Mauspfad, 51069 Köln, Deutschland",https://www.openstreetmap.org/?mlat=50.956618&mlon=7.075789#map=18/50.956618/7.075789,osm_strasse (±1430 m),50.96693,7.068153,1266,0,Dellbrück,Dellbrück,genauigkeit=strasse,https://www.openstreetmap.org/?mlat=50.966930&mlon=7.068153#map=18/50.966930/7.068153,", · OSM-Abgleich: Geocoder fand nur die Straße; Straße im Stadtteil zu lang für einen verlässlichen Punkt (±1430 m) → weggelassen"
S-02,1409,Dellbrück,Dellbrücker Mauspfad L.21-11,in Fahrtrichtung Brück,strasse,50.956618,7.075789,"Dellbrücker Mauspfad, 51069 Köln, Deutschland",https://www.openstreetmap.org/?mlat=50.956618&mlon=7.075789#map=18/50.956618/7.075789,osm_strasse (±1430 m),50.96693,7.068153,1266,0,Dellbrück,Dellbrück,genauigkeit=strasse,https://www.openstreetmap.org/?mlat=50.966930&mlon=7.068153#map=18/50.966930/7.068153,", · OSM-Abgleich: Geocoder fand nur die Straße; Straße im Stadtteil zu lang für einen verlässlichen Punkt (±1430 m) → weggelassen"
S-02,1410,Höhenhaus,"Im Weidenbruch, Haus 109a-113",in Fahrtrichtung Honschaftstraße,hausnummer,50.981056,7.031181,"Im Weidenbruch 109a, Höhenhaus, 51061 Köln, Deutschland",https://www.openstreetmap.org/?mlat=50.981056&mlon=7.031181#map=18/50.981056/7.031181,osm_hausnummer 109a–113,50.981094,7.031322,11,16,Höhenhaus,Höhenhaus,,https://www.openstreetmap.org/?mlat=50.981094&mlon=7.031322#map=18/50.981094/7.031322,
S-02,1421,Lindenthal,Klosterstraße Haus Nr. 116-104,in Fahrtr. Friedrich-Schmidt-Str.,hausnummer,50.935289,6.913189,"Klosterstraße 116, Lindenthal, 50931 Köln, Deutschland",https://www.openstreetmap.org/?mlat=50.935289&mlon=6.913189#map=18/50.935289/6.913189,osm_hausnummer 116–104,50.935013,6.913225,31,15,Lindenthal,Lindenthal,,https://www.openstreetmap.org/?mlat=50.935013&mlon=6.913225#map=18/50.935013/6.913225,
S-02,1467,Neustadt/Süd,Lützowstraße 4-26,in Fahrtrichtung Moltkestraße,hausnummer,50.932529,6.932713,"Lützowstraße 4, 50674 Köln, Deutschland",https://www.openstreetmap.org/?mlat=50.932529&mlon=6.932713#map=18/50.932529/6.932713,osm_hausnummer 4–26,50.933114,6.932707,65,13,Neustadt/Süd,Neustadt/Süd,,https://www.openstreetmap.org/?mlat=50.933114&mlon=6.932707#map=18/50.933114/6.932707,
S-02,1471,Widdersdorf,Unter Linden 44-116,in Fahrtrichtung Palmenhof,strasse,50.966099,6.841468,"Unter Linden, Widdersdorf, 50859 Köln, Deutschland",https://www.openstreetmap.org/?mlat=50.966099&mlon=6.841468#map=18/50.966099/6.841468,osm_strasse (±760 m),50.962544,6.839247,425,0,Widdersdorf,Widdersdorf,genauigkeit=strasse,https://www.openstreetmap.org/?mlat=50.962544&mlon=6.839247#map=18/50.962544/6.839247,
S-02,1475,Rath/Heumar,Eiler Straße 67,in Fahrtrichtung Rösrather Straße,strasse,50.915801,7.080925,"Kleine Riesen, Eiler Straße 67, 51107 Köln, Deutschland",https://www.openstreetmap.org/?mlat=50.915801&mlon=7.080925#map=18/50.915801/7.080925,osm_hausnummer 67,50.915815,7.080931,2,19,Rath/Heumar,Rath/Heumar,genauigkeit=strasse,https://www.openstreetmap.org/?mlat=50.915815&mlon=7.080931#map=18/50.915815/7.080931,"50.915815,7.080931 · OSM-Abgleich: Geocoder fand nur die Straße; ersetzt durch OSM-Adresse Nr. 67"
S-02,1476,Rath/Heumar,Eiler Straße 67-63,in Fahrtrichtung Eil,strasse,50.915801,7.080925,"Kleine Riesen, Eiler Straße 67, 51107 Köln, Deutschland",https://www.openstreetmap.org/?mlat=50.915801&mlon=7.080925#map=18/50.915801/7.080925,osm_hausnummer 67–63,50.915681,7.080992,14,19,Rath/Heumar,Rath/Heumar,genauigkeit=strasse,https://www.openstreetmap.org/?mlat=50.915681&mlon=7.080992#map=18/50.915681/7.080992,"50.915681,7.080992 · OSM-Abgleich: Geocoder fand nur die Straße; ersetzt durch OSM-Adresse Nr. 67–63"
S-02,1480,Braunsfeld,Friedr.-Schmidt-Str.ggü.Lat.56,in Fahrtrichtung Kitschburger Str.,strasse,50.934516,6.896014,"Friedrich-Schmidt-Straße, Braunsfeld, 50933 Köln, Deutschland",https://www.openstreetmap.org/?mlat=50.934516&mlon=6.896014#map=18/50.934516/6.896014,osm_strasse (±870 m),50.934443,6.898612,182,0,Braunsfeld,Braunsfeld,genauigkeit=strasse,https://www.openstreetmap.org/?mlat=50.934443&mlon=6.898612#map=18/50.934443/6.898612,
S-02,1486,Junkersdorf,Kirchweg 71-73,in Fahrtrichtung Aachener Straße,hausnummer,50.93457,6.862041,"Kirchweg 71, Junkersdorf, 50858 Köln, Deutschland",https://www.openstreetmap.org/?mlat=50.934570&mlon=6.862041#map=18/50.934570/6.862041,osm_hausnummer 71–73,50.934542,6.861993,5,17,Junkersdorf,Junkersdorf,,https://www.openstreetmap.org/?mlat=50.934542&mlon=6.861993#map=18/50.934542/6.861993,
S-02,1487,Junkersdorf,Kirchweg 71-73,in Fahrtrichtung Birkenallee,hausnummer,50.93457,6.862041,"Kirchweg 71, Junkersdorf, 50858 Köln, Deutschland",https://www.openstreetmap.org/?mlat=50.934570&mlon=6.862041#map=18/50.934570/6.862041,osm_hausnummer 71–73,50.934542,6.861993,5,17,Junkersdorf,Junkersdorf,,https://www.openstreetmap.org/?mlat=50.934542&mlon=6.861993#map=18/50.934542/6.861993,
S-02,1488,Junkersdorf,Kirchweg gegenüber 64-60,in Fahrtrichtung Aachener Straße,hausnummer,50.935149,6.862345,"Kirchweg 64, Junkersdorf, 50858 Köln, Deutschland",https://www.openstreetmap.org/?mlat=50.935149&mlon=6.862345#map=18/50.935149/6.862345,osm_hausnummer 64–60,50.935221,6.862438,10,16,Junkersdorf,Junkersdorf,,https://www.openstreetmap.org/?mlat=50.935221&mlon=6.862438#map=18/50.935221/6.862438,
S-02,1499,Neustadt Nord,Theodor-Heuss Ring 21-11,in Fahrtrichtung Ebertplatz,hausnummer,50.950974,6.963906,"Theodor-Heuss-Ring 21, 50668 Köln, Deutschland",https://www.openstreetmap.org/?mlat=50.950974&mlon=6.963906#map=18/50.950974/6.963906,osm_hausnummer 21–11,50.951125,6.962894,73,20,Neustadt/Nord,Neustadt/Nord,,https://www.openstreetmap.org/?mlat=50.951125&mlon=6.962894#map=18/50.951125/6.962894,
S-02,1502,Pesch,Johannesstraße 13-17,in Fahrtrichtung Militärringstraße,strasse,50.993465,6.881394,"Johannesstraße, Pesch, 50767 Köln, Deutschland",https://www.openstreetmap.org/?mlat=50.993465&mlon=6.881394#map=18/50.993465/6.881394,osm_hausnummer 13–17,50.99734,6.878117,488,0,Pesch,Pesch,genauigkeit=strasse; 488 m von OSM-Hausnummer,https://www.openstreetmap.org/?mlat=50.997340&mlon=6.878117#map=18/50.997340/6.878117,"50.997340,6.878117 · OSM-Abgleich: Geocoder-Punkt 488 m von der OSM-Adresse entfernt; ersetzt durch OSM-Adresse Nr. 13–17"
S-02,1529,Dellbrück,Gierather Straße 98-76,in Fahrtrichtung stadteinwärts,hausnummer,50.972089,7.097411,"Gierather Straße 98, Dellbrück, 51069 Köln, Deutschland",https://www.openstreetmap.org/?mlat=50.972089&mlon=7.097411#map=18/50.972089/7.097411,osm_hausnummer 98–76,50.971971,7.096395,72,17,Dellbrück,Dellbrück,,https://www.openstreetmap.org/?mlat=50.971971&mlon=7.096395#map=18/50.971971/7.096395,
S-02,1530,Dellbrück,Gierather Straße 82-104,in Fahrtrichtung stadtauswärts,hausnummer,50.971829,7.095909,"Gierather Straße 82, Dellbrück, 51069 Köln, Deutschland",https://www.openstreetmap.org/?mlat=50.971829&mlon=7.095909#map=18/50.971829/7.095909,osm_hausnummer 82–104,50.972085,7.096904,75,15,Dellbrück,Dellbrück,,https://www.openstreetmap.org/?mlat=50.972085&mlon=7.096904#map=18/50.972085/7.096904,
S-02,1537,Vogelsang,Vogelsanger Straße 448,in Fahrtrichtung Vogelsanger Markt,hausnummer,50.95564,6.886234,"Vogelsanger Straße 448, Alt-Vogelsang, 50829 Köln, Deutschland",https://www.openstreetmap.org/?mlat=50.955640&mlon=6.886234#map=18/50.955640/6.886234,osm_hausnummer 448,50.955641,6.886234,0,20,Vogelsang,Vogelsang,,https://www.openstreetmap.org/?mlat=50.955641&mlon=6.886234#map=18/50.955641/6.886234,
S-02,1543,Immendorf,Godorfer Straße 32-18,in Fahrtrichtung Berzdorfer Straße,hausnummer,50.857322,6.960792,"Godorfer Straße 32, Immendorf, 50997 Köln, Deutschland",https://www.openstreetmap.org/?mlat=50.857322&mlon=6.960792#map=18/50.857322/6.960792,osm_hausnummer 32–18,50.857539,6.960517,31,21,Immendorf,Immendorf,,https://www.openstreetmap.org/?mlat=50.857539&mlon=6.960517#map=18/50.857539/6.960517,
S-02,1544,Immendorf,Godorfer Str.32 - ggü. Lat.19,in Fahrtrichtung Euskirchener Str.,hausnummer,50.857322,6.960792,"Godorfer Straße 32, Immendorf, 50997 Köln, Deutschland",https://www.openstreetmap.org/?mlat=50.857322&mlon=6.960792#map=18/50.857322/6.960792,osm_hausnummer 32,50.857322,6.960786,0,21,Immendorf,Immendorf,,https://www.openstreetmap.org/?mlat=50.857322&mlon=6.960786#map=18/50.857322/6.960786,
S-02,1555,Poll,Poller Damm 32-48,in Fahrtrichtung In der Gracht,hausnummer,50.910659,6.996246,"Poller Damm 32, 51105 Köln, Deutschland",https://www.openstreetmap.org/?mlat=50.910659&mlon=6.996246#map=18/50.910659/6.996246,osm_hausnummer 32–48,50.910538,6.996944,51,19,Poll,Poll,,https://www.openstreetmap.org/?mlat=50.910538&mlon=6.996944#map=18/50.910538/6.996944,
S-02,1563,Flittard,Roggendorfstraße 35,in Fahrtrichtung Alfred-Werner-Str.,hausnummer,50.998776,6.993089,"Roggendorfstraße 35, Flittard, 51061 Köln, Deutschland",https://www.openstreetmap.org/?mlat=50.998776&mlon=6.993089#map=18/50.998776/6.993089,osm_hausnummer 35,50.998776,6.993089,0,20,Flittard,Flittard,,https://www.openstreetmap.org/?mlat=50.998776&mlon=6.993089#map=18/50.998776/6.993089,
S-02,1564,Flittard,Roggendorfstraße 35,in Fahrtrichtung Düsseldorfer Str.,hausnummer,50.998776,6.993089,"Roggendorfstraße 35, Flittard, 51061 Köln, Deutschland",https://www.openstreetmap.org/?mlat=50.998776&mlon=6.993089#map=18/50.998776/6.993089,osm_hausnummer 35,50.998776,6.993089,0,20,Flittard,Flittard,,https://www.openstreetmap.org/?mlat=50.998776&mlon=6.993089#map=18/50.998776/6.993089,
S-02,1565,Merheim,Olpener Straße 491-455,in Fahrtrichtung Höhenberg,hausnummer,50.944303,7.055942,"Olpener Straße 491, Merheim, 51109 Köln, Deutschland",https://www.openstreetmap.org/?mlat=50.944303&mlon=7.055942#map=18/50.944303/7.055942,osm_hausnummer 491–455,50.943874,7.053354,188,24,Merheim,Merheim,188 m von OSM-Hausnummer,https://www.openstreetmap.org/?mlat=50.943874&mlon=7.053354#map=18/50.943874/7.053354,"50.943874,7.053354 · OSM-Abgleich: Geocoder-Punkt 188 m von der OSM-Adresse entfernt; ersetzt durch OSM-Adresse Nr. 491–455"
S-02,1576,Westhoven,Andre-Citroen-Straße 20-24,in Fahrtrichtung Oberstraße,hausnummer,50.902039,7.020686,"André-Citroën-Straße 20, Westhoven, 51149 Köln, Deutschland",https://www.openstreetmap.org/?mlat=50.902039&mlon=7.020686#map=18/50.902039/7.020686,osm_hausnummer 20–24,50.901743,7.020286,43,28,Westhoven,Westhoven,,https://www.openstreetmap.org/?mlat=50.901743&mlon=7.020286#map=18/50.901743/7.020286,
S-02,1578,Longerich,Robert-Perthel-Straße 62-78,in Fahrtrichtung Lindweiler,hausnummer,50.986942,6.910952,"Robert-Perthel-Str. 62, 50739 Köln, Deutschland",https://www.openstreetmap.org/?mlat=50.986942&mlon=6.910952#map=18/50.986942/6.910952,osm_hausnummer 62–78,50.988219,6.909811,163,29,Longerich,Longerich,163 m von OSM-Hausnummer,https://www.openstreetmap.org/?mlat=50.988219&mlon=6.909811#map=18/50.988219/6.909811,"50.988219,6.909811 · OSM-Abgleich: Geocoder-Punkt 163 m von der OSM-Adresse entfernt; ersetzt durch OSM-Adresse Nr. 62–78"
S-02,1584,Nippes,Neusser Straße 326-360,in Fahrtrichtung stadtauswärts,hausnummer,50.966811,6.953549,"Neusser Straße 326, Nippes, 50733 Köln, Deutschland",https://www.openstreetmap.org/?mlat=50.966811&mlon=6.953549#map=18/50.966811/6.953549,osm_hausnummer 326–360,50.967695,6.953417,99,17,Nippes,Nippes,,https://www.openstreetmap.org/?mlat=50.967695&mlon=6.953417#map=18/50.967695/6.953417,
S-02,1601,Lind,Linder Mauspfad 175-143,in Fahrtrichtung Spich,hausnummer,50.855566,7.108473,"Linder Mauspfad 175, 51147 Köln, Deutschland",https://www.openstreetmap.org/?mlat=50.855566&mlon=7.108473#map=18/50.855566/7.108473,osm_hausnummer 175–143,50.854718,7.108579,95,23,Lind,Wahnheide,,https://www.openstreetmap.org/?mlat=50.854718&mlon=7.108579#map=18/50.854718/7.108579,
S-02,1602,Lind,Linder Mauspfad 143-175,in Fahrtrichtung Wahnheide,hausnummer,50.853869,7.108684,"Linder Mauspfad 143, 51147 Köln, Deutschland",https://www.openstreetmap.org/?mlat=50.853869&mlon=7.108684#map=18/50.853869/7.108684,osm_hausnummer 143–175,50.854718,7.108579,95,19,Lind,Wahnheide,,https://www.openstreetmap.org/?mlat=50.854718&mlon=7.108579#map=18/50.854718/7.108579,
S-02,1624,Neustadt-Süd,Am Duffesbach 20-42,in Fahrtrichtung Eifelplatz,stadtteil,50.935003,6.93645,"Filiale Köln Neustadt-Süd, Händelstraße 37, 50674 Köln, Deutschland",https://www.openstreetmap.org/?mlat=50.935003&mlon=6.936450#map=18/50.935003/6.936450,osm_strasse (±210 m),50.926017,6.944645,1153,1070,Neustadt/Süd,Neustadt/Süd,genauigkeit=stadtteil; 1070 m neben der Straße,https://www.openstreetmap.org/?mlat=50.926017&mlon=6.944645#map=18/50.926017/6.944645,"50.926017,6.944645 · OSM-Abgleich: Geocoder fand nur den Stadtteil; ersetzt durch OSM-Straßenmitte im Stadtteil (±210 m)"
S-02,1635,Neustadt/Nord,Gladbacher Straße 32-14,in Fahrtr. Kaiser-Wilhelm-Ring,strasse,50.946124,6.939445,"Hotel Storch, Gladbacher Straße 32, 50672 Köln, Deutschland",https://www.openstreetmap.org/?mlat=50.946124&mlon=6.939445#map=18/50.946124/6.939445,osm_hausnummer 32–14,50.945864,6.940221,62,16,Neustadt/Nord,Neustadt/Nord,genauigkeit=strasse,https://www.openstreetmap.org/?mlat=50.945864&mlon=6.940221#map=18/50.945864/6.940221,"50.945864,6.940221 · OSM-Abgleich: Geocoder fand nur die Straße; ersetzt durch OSM-Adresse Nr. 32–14"
S-02,1640,Neuehrenfeld,Äussere Kanalstraße Lat.88,in Fahrtrichtung Subbelratherstraße,strasse,50.962509,6.909112,"Äußere Kanalstraße, Neuehrenfeld, 50827 Köln, Deutschland",https://www.openstreetmap.org/?mlat=50.962509&mlon=6.909112#map=18/50.962509/6.909112,osm_strasse (±950 m),50.967444,6.914567,669,0,Neuehrenfeld,Neuehrenfeld,genauigkeit=strasse,https://www.openstreetmap.org/?mlat=50.967444&mlon=6.914567#map=18/50.967444/6.914567,
S-02,1641,Neuehrenfeld,Äussere Kanalstraße Lat.88,in Fahrtrichtung Iltisstrasse,strasse,50.962509,6.909112,"Äußere Kanalstraße, Neuehrenfeld, 50827 Köln, Deutschland",https://www.openstreetmap.org/?mlat=50.962509&mlon=6.909112#map=18/50.962509/6.909112,osm_strasse (±950 m),50.967444,6.914567,669,0,Neuehrenfeld,Neuehrenfeld,genauigkeit=strasse,https://www.openstreetmap.org/?mlat=50.967444&mlon=6.914567#map=18/50.967444/6.914567,
S-02,1648,Altstadt-Nord,Offenbachplatz Höhe Haus Nr.3,in Fahrtrichtung Neuköllner Straße,strasse,50.937921,6.953379,"Haus Deutscher Herold, Offenbachplatz 3, Altstadt-Nord, 50667 Köln, Deutschland",https://www.openstreetmap.org/?mlat=50.937921&mlon=6.953379#map=18/50.937921/6.953379,osm_hausnummer 3,50.937772,6.953276,18,20,Altstadt-Nord,Altstadt-Nord,genauigkeit=strasse,https://www.openstreetmap.org/?mlat=50.937772&mlon=6.953276#map=18/50.937772/6.953276,"50.937772,6.953276 · OSM-Abgleich: Geocoder fand nur die Straße; ersetzt durch OSM-Adresse Nr. 3"
S-02,1653,Rodenkirchen,Sürther Straße 172,in Fahrtrichtung Ringstraße,strasse,50.879884,7.002599,"Sürther Straße, Rodenkirchen, 50999 Köln, Deutschland",https://www.openstreetmap.org/?mlat=50.879884&mlon=7.002599#map=18/50.879884/7.002599,osm_strasse (±1220 m),50.88097,7.001915,130,0,Rodenkirchen,Rodenkirchen,genauigkeit=strasse,https://www.openstreetmap.org/?mlat=50.880970&mlon=7.001915#map=18/50.880970/7.001915,", · OSM-Abgleich: Geocoder fand nur die Straße; Straße im Stadtteil zu lang für einen verlässlichen Punkt (±1220 m) → weggelassen"
S-02,1654,Widdersdorf,Unter Linden 44-116,in Fahrtrichtung Hauptstraße,strasse,50.966099,6.841468,"Unter Linden, Widdersdorf, 50859 Köln, Deutschland",https://www.openstreetmap.org/?mlat=50.966099&mlon=6.841468#map=18/50.966099/6.841468,osm_strasse (±760 m),50.962544,6.839247,425,0,Widdersdorf,Widdersdorf,genauigkeit=strasse,https://www.openstreetmap.org/?mlat=50.962544&mlon=6.839247#map=18/50.962544/6.839247,
S-02,1664,Sülz,Universitätsstraße 16,in Fahrtrichtung Zülpicher Straße,strasse,50.924239,6.9313,"Studentenhaus, Universitätsstraße 16, Sülz, 50937 Köln, Deutschland",https://www.openstreetmap.org/?mlat=50.924239&mlon=6.931300#map=18/50.924239/6.931300,osm_hausnummer 16,50.923842,6.931576,48,33,Sülz,Sülz,genauigkeit=strasse,https://www.openstreetmap.org/?mlat=50.923842&mlon=6.931576#map=18/50.923842/6.931576,"50.923842,6.931576 · OSM-Abgleich: Geocoder fand nur die Straße; ersetzt durch OSM-Adresse Nr. 16"
S-02,1668,Bilderstöckchen,Geldernstr. Höhe Laterne 36-28,in Fahrtrichtung Escher Straße,strasse,50.961564,6.940195,"Geldernstraße, Bilderstöckchen, 50739 Köln, Deutschland",https://www.openstreetmap.org/?mlat=50.961564&mlon=6.940195#map=18/50.961564/6.940195,osm_strasse (±670 m),50.964198,6.940206,293,0,Bilderstöckchen,Bilderstöckchen,genauigkeit=strasse,https://www.openstreetmap.org/?mlat=50.964198&mlon=6.940206#map=18/50.964198/6.940206,
S-02,1675,Braunsfeld,Maarweg 94-80,in Fahrtrichtung Stolberger Straße,hausnummer,50.941175,6.899087,"Maarweg 94, Braunsfeld, 50933 Köln, Deutschland",https://www.openstreetmap.org/?mlat=50.941175&mlon=6.899087#map=18/50.941175/6.899087,osm_hausnummer 94–80,50.940862,6.899153,35,19,Braunsfeld,Braunsfeld,,https://www.openstreetmap.org/?mlat=50.940862&mlon=6.899153#map=18/50.940862/6.899153,
S-02,1676,Braunsfeld,Maarweg 80-94,in Fahrtrichtung Erkelenzer Straße,hausnummer,50.940414,6.899297,"Maarweg 80, Braunsfeld, 50933 Köln, Deutschland",https://www.openstreetmap.org/?mlat=50.940414&mlon=6.899297#map=18/50.940414/6.899297,osm_hausnummer 80–94,50.940791,6.899199,42,21,Braunsfeld,Braunsfeld,,https://www.openstreetmap.org/?mlat=50.940791&mlon=6.899199#map=18/50.940791/6.899199,
S-02,1677,Meschenich,Engeldorfer Straße 45-57,in Fahrtrichtung Weststraße,hausnummer,50.856786,6.928759,"Engeldorfer Straße 45, Meschenich, 50997 Köln, Deutschland",https://www.openstreetmap.org/?mlat=50.856786&mlon=6.928759#map=18/50.856786/6.928759,osm_hausnummer 45–57,50.856446,6.928833,38,17,Meschenich,Meschenich,,https://www.openstreetmap.org/?mlat=50.856446&mlon=6.928833#map=18/50.856446/6.928833,
S-02,1679,Dellbrück,Berg.Gladbacher Straße Lat.135,in Fahrtrichtung stadteinwärts,stadtteil,50.975921,7.074106,"Dellbrück, Köln, NW, Deutschland",https://www.openstreetmap.org/?mlat=50.975921&mlon=7.074106#map=18/50.975921/7.074106,osm_strasse (±1540 m),50.979338,7.072324,400,392,Dellbrück,Dellbrück,genauigkeit=stadtteil; 392 m neben der Straße,https://www.openstreetmap.org/?mlat=50.979338&mlon=7.072324#map=18/50.979338/7.072324,", · OSM-Abgleich: Geocoder fand nur den Stadtteil; Straße im Stadtteil zu lang für einen verlässlichen Punkt (±1540 m) → weggelassen"
S-02,1682,Riehl,Amsterdamer Straße 76-86,in Fahrtrichtung Stadtauswärts,hausnummer,50.963997,6.968982,"Amsterdamer Straße 76, Riehl, 50735 Köln, Deutschland",https://www.openstreetmap.org/?mlat=50.963997&mlon=6.968982#map=18/50.963997/6.968982,osm_hausnummer 76–86,50.964329,6.969029,37,19,Riehl,Riehl,,https://www.openstreetmap.org/?mlat=50.964329&mlon=6.969029#map=18/50.964329/6.969029,
S-02,1685,Sülz,Berrenrather Str. geg. 448-480,in Fahrtrichtung Militärringstraße,hausnummer,50.910013,6.91639,"Berrenrather Straße 448, Sülz, 50937 Köln, Deutschland",https://www.openstreetmap.org/?mlat=50.910013&mlon=6.916390#map=18/50.910013/6.916390,osm_hausnummer 448–480,50.909178,6.915385,117,23,Sülz,Sülz,,https://www.openstreetmap.org/?mlat=50.909178&mlon=6.915385#map=18/50.909178/6.915385,
S-02,1686,Sülz,Berrenrather Str.geg.  480-448,in Fahrtrichtung Neuenhöfer Allee,hausnummer,50.908351,6.914387,"Berrenrather Straße 480, Sülz, 50937 Köln, Deutschland",https://www.openstreetmap.org/?mlat=50.908351&mlon=6.914387#map=18/50.908351/6.914387,osm_hausnummer 480–448,50.909178,6.915385,116,22,Sülz,Sülz,,https://www.openstreetmap.org/?mlat=50.909178&mlon=6.915385#map=18/50.909178/6.915385,
S-02,1690,Braunsfeld,Friedrich-Schmidt-Str.58b,in Fahrtrichtung Millitärringstraße,hausnummer,50.93482,6.893401,"Friedrich-Schmidt-Straße 58b, Braunsfeld, 50933 Köln, Deutschland",https://www.openstreetmap.org/?mlat=50.934820&mlon=6.893401#map=18/50.934820/6.893401,osm_hausnummer 58b,50.934804,6.893377,2,28,Braunsfeld,Braunsfeld,,https://www.openstreetmap.org/?mlat=50.934804&mlon=6.893377#map=18/50.934804/6.893377,
S-02,1692,Holweide,Piccoloministraße 276-270,in Fahrtrichtung Honschaftsstraße,hausnummer,50.971409,7.03697,"Piccoloministraße 276, Holweide, 51067 Köln, Deutschland",https://www.openstreetmap.org/?mlat=50.971409&mlon=7.036970#map=18/50.971409/7.036970,osm_hausnummer 276–270,50.971399,7.036784,13,13,Holweide,Holweide,,https://www.openstreetmap.org/?mlat=50.971399&mlon=7.036784#map=18/50.971399/7.036784,
S-02,1693,Rath-Heumar,Rather Mauspfad 88,in Fahrtrichtung Zum Rabenbruch,hausnummer,50.927131,7.095326,"Rather Mauspfad 88, 51107 Köln, Deutschland",https://www.openstreetmap.org/?mlat=50.927131&mlon=7.095326#map=18/50.927131/7.095326,osm_hausnummer 88,50.927142,7.095327,1,31,Rath/Heumar,Rath/Heumar,,https://www.openstreetmap.org/?mlat=50.927142&mlon=7.095327#map=18/50.927142/7.095327,
S-02,1694,Rath-Heumar,Rather Mauspfad 88,in Fahrtrichtung Baldurstraße,hausnummer,50.927131,7.095326,"Rather Mauspfad 88, 51107 Köln, Deutschland",https://www.openstreetmap.org/?mlat=50.927131&mlon=7.095326#map=18/50.927131/7.095326,osm_hausnummer 88,50.927142,7.095327,1,31,Rath/Heumar,Rath/Heumar,,https://www.openstreetmap.org/?mlat=50.927142&mlon=7.095327#map=18/50.927142/7.095327,
S-02,1696,Buchheim,Berg.-Gladbacher Str.263g-263,in Fahrtrichtung stadteinwärts,hausnummer,50.965849,7.025972,"Bergisch Gladbacher Straße 263g, Buchheim, 51063 Köln, Deutschland",https://www.openstreetmap.org/?mlat=50.965849&mlon=7.025972#map=18/50.965849/7.025972,osm_hausnummer 263g–263,50.965676,7.025208,57,20,Buchheim,Buchheim,,https://www.openstreetmap.org/?mlat=50.965676&mlon=7.025208#map=18/50.965676/7.025208,
S-02,1699,Elsdorf,Frankfurter Straße 403-405,in Fahrtrichtung Wahn,hausnummer,50.871732,7.083142,"Frankfurter Straße 403, Elsdorf, 51145 Köln, Deutschland",https://www.openstreetmap.org/?mlat=50.871732&mlon=7.083142#map=18/50.871732/7.083142,osm_hausnummer 403–405,50.871808,7.083121,9,16,Elsdorf,Elsdorf,,https://www.openstreetmap.org/?mlat=50.871808&mlon=7.083121#map=18/50.871808/7.083121,
S-02,1702,Raderthal,Markusstraße ggü.55-9,in Fahrtrichtung Brühler Straße,hausnummer,50.900247,6.950819,"Markusstraße 55, Raderthal, 50968 Köln, Deutschland",https://www.openstreetmap.org/?mlat=50.900247&mlon=6.950819#map=18/50.900247/6.950819,osm_hausnummer 55–9,50.900234,6.951664,59,18,Raderthal,Raderthal,,https://www.openstreetmap.org/?mlat=50.900234&mlon=6.951664#map=18/50.900234/6.951664,
S-02,1703,Stammheim,Stammheimer Ring 121-123,in Fahrtrichtung Schloßstraße,hausnummer,50.988099,6.990455,"Stammheimer Ring 121, 51061 Köln, Deutschland",https://www.openstreetmap.org/?mlat=50.988099&mlon=6.990455#map=18/50.988099/6.990455,osm_hausnummer 121–123,50.988104,6.99034,8,14,Stammheim,Stammheim,,https://www.openstreetmap.org/?mlat=50.988104&mlon=6.990340#map=18/50.988104/6.990340,
S-02,1704,Stammheim,Stammheimer Ring 123-121,in Fahrtrichtung Gisbertstraße,hausnummer,50.988118,6.990229,"Stammheimer Ring 123, 51061 Köln, Deutschland",https://www.openstreetmap.org/?mlat=50.988118&mlon=6.990229#map=18/50.988118/6.990229,osm_hausnummer 123–121,50.988104,6.99034,8,14,Stammheim,Stammheim,,https://www.openstreetmap.org/?mlat=50.988104&mlon=6.990340#map=18/50.988104/6.990340,
S-02,1705,Roggendorf/Thenhoven,Bruchstraße 140,in Fahrtrichtung Blumenberg,hausnummer,51.045209,6.85728,"Bruchstraße 140, 50769 Köln, Deutschland",https://www.openstreetmap.org/?mlat=51.045209&mlon=6.857280#map=18/51.045209/6.857280,osm_hausnummer 140,51.045209,6.85728,0,18,Roggendorf/Thenhoven,Roggendorf/Thenhoven,,https://www.openstreetmap.org/?mlat=51.045209&mlon=6.857280#map=18/51.045209/6.857280,
S-02,1706,Roggendorf/Thenhoven,Bruchstraße 140,in Fahrtrichtung Walter-Dodde-Weg,hausnummer,51.045209,6.85728,"Bruchstraße 140, 50769 Köln, Deutschland",https://www.openstreetmap.org/?mlat=51.045209&mlon=6.857280#map=18/51.045209/6.857280,osm_hausnummer 140,51.045209,6.85728,0,18,Roggendorf/Thenhoven,Roggendorf/Thenhoven,,https://www.openstreetmap.org/?mlat=51.045209&mlon=6.857280#map=18/51.045209/6.857280,
S-02,1707,Lövenich,"Brauweiler Straße, Lat.16-28",in Fahrtrichtung stadtauswärts,strasse,50.948612,6.82502,"Brauweilerstraße, Lövenich, 50859 Köln, Deutschland",https://www.openstreetmap.org/?mlat=50.948612&mlon=6.825020#map=18/50.948612/6.825020,osm_strasse (±1000 m),50.947782,6.82735,188,0,Lövenich,Lövenich,genauigkeit=strasse,https://www.openstreetmap.org/?mlat=50.947782&mlon=6.827350#map=18/50.947782/6.827350,
S-02,1708,Bayenthal,Goltsteinstraße 138,in Fahrtrichtung Bayenthalgürtel,hausnummer,50.906515,6.97045,"Goltsteinstraße 138, Bayenthal, 50968 Köln, Deutschland",https://www.openstreetmap.org/?mlat=50.906515&mlon=6.970450#map=18/50.906515/6.970450,osm_hausnummer 138,50.906503,6.970453,1,15,Bayenthal,Bayenthal,,https://www.openstreetmap.org/?mlat=50.906503&mlon=6.970453#map=18/50.906503/6.970453,
S-02,1709,Ehrenfeld,Leyendecker Straße 11-45,in Fahrtrichtung Venloer Straße,hausnummer,50.95217,6.907792,"Leyendeckerstraße 11, Ehrenfeld, 50825 Köln, Deutschland",https://www.openstreetmap.org/?mlat=50.952170&mlon=6.907792#map=18/50.952170/6.907792,osm_hausnummer 11–45,50.952832,6.90835,83,14,Ehrenfeld,Ehrenfeld,,https://www.openstreetmap.org/?mlat=50.952832&mlon=6.908350#map=18/50.952832/6.908350,
S-02,1710,Ehrenfeld,Leyendecker Straße 45-11,in Fahrtrichtung Oskar-Jäger-Straße,hausnummer,50.953496,6.908906,"Leyendeckerstraße 45, Ehrenfeld, 50825 Köln, Deutschland",https://www.openstreetmap.org/?mlat=50.953496&mlon=6.908906#map=18/50.953496/6.908906,osm_hausnummer 45–11,50.952832,6.90835,83,14,Ehrenfeld,Ehrenfeld,,https://www.openstreetmap.org/?mlat=50.952832&mlon=6.908350#map=18/50.952832/6.908350,
S-02,1711,Dellbrück,Dellbrücker Hauptstraße 29-27,In Fahrtrichtung Hatzfeldstraße,hausnummer,50.973396,7.0752,"Dellbrücker Hauptstraße 29, 51069 Köln, Deutschland",https://www.openstreetmap.org/?mlat=50.973396&mlon=7.075200#map=18/50.973396/7.075200,osm_hausnummer 29–27,50.973288,7.075246,12,19,Dellbrück,Dellbrück,,https://www.openstreetmap.org/?mlat=50.973288&mlon=7.075246#map=18/50.973288/7.075246,
S-02,1712,Dellbrück,Dellbrücker Hauptstraße 27-29,in Fahrtrichtung Thurner Straße,hausnummer,50.973199,7.07524,"Dellbrücker Hauptstraße 27, 51069 Köln, Deutschland",https://www.openstreetmap.org/?mlat=50.973199&mlon=7.075240#map=18/50.973199/7.075240,osm_hausnummer 27–29,50.973286,7.075224,10,18,Dellbrück,Dellbrück,,https://www.openstreetmap.org/?mlat=50.973286&mlon=7.075224#map=18/50.973286/7.075224,
S-02,1718,Widdersdorf,Hauptstraße 55,in Fahrtrichtung Unter Linden,strasse,50.896829,6.990291,"Hauptstraße, 50996 Köln, Deutschland",https://www.openstreetmap.org/?mlat=50.896829&mlon=6.990291#map=18/50.896829/6.990291,osm_hausnummer 55,50.966916,6.835309,13378,0,Widdersdorf,Rodenkirchen,"genauigkeit=strasse; 13378 m von OSM-Hausnummer; liegt in Rodenkirchen, nicht in Widdersdorf",https://www.openstreetmap.org/?mlat=50.966916&mlon=6.835309#map=18/50.966916/6.835309,"50.966916,6.835309 · OSM-Abgleich: Geocoder-Punkt lag in Rodenkirchen, nicht in Widdersdorf; ersetzt durch OSM-Adresse Nr. 55"
S-02,1724,Meschenich,Brühler Landstraße 452-472,in Fahrtrichtung Stadtauswärts,hausnummer,50.858922,6.92446,"Brühler Landstraße 452, Meschenich, 50997 Köln, Deutschland",https://www.openstreetmap.org/?mlat=50.858922&mlon=6.924460#map=18/50.858922/6.924460,osm_hausnummer 452–472,50.858048,6.923795,108,19,Meschenich,Meschenich,,https://www.openstreetmap.org/?mlat=50.858048&mlon=6.923795#map=18/50.858048/6.923795,
S-02,1725,Meschenich,Brühler Landstraße 472-452,in Fahrtrichtung Stadteinwärts,hausnummer,50.857174,6.923131,"Brühler Landstraße 472, Meschenich, 50997 Köln, Deutschland",https://www.openstreetmap.org/?mlat=50.857174&mlon=6.923131#map=18/50.857174/6.923131,osm_hausnummer 472–452,50.858048,6.923795,108,24,Meschenich,Meschenich,,https://www.openstreetmap.org/?mlat=50.858048&mlon=6.923795#map=18/50.858048/6.923795,
S-02,1726,Altstadt-Süd,"Am Leystapel, Laterne 6-5",in Fahrtrichtung Severinsbrücke,strasse,50.933137,6.963024,"Am Leystapel, Altstadt-Süd, 50676 Köln, Deutschland",https://www.openstreetmap.org/?mlat=50.933137&mlon=6.963024#map=18/50.933137/6.963024,osm_strasse (±230 m),50.933929,6.963085,88,0,Altstadt-Süd,Altstadt-Süd,genauigkeit=strasse,https://www.openstreetmap.org/?mlat=50.933929&mlon=6.963085#map=18/50.933929/6.963085,
S-02,1728,Niehl,Friedrich-Karl Straße 214-222,in Fahrtrichtung Amsterdamer Straße,hausnummer,50.974078,6.962378,"Friedrich-Karl-Straße 214, Niehl, 50735 Köln, Deutschland",https://www.openstreetmap.org/?mlat=50.974078&mlon=6.962378#map=18/50.974078/6.962378,osm_hausnummer 214–222,50.974084,6.963269,63,17,Niehl,Niehl,,https://www.openstreetmap.org/?mlat=50.974084&mlon=6.963269#map=18/50.974084/6.963269,
S-02,1730,Mülheim,Pfälzischer Ring 100-102,in Fahrtrichtung Deutz Messe,strasse,50.948178,6.990473,"Internationaler Bund GmbH, Pfälzischer Ring 100, Mülheim, 51063 Köln, Deutschland",https://www.openstreetmap.org/?mlat=50.948178&mlon=6.990473#map=18/50.948178/6.990473,osm_hausnummer 100–102,50.948386,6.990187,31,106,Mülheim,Mülheim,genauigkeit=strasse; 106 m neben der Straße,https://www.openstreetmap.org/?mlat=50.948386&mlon=6.990187#map=18/50.948386/6.990187,"50.948386,6.990187 · OSM-Abgleich: Geocoder-Punkt 106 m neben der Straße; ersetzt durch OSM-Adresse Nr. 100–102"
S-02,1731,Neustadt-Süd,Agrippinaufer Höhe Südbrücke,in Fahrtrichtung Ubierring,stadtteil,50.935003,6.93645,"Filiale Köln Neustadt-Süd, Händelstraße 37, 50674 Köln, Deutschland",https://www.openstreetmap.org/?mlat=50.935003&mlon=6.936450#map=18/50.935003/6.936450,osm_kreuzung Südbrücke,50.916566,6.970366,3141,5000,Neustadt/Süd,Neustadt/Süd,genauigkeit=stadtteil; 3141 m von OSM-Kreuzung; 5000 m neben der Straße,https://www.openstreetmap.org/?mlat=50.916566&mlon=6.970366#map=18/50.916566/6.970366,"50.916566,6.970366 · OSM-Abgleich: Geocoder fand nur den Stadtteil; ersetzt durch OSM-Kreuzung mit Südbrücke"
S-02,1740,Holweide,Bergisch Gladbacher Straße 651,in Fahrtrichtung Stadtauswärts,hausnummer,50.972117,7.051647,"Bergisch Gladbacher Straße 651, Holweide, 51067 Köln, Deutschland",https://www.openstreetmap.org/?mlat=50.972117&mlon=7.051647#map=18/50.972117/7.051647,osm_hausnummer 651,50.972117,7.051647,0,20,Holweide,Holweide,,https://www.openstreetmap.org/?mlat=50.972117&mlon=7.051647#map=18/50.972117/7.051647,
S-02,1747,Pesch,Schulstrasse Höhe Lat.18-20,in Fahrtrichtung Montessoristraße,strasse,50.997668,6.870427,"Schulstraße, Pesch, 50767 Köln, Deutschland",https://www.openstreetmap.org/?mlat=50.997668&mlon=6.870427#map=18/50.997668/6.870427,osm_strasse (±370 m),50.998579,6.869776,111,0,Pesch,Pesch,genauigkeit=strasse,https://www.openstreetmap.org/?mlat=50.998579&mlon=6.869776#map=18/50.998579/6.869776,
S-02,1752,Lindweiler,Unnauer Weg gegenüber 11,in Fahrtrichtung Soldiner Straße,hausnummer,51.004058,6.892927,"Unnauer Weg 11, Lindweiler, 50767 Köln, Deutschland",https://www.openstreetmap.org/?mlat=51.004058&mlon=6.892927#map=18/51.004058/6.892927,osm_hausnummer 11,51.004058,6.892927,0,17,Lindweiler,Lindweiler,,https://www.openstreetmap.org/?mlat=51.004058&mlon=6.892927#map=18/51.004058/6.892927,
S-02,1761,Bickendorf,Venloer Straße 865,in Fahrtrichtung Akazienweg,hausnummer,50.962016,6.890427,"Venloer Straße 865, Bickendorf, 50827 Köln, Deutschland",https://www.openstreetmap.org/?mlat=50.962016&mlon=6.890427#map=18/50.962016/6.890427,osm_hausnummer 865,50.962016,6.890427,0,19,Bickendorf,Bickendorf,,https://www.openstreetmap.org/?mlat=50.962016&mlon=6.890427#map=18/50.962016/6.890427,
S-02,1766,Bickendorf,Mathias-Brüggen-Straße Nr.16,in Fahrtrichtung Ossendorfer Weg,hausnummer,50.967239,6.891139,"Mathias-Brüggen-Straße 16, Bickendorf, 50827 Köln, Deutschland",https://www.openstreetmap.org/?mlat=50.967239&mlon=6.891139#map=18/50.967239/6.891139,osm_hausnummer 16,50.967242,6.891305,12,22,Bickendorf,Bickendorf,,https://www.openstreetmap.org/?mlat=50.967242&mlon=6.891305#map=18/50.967242/6.891305,
S-02,1771,Bickendorf,Mathias-Brüggen-Straße 16,in Fahrtrichtung Venloer Straße,hausnummer,50.967239,6.891139,"Mathias-Brüggen-Straße 16, Bickendorf, 50827 Köln, Deutschland",https://www.openstreetmap.org/?mlat=50.967239&mlon=6.891139#map=18/50.967239/6.891139,osm_hausnummer 16,50.967242,6.891305,12,22,Bickendorf,Bickendorf,,https://www.openstreetmap.org/?mlat=50.967242&mlon=6.891305#map=18/50.967242/6.891305,
S-02,1772,Dellbrück,Gierather Straße 96-104,in Fahrtrichtung stadtauswärts,hausnummer,50.972026,7.097301,"Gierather Straße 96, Dellbrück, 51069 Köln, Deutschland",https://www.openstreetmap.org/?mlat=50.972026&mlon=7.097301#map=18/50.972026/7.097301,osm_hausnummer 96–104,50.972183,7.0976,27,16,Dellbrück,Dellbrück,,https://www.openstreetmap.org/?mlat=50.972183&mlon=7.097600#map=18/50.972183/7.097600,
S-02,1786,Altstadt-Nord,Offenbachplatz Höhe Haus Nr.3,in Fahrtrichtung Tunisstraße,strasse,50.937921,6.953379,"Haus Deutscher Herold, Offenbachplatz 3, Altstadt-Nord, 50667 Köln, Deutschland",https://www.openstreetmap.org/?mlat=50.937921&mlon=6.953379#map=18/50.937921/6.953379,osm_hausnummer 3,50.937772,6.953276,18,20,Altstadt-Nord,Altstadt-Nord,genauigkeit=strasse,https://www.openstreetmap.org/?mlat=50.937772&mlon=6.953276#map=18/50.937772/6.953276,"50.937772,6.953276 · OSM-Abgleich: Geocoder fand nur die Straße; ersetzt durch OSM-Adresse Nr. 3"
S-02,1791,Neustadt-Nord,Konrad Adenauer Ufer Lat.46-52,in Fahrtrichtung stadtauswärts,strasse,50.955144,6.972228,"Konrad-Adenauer-Ufer, 50668 Köln, Deutschland",https://www.openstreetmap.org/?mlat=50.955144&mlon=6.972228#map=18/50.955144/6.972228,osm_strasse (±630 m),50.951922,6.968056,463,0,Neustadt/Nord,Neustadt/Nord,genauigkeit=strasse,https://www.openstreetmap.org/?mlat=50.951922&mlon=6.968056#map=18/50.951922/6.968056,
S-02,1793,Ensen,Kölner Str. 178-176,in Fahrtrichtung Porz,hausnummer,50.900652,7.029795,"Ensen, Kölner Straße 178, 51149 Köln, Deutschland",https://www.openstreetmap.org/?mlat=50.900652&mlon=7.029795#map=18/50.900652/7.029795,osm_hausnummer 178–176,50.9006,7.029877,8,20,Ensen,Ensen,,https://www.openstreetmap.org/?mlat=50.900600&mlon=7.029877#map=18/50.900600/7.029877,
S-02,1795,Deutz,"Deutzer Brücke, Laterne 53-7",in Fahrtrichtung stadteinwärts,stadtteil,50.936759,6.973046,"Deutz, Köln, NW, Deutschland",https://www.openstreetmap.org/?mlat=50.936759&mlon=6.973046#map=18/50.936759/6.973046,osm_strasse (±140 m),50.936509,6.969888,223,134,Deutz,Deutz,genauigkeit=stadtteil; 134 m neben der Straße,https://www.openstreetmap.org/?mlat=50.936509&mlon=6.969888#map=18/50.936509/6.969888,"50.936509,6.969888 · OSM-Abgleich: Geocoder fand nur den Stadtteil; ersetzt durch OSM-Straßenmitte im Stadtteil (±140 m)"
S-02,1798,Neustadt-Süd,"Sachsenring, Höhe Haus 69-67",in Fahrtrichtung Ulrepforte,hausnummer,50.924052,6.951096,"Sachsenring 69, 50677 Köln, Deutschland",https://www.openstreetmap.org/?mlat=50.924052&mlon=6.951096#map=18/50.924052/6.951096,osm_hausnummer 69–67,50.923837,6.950977,25,24,Neustadt/Süd,Neustadt/Süd,,https://www.openstreetmap.org/?mlat=50.923837&mlon=6.950977#map=18/50.923837/6.950977,
S-02,1804,Altstadt-Süd,"Filzengraben, Höhe Haus 21-17",in Fahrtrichtung Mühlenbach,hausnummer,50.933834,6.961419,"Filzengraben 21, Altstadt-Süd, 50676 Köln, Deutschland",https://www.openstreetmap.org/?mlat=50.933834&mlon=6.961419#map=18/50.933834/6.961419,osm_hausnummer 21–17,50.933808,6.96127,11,13,Altstadt-Süd,Altstadt-Süd,,https://www.openstreetmap.org/?mlat=50.933808&mlon=6.961270#map=18/50.933808/6.961270,
S-02,1812,Junkersdorf,Marsdorfer Str. Höhe Pumpwerk,in Fahrtrichtung Erich-Deuser-Str.,stadtteil,50.931753,6.855169,"Junkersdorf, Köln, NW, Deutschland",https://www.openstreetmap.org/?mlat=50.931753&mlon=6.855169#map=18/50.931753/6.855169,osm_strasse (±650 m),50.925318,6.857295,731,93,Junkersdorf,Junkersdorf,genauigkeit=stadtteil; 93 m neben der Straße,https://www.openstreetmap.org/?mlat=50.925318&mlon=6.857295#map=18/50.925318/6.857295,"50.925318,6.857295 · OSM-Abgleich: Geocoder fand nur den Stadtteil; ersetzt durch OSM-Straßenmitte im Stadtteil (±650 m)"
S-02,1815,Höhenberg,Germania Str.Haus Nr.50-76,in Fahrtrichtung Olpener Straße,hausnummer,50.941679,7.01884,"Germaniastraße 50, Höhenberg, 51103 Köln, Deutschland",https://www.openstreetmap.org/?mlat=50.941679&mlon=7.018840#map=18/50.941679/7.018840,osm_hausnummer 50–76,50.942526,7.0189,94,23,Höhenberg,Höhenberg,,https://www.openstreetmap.org/?mlat=50.942526&mlon=7.018900#map=18/50.942526/7.018900,
S-02,1817,Junkersdorf,Marsdorfer Str. Höhe Pumpwerk,in Fahrtrichtung Dürener Straße,stadtteil,50.931753,6.855169,"Junkersdorf, Köln, NW, Deutschland",https://www.openstreetmap.org/?mlat=50.931753&mlon=6.855169#map=18/50.931753/6.855169,osm_strasse (±650 m),50.925318,6.857295,731,93,Junkersdorf,Junkersdorf,genauigkeit=stadtteil; 93 m neben der Straße,https://www.openstreetmap.org/?mlat=50.925318&mlon=6.857295#map=18/50.925318/6.857295,"50.925318,6.857295 · OSM-Abgleich: Geocoder fand nur den Stadtteil; ersetzt durch OSM-Straßenmitte im Stadtteil (±650 m)"
S-02,1822,Dünnwald,Leuchter Straße 10-30,in Fahrtrichtung Berliner Straße,hausnummer,50.996333,7.039045,"Leuchterstraße 10, Dünnwald, 51069 Köln, Deutschland",https://www.openstreetmap.org/?mlat=50.996333&mlon=7.039045#map=18/50.996333/7.039045,osm_hausnummer 10–30,50.996348,7.0398,53,17,Dünnwald,Dünnwald,,https://www.openstreetmap.org/?mlat=50.996348&mlon=7.039800#map=18/50.996348/7.039800,
S-02,1823,Wahn,Nachtigallenstraße 19,in Fahrtrichtung Albin-Köbisstraße,hausnummer,50.863574,7.089652,"Nachtigallenstr. 19, 51147 Köln, Deutschland",https://www.openstreetmap.org/?mlat=50.863574&mlon=7.089652#map=18/50.863574/7.089652,osm_hausnummer 19,50.863591,7.089751,7,71,Wahn,Wahn,71 m neben der Straße,https://www.openstreetmap.org/?mlat=50.863591&mlon=7.089751#map=18/50.863591/7.089751,
S-02,1824,Wahn,Nachtigallenstraße 19,in Fahrtrichtung Frankfurter Straße,hausnummer,50.863574,7.089652,"Nachtigallenstr. 19, 51147 Köln, Deutschland",https://www.openstreetmap.org/?mlat=50.863574&mlon=7.089652#map=18/50.863574/7.089652,osm_hausnummer 19,50.863591,7.089751,7,71,Wahn,Wahn,71 m neben der Straße,https://www.openstreetmap.org/?mlat=50.863591&mlon=7.089751#map=18/50.863591/7.089751,
S-02,1825,Dünnwald,Leuchter Straße 10-30,in Fahrtr. Dünnwalder Mauspfad,hausnummer,50.996333,7.039045,"Leuchterstraße 10, Dünnwald, 51069 Köln, Deutschland",https://www.openstreetmap.org/?mlat=50.996333&mlon=7.039045#map=18/50.996333/7.039045,osm_hausnummer 10–30,50.996348,7.0398,53,17,Dünnwald,Dünnwald,,https://www.openstreetmap.org/?mlat=50.996348&mlon=7.039800#map=18/50.996348/7.039800,
S-02,1836,Braunsfeld,Friedrich-Schmidtstr.ggü70-72,in Fahrtrichtung MilitärringStraße,hausnummer,50.934674,6.889774,"Friedrich-Schmidt-Straße 70, Braunsfeld, 50933 Köln, Deutschland",https://www.openstreetmap.org/?mlat=50.934674&mlon=6.889774#map=18/50.934674/6.889774,osm_hausnummer 70,50.934679,6.889798,2,24,Braunsfeld,Braunsfeld,,https://www.openstreetmap.org/?mlat=50.934679&mlon=6.889798#map=18/50.934679/6.889798,
S-02,1837,Braunsfeld,Friedrich-Schmidtstr.ggü72-70,in Fahrtrichtung KitschburgerStraße,hausnummer,50.934633,6.888676,"Friedrich-Schmidt-Straße 72, Braunsfeld, 50933 Köln, Deutschland",https://www.openstreetmap.org/?mlat=50.934633&mlon=6.888676#map=18/50.934633/6.888676,osm_hausnummer 72,50.93464,6.888685,1,30,Braunsfeld,Braunsfeld,,https://www.openstreetmap.org/?mlat=50.934640&mlon=6.888685#map=18/50.934640/6.888685,
S-02,1839,Neubrück,"Neubrücker Ring 18, Laterne 12",in Fahrtrichtung Rath-Heumar,hausnummer,50.937021,7.064739,"Neubrücker Ring 18, 51109 Köln, Deutschland",https://www.openstreetmap.org/?mlat=50.937021&mlon=7.064739#map=18/50.937021/7.064739,osm_hausnummer 18,50.936905,7.064802,14,54,Neubrück,Neubrück,,https://www.openstreetmap.org/?mlat=50.936905&mlon=7.064802#map=18/50.936905/7.064802,
S-02,1841,Rath-Heumar,Rösrather Straße 390,in Fahrtrichtung Rösrath,strasse,50.925688,7.067951,"Rösrather Straße 390, 51107 Köln, Deutschland",https://www.openstreetmap.org/?mlat=50.925688&mlon=7.067951#map=18/50.925688/7.067951,osm_hausnummer 390,50.925697,7.067956,1,16,Rath/Heumar,Rath/Heumar,genauigkeit=strasse,https://www.openstreetmap.org/?mlat=50.925697&mlon=7.067956#map=18/50.925697/7.067956,"50.925697,7.067956 · OSM-Abgleich: Geocoder fand nur die Straße; ersetzt durch OSM-Adresse Nr. 390"
S-02,1842,Stammheim,Stammheimer Ring gegenüber 117,in Fahrtrichtung Egonstraße,hausnummer,50.988055,6.990759,"Stammheimer Ring 117, 51061 Köln, Deutschland",https://www.openstreetmap.org/?mlat=50.988055&mlon=6.990759#map=18/50.988055/6.990759,osm_hausnummer 117,50.988056,6.99076,0,16,Stammheim,Stammheim,,https://www.openstreetmap.org/?mlat=50.988056&mlon=6.990760#map=18/50.988056/6.990760,
S-02,1843,Stammheim,Stammheimer Ring gegenüber 117,in Fahrtrichtung Düsseldorfer Str.,hausnummer,50.988055,6.990759,"Stammheimer Ring 117, 51061 Köln, Deutschland",https://www.openstreetmap.org/?mlat=50.988055&mlon=6.990759#map=18/50.988055/6.990759,osm_hausnummer 117,50.988056,6.99076,0,16,Stammheim,Stammheim,,https://www.openstreetmap.org/?mlat=50.988056&mlon=6.990760#map=18/50.988056/6.990760,
S-02,1844,Junkersdorf,Salzburger Weg ggü. Lat.Nr.3-5,in Fahrtrichtung Junkersdorfer Str.,stadtteil,50.931753,6.855169,"Junkersdorf, Köln, NW, Deutschland",https://www.openstreetmap.org/?mlat=50.931753&mlon=6.855169#map=18/50.931753/6.855169,osm_strasse (±550 m),50.925601,6.868927,1183,5000,Junkersdorf,Junkersdorf,genauigkeit=stadtteil; 5000 m neben der Straße,https://www.openstreetmap.org/?mlat=50.925601&mlon=6.868927#map=18/50.925601/6.868927,"50.925601,6.868927 · OSM-Abgleich: Geocoder fand nur den Stadtteil; ersetzt durch OSM-Straßenmitte im Stadtteil (±550 m)"
S-02,1863,Rodenkirchen,Eygelshovener Straße Höhe 15-1,in Fahrtrichtung Sürther Feldallee,hausnummer,50.877663,7.008206,"Eygelshovener Straße 15, Rodenkirchen, 50999 Köln, Deutschland",https://www.openstreetmap.org/?mlat=50.877663&mlon=7.008206#map=18/50.877663/7.008206,osm_hausnummer 15–1,50.877886,7.009346,84,19,Rodenkirchen,Rodenkirchen,,https://www.openstreetmap.org/?mlat=50.877886&mlon=7.009346#map=18/50.877886/7.009346,
S-02,1864,Rodenkirchen,Eygelshovener Straße Höhe 1-15,in Fahrtrichtung Sürther Straße,hausnummer,50.87811,7.010485,"Eygelshovener Straße 1, Rodenkirchen, 50999 Köln, Deutschland",https://www.openstreetmap.org/?mlat=50.878110&mlon=7.010485#map=18/50.878110/7.010485,osm_hausnummer 1–15,50.877886,7.009346,84,20,Rodenkirchen,Rodenkirchen,,https://www.openstreetmap.org/?mlat=50.877886&mlon=7.009346#map=18/50.877886/7.009346,
S-02,1868,Pesch,Escher Straße 32,in Fahrtrichtung Kapellenweg,hausnummer,51.001056,6.874607,"Escher Straße 32, Pesch, 50767 Köln, Deutschland",https://www.openstreetmap.org/?mlat=51.001056&mlon=6.874607#map=18/51.001056/6.874607,osm_hausnummer 32,51.001047,6.874615,1,20,Pesch,Pesch,,https://www.openstreetmap.org/?mlat=51.001047&mlon=6.874615#map=18/51.001047/6.874615,
S-02,1873,Marienburg,Am Südpark 49,in Fahrtr. Schillingsrotter Platz,hausnummer,50.896127,6.969388,"Am Südpark 49, Marienburg, 50968 Köln, Deutschland",https://www.openstreetmap.org/?mlat=50.896127&mlon=6.969388#map=18/50.896127/6.969388,osm_hausnummer 49,50.896119,6.969367,2,21,Marienburg,Marienburg,,https://www.openstreetmap.org/?mlat=50.896119&mlon=6.969367#map=18/50.896119/6.969367,
S-02,1874,Marienburg,Am Südpark 49,in Fahrtrichtung Rondorfer Straße,hausnummer,50.896127,6.969388,"Am Südpark 49, Marienburg, 50968 Köln, Deutschland",https://www.openstreetmap.org/?mlat=50.896127&mlon=6.969388#map=18/50.896127/6.969388,osm_hausnummer 49,50.896119,6.969367,2,21,Marienburg,Marienburg,,https://www.openstreetmap.org/?mlat=50.896119&mlon=6.969367#map=18/50.896119/6.969367,
S-02,1875,Marienburg,Pferdmenges Straße 42,in Fahrtrichtung Leyboldstraße,hausnummer,50.899631,6.974248,"Pferdmengesstraße 42, Marienburg, 50968 Köln, Deutschland",https://www.openstreetmap.org/?mlat=50.899631&mlon=6.974248#map=18/50.899631/6.974248,osm_hausnummer 42,50.899656,6.974224,3,28,Marienburg,Marienburg,,https://www.openstreetmap.org/?mlat=50.899656&mlon=6.974224#map=18/50.899656/6.974224,
S-02,1876,Marienburg,Pferdmenges Straße 42,in Fahrtrichtung Marienburger Str.,hausnummer,50.899631,6.974248,"Pferdmengesstraße 42, Marienburg, 50968 Köln, Deutschland",https://www.openstreetmap.org/?mlat=50.899631&mlon=6.974248#map=18/50.899631/6.974248,osm_hausnummer 42,50.899656,6.974224,3,28,Marienburg,Marienburg,,https://www.openstreetmap.org/?mlat=50.899656&mlon=6.974224#map=18/50.899656/6.974224,
S-02,1877,Volkhoven Weiler,Toni-Welter Straße 4 - Kita,in Fahrtrichtung Pescher-Holzweg,stadtteil,51.017891,6.888591,"Volkhoven, Chorweiler, Köln, NW, Deutschland",https://www.openstreetmap.org/?mlat=51.017891&mlon=6.888591#map=18/51.017891/6.888591,osm_hausnummer 4,51.014363,6.890341,411,353,Volkhoven/Weiler,Volkhoven/Weiler,genauigkeit=stadtteil; 411 m von OSM-Hausnummer; 353 m neben der Straße,https://www.openstreetmap.org/?mlat=51.014363&mlon=6.890341#map=18/51.014363/6.890341,"51.014363,6.890341 · OSM-Abgleich: Geocoder fand nur den Stadtteil; ersetzt durch OSM-Adresse Nr. 4"
S-02,1878,Volkhoven Weiler,Toni-Welter Straße 4 - Kita,in Fahrtrichtung Heimersdorf,stadtteil,51.017891,6.888591,"Volkhoven, Chorweiler, Köln, NW, Deutschland",https://www.openstreetmap.org/?mlat=51.017891&mlon=6.888591#map=18/51.017891/6.888591,osm_hausnummer 4,51.014363,6.890341,411,353,Volkhoven/Weiler,Volkhoven/Weiler,genauigkeit=stadtteil; 411 m von OSM-Hausnummer; 353 m neben der Straße,https://www.openstreetmap.org/?mlat=51.014363&mlon=6.890341#map=18/51.014363/6.890341,"51.014363,6.890341 · OSM-Abgleich: Geocoder fand nur den Stadtteil; ersetzt durch OSM-Adresse Nr. 4"
S-02,1899,Sülz,Mommsenstraße 31-3,in Fahrtrichtung Sülzgürtel,hausnummer,50.918914,6.911022,"Mommsenstraße 31, Sülz, 50935 Köln, Deutschland",https://www.openstreetmap.org/?mlat=50.918914&mlon=6.911022#map=18/50.918914/6.911022,osm_hausnummer 31–3,50.918182,6.912724,145,22,Sülz,Sülz,,https://www.openstreetmap.org/?mlat=50.918182&mlon=6.912724#map=18/50.918182/6.912724,
S-02,1906,Mauenheim,Nibelungenstraße 62,in Fahrtrichtung Neue Kempener Str.,hausnummer,50.975703,6.944749,"Nibelungenstraße 62, Mauenheim, 50739 Köln, Deutschland",https://www.openstreetmap.org/?mlat=50.975703&mlon=6.944749#map=18/50.975703/6.944749,osm_hausnummer 62,50.975697,6.944749,1,15,Mauenheim,Mauenheim,,https://www.openstreetmap.org/?mlat=50.975697&mlon=6.944749#map=18/50.975697/6.944749,
S-02,1912,Pesch,Johannesstr.Höhe Hs   33D-33,in Fahrtrichtung Militärringstraße,hausnummer,50.996013,6.879656,"Johannesstraße 33d, 50767 Köln, Deutschland",https://www.openstreetmap.org/?mlat=50.996013&mlon=6.879656#map=18/50.996013/6.879656,osm_hausnummer 33d–33,50.995889,6.8797,14,36,Pesch,Pesch,,https://www.openstreetmap.org/?mlat=50.995889&mlon=6.879700#map=18/50.995889/6.879700,
S-02,1913,Pesch,Johannesstr.Höhe Hs   33-33A-D,in Fahrtrichtung Mengenicherstraße,hausnummer,50.995771,6.879834,"Johannesstraße 33, Pesch, 50767 Köln, Deutschland",https://www.openstreetmap.org/?mlat=50.995771&mlon=6.879834#map=18/50.995771/6.879834,osm_hausnummer 33–33a,50.995845,6.87955,22,33,Pesch,Pesch,,https://www.openstreetmap.org/?mlat=50.995845&mlon=6.879550#map=18/50.995845/6.879550,
S-02,1916,Dellbrück,"Bergisch Gladb.Str,1146-1202",in Fahrtrichtung stadtauswärts,stadtteil,50.975921,7.074106,"Dellbrück, Köln, NW, Deutschland",https://www.openstreetmap.org/?mlat=50.975921&mlon=7.074106#map=18/50.975921/7.074106,osm_strasse (±1540 m),50.979338,7.072324,400,392,Dellbrück,Dellbrück,genauigkeit=stadtteil; 392 m neben der Straße,https://www.openstreetmap.org/?mlat=50.979338&mlon=7.072324#map=18/50.979338/7.072324,", · OSM-Abgleich: Geocoder fand nur den Stadtteil; Straße im Stadtteil zu lang für einen verlässlichen Punkt (±1540 m) → weggelassen"
S-02,1917,Dellbrück,Bergisch Gladb.Str.1202-1146,in Fahrtrichtung stadteinwärts,hausnummer,50.981755,7.084479,"Bergisch Gladbacher Straße 1202, Dellbrück, 51069 Köln, Deutschland",https://www.openstreetmap.org/?mlat=50.981755&mlon=7.084479#map=18/50.981755/7.084479,osm_hausnummer 1202–1146,50.981542,7.082345,152,26,Dellbrück,Dellbrück,152 m von OSM-Hausnummer,https://www.openstreetmap.org/?mlat=50.981542&mlon=7.082345#map=18/50.981542/7.082345,"50.981542,7.082345 · OSM-Abgleich: Geocoder-Punkt 152 m von der OSM-Adresse entfernt; ersetzt durch OSM-Adresse Nr. 1202–1146"
S-02,1918,Neustadt-Nord,Theodor-Heuss-Ring 11-9,in Fahrtrichtung Ebertplatz,hausnummer,50.951277,6.961882,"Theodor-Heuss-Ring 11, 50668 Köln, Deutschland",https://www.openstreetmap.org/?mlat=50.951277&mlon=6.961882#map=18/50.951277/6.961882,osm_hausnummer 11–9,50.951253,6.96136,37,37,Neustadt/Nord,Neustadt/Nord,,https://www.openstreetmap.org/?mlat=50.951253&mlon=6.961360#map=18/50.951253/6.961360,
S-02,1927,Marienburg,Heinrich-Lübke-Ufer Laterne 22,in Fahrtrichtung Frankstraße,strasse,50.897802,6.988772,"Heinrich-Lübke-Ufer, Marienburg, 50996 Köln, Deutschland",https://www.openstreetmap.org/?mlat=50.897802&mlon=6.988772#map=18/50.897802/6.988772,osm_strasse (±390 m),50.899964,6.985375,339,0,Marienburg,Marienburg,genauigkeit=strasse,https://www.openstreetmap.org/?mlat=50.899964&mlon=6.985375#map=18/50.899964/6.985375,
S-02,1928,Marienburg,Heinrich-Lübke-Ufer Laterne 22,in Fahrtrichtung Oberländer Ufer,strasse,50.897802,6.988772,"Heinrich-Lübke-Ufer, Marienburg, 50996 Köln, Deutschland",https://www.openstreetmap.org/?mlat=50.897802&mlon=6.988772#map=18/50.897802/6.988772,osm_strasse (±390 m),50.899964,6.985375,339,0,Marienburg,Marienburg,genauigkeit=strasse,https://www.openstreetmap.org/?mlat=50.899964&mlon=6.985375#map=18/50.899964/6.985375,
S-02,1929,Neustadt-Nord,Hohenzollernring 55-41,in Fahrtrichtung Rudolfplatz,hausnummer,50.939953,6.939372,"Hohenzollernring 55, 50672 Köln, Deutschland",https://www.openstreetmap.org/?mlat=50.939953&mlon=6.939372#map=18/50.939953/6.939372,osm_hausnummer 55–41,50.939576,6.939337,42,28,Neustadt/Nord,Neustadt/Nord,,https://www.openstreetmap.org/?mlat=50.939576&mlon=6.939337#map=18/50.939576/6.939337,
S-02,1934,Niehl,Boltensternstraße Lat.99-101,in Fahrtrichtung Mülheimer Brücke,strasse,50.973924,6.97515,"Boltensternstraße, Niehl, 50735 Köln, Deutschland",https://www.openstreetmap.org/?mlat=50.973924&mlon=6.975150#map=18/50.973924/6.975150,osm_strasse (±960 m),50.97425,6.974916,40,0,Niehl,Niehl,genauigkeit=strasse,https://www.openstreetmap.org/?mlat=50.974250&mlon=6.974916#map=18/50.974250/6.974916,
S-02,1940,Rodenkirchen,Industriestraße Laterne 11-13,in FR. Zum Forstbotanischen Garten,stadtteil,50.892851,6.994497,"Rodenkirchen, Köln, NW, Deutschland",https://www.openstreetmap.org/?mlat=50.892851&mlon=6.994497#map=18/50.892851/6.994497,osm_strasse (±830 m),50.877388,6.995215,1721,1057,Rodenkirchen,Rodenkirchen,genauigkeit=stadtteil; 1057 m neben der Straße,https://www.openstreetmap.org/?mlat=50.877388&mlon=6.995215#map=18/50.877388/6.995215,"50.877388,6.995215 · OSM-Abgleich: Geocoder fand nur den Stadtteil; ersetzt durch OSM-Straßenmitte im Stadtteil (±830 m)"
S-02,1950,Roggendorf/Thenhoven,Straberger Weg Höhe Laterne 6,in Fahrtrichtung Sinnersdorfer Str.,strasse,51.04786,6.845581,"Straberger Weg, Roggendorf/Thenhoven, 50769 Köln, Deutschland",https://www.openstreetmap.org/?mlat=51.047860&mlon=6.845581#map=18/51.047860/6.845581,osm_strasse (±1140 m),51.050697,6.838638,580,0,Roggendorf/Thenhoven,Roggendorf/Thenhoven,genauigkeit=strasse,https://www.openstreetmap.org/?mlat=51.050697&mlon=6.838638#map=18/51.050697/6.838638,", · OSM-Abgleich: Geocoder fand nur die Straße; Straße im Stadtteil zu lang für einen verlässlichen Punkt (±1140 m) → weggelassen"
S-02,1953,Vingst,Homarstraße 53,in Fahrtrichtung Ostheimerstr.,hausnummer,50.929526,7.017784,"Homarstraße 53, Vingst, 51107 Köln, Deutschland",https://www.openstreetmap.org/?mlat=50.929526&mlon=7.017784#map=18/50.929526/7.017784,osm_hausnummer 53,50.929531,7.017788,1,15,Vingst,Vingst,,https://www.openstreetmap.org/?mlat=50.929531&mlon=7.017788#map=18/50.929531/7.017788,
S-02,1954,Vingst,Homarstraße 53,in Fahrtrichtung Poll-Vingster Str.,hausnummer,50.929526,7.017784,"Homarstraße 53, Vingst, 51107 Köln, Deutschland",https://www.openstreetmap.org/?mlat=50.929526&mlon=7.017784#map=18/50.929526/7.017784,osm_hausnummer 53,50.929531,7.017788,1,15,Vingst,Vingst,,https://www.openstreetmap.org/?mlat=50.929531&mlon=7.017788#map=18/50.929531/7.017788,
S-02,1959,Mülheim,"Graf-Adolf-Straße, Höhe 59-51",in Fahrtrichtung Rendsburger Platz,hausnummer,50.95712,7.006487,"Graf-Adolf-Straße 59, Mülheim, 51065 Köln, Deutschland",https://www.openstreetmap.org/?mlat=50.957120&mlon=7.006487#map=18/50.957120/7.006487,osm_hausnummer 59–51,50.956793,7.005855,57,26,Mülheim,Mülheim,,https://www.openstreetmap.org/?mlat=50.956793&mlon=7.005855#map=18/50.956793/7.005855,
S-02,1960,Mülheim,"Graf-Adolf-Straße, Höhe 51-59",in Fahrtrichtung Frankfurter Straße,hausnummer,50.956465,7.005223,"Graf-Adolf-Straße 51, Mülheim, 51065 Köln, Deutschland",https://www.openstreetmap.org/?mlat=50.956465&mlon=7.005223#map=18/50.956465/7.005223,osm_hausnummer 51–59,50.956793,7.005855,57,20,Mülheim,Mülheim,,https://www.openstreetmap.org/?mlat=50.956793&mlon=7.005855#map=18/50.956793/7.005855,
S-02,1966,Rath-Heumar,Lützeratherstr. Höhe 119-113c,in Fahrtrichtung Rösratherstraße,stadtteil,50.921694,7.095352,"Versöhnungskirche Rath, Im Wasserblech, 51107 Köln, Deutschland",https://www.openstreetmap.org/?mlat=50.921694&mlon=7.095352#map=18/50.921694/7.095352,osm_hausnummer 119–113c,50.926169,7.084081,934,722,Rath/Heumar,Rath/Heumar,genauigkeit=stadtteil; 934 m von OSM-Hausnummer; 722 m neben der Straße,https://www.openstreetmap.org/?mlat=50.926169&mlon=7.084081#map=18/50.926169/7.084081,"50.926169,7.084081 · OSM-Abgleich: Geocoder fand nur den Stadtteil; ersetzt durch OSM-Adresse Nr. 119–113c"
S-02,1971,Rath-Heumar,Rather Mauspfad Hausnr. 18-16,in Fahrtrichtung Rösrather Straße,hausnummer,50.922205,7.09758,"Rather Mauspfad 18, 51107 Köln, Deutschland",https://www.openstreetmap.org/?mlat=50.922205&mlon=7.097580#map=18/50.922205/7.097580,osm_hausnummer 18–16,50.922171,7.097597,4,35,Rath/Heumar,Rath/Heumar,,https://www.openstreetmap.org/?mlat=50.922171&mlon=7.097597#map=18/50.922171/7.097597,
S-02,1972,Neustadt-Süd,Sachsenring Hausr. 41-33,in Fahrtrichtung Chlodwigplatz,hausnummer,50.922482,6.95464,"Sachsenring 41, 50677 Köln, Deutschland",https://www.openstreetmap.org/?mlat=50.922482&mlon=6.954640#map=18/50.922482/6.954640,osm_hausnummer 41–33,50.922372,6.954911,23,27,Neustadt/Süd,Neustadt/Süd,,https://www.openstreetmap.org/?mlat=50.922372&mlon=6.954911#map=18/50.922372/6.954911,
S-02,1976,Deutz,Siegburger Str. Laterne 39-43,in Fahrtrichtung Am Schnellert,strasse,50.92942,6.973575,"Siegburger Straße, Deutz, 50679 Köln, Deutschland",https://www.openstreetmap.org/?mlat=50.929420&mlon=6.973575#map=18/50.929420/6.973575,osm_strasse (±1170 m),50.928545,6.975066,143,0,Deutz,Deutz,genauigkeit=strasse,https://www.openstreetmap.org/?mlat=50.928545&mlon=6.975066#map=18/50.928545/6.975066,", · OSM-Abgleich: Geocoder fand nur die Straße; Straße im Stadtteil zu lang für einen verlässlichen Punkt (±1170 m) → weggelassen"
S-02,1978,Bocklemünd/Mengenich,Untere Dorfstraße Hausnr.34-28,in Fahrtrichtung Mengenicher Straße,hausnummer,50.97858,6.860531,"Untere Dorfstraße 34, 50829 Köln, Deutschland",https://www.openstreetmap.org/?mlat=50.978580&mlon=6.860531#map=18/50.978580/6.860531,osm_hausnummer 34–28,50.978386,6.860572,22,20,Bocklemünd/Mengenich,Bocklemünd/Mengenich,,https://www.openstreetmap.org/?mlat=50.978386&mlon=6.860572#map=18/50.978386/6.860572,
S-02,1979,Neustadt-Süd,Ubierring Hausnr. 42-50,in Fahrtrichtung Agrippinaufer,stadtteil,50.935003,6.93645,"Filiale Köln Neustadt-Süd, Händelstraße 37, 50674 Köln, Deutschland",https://www.openstreetmap.org/?mlat=50.935003&mlon=6.936450#map=18/50.935003/6.936450,osm_hausnummer 42–50,50.921573,6.964766,2485,5000,Neustadt/Süd,Neustadt/Süd,genauigkeit=stadtteil; 2485 m von OSM-Hausnummer; 5000 m neben der Straße,https://www.openstreetmap.org/?mlat=50.921573&mlon=6.964766#map=18/50.921573/6.964766,"50.921573,6.964766 · OSM-Abgleich: Geocoder fand nur den Stadtteil; ersetzt durch OSM-Adresse Nr. 42–50"
S-02,1981,Mülheim,Berg. Gladbacher Str.135-105,in Fahrtrichtung stadteinwärts,hausnummer,50.96366,7.015687,"Bergisch Gladbacher Straße 135, Mülheim, 51065 Köln, Deutschland",https://www.openstreetmap.org/?mlat=50.963660&mlon=7.015687#map=18/50.963660/7.015687,osm_hausnummer 135–105,50.963473,7.014582,80,14,Mülheim,Mülheim,,https://www.openstreetmap.org/?mlat=50.963473&mlon=7.014582#map=18/50.963473/7.014582,
S-02,1983,Neustadt-Süd,Am Duffesbach Höhe Haus 15-43,in Fahrtrichtung Eifelplatz,hausnummer,50.925576,6.944678,"Am Duffesbach 15, 50677 Köln, Deutschland",https://www.openstreetmap.org/?mlat=50.925576&mlon=6.944678#map=18/50.925576/6.944678,osm_hausnummer 15–43,50.925072,6.944487,58,13,Neustadt/Süd,Neustadt/Süd,,https://www.openstreetmap.org/?mlat=50.925072&mlon=6.944487#map=18/50.925072/6.944487,
S-02,1984,Neustadt-Süd,Am Duffesbach Höhe Haus 43-15,in Fahrtrichtung Salierring,hausnummer,50.92458,6.944302,"Am Duffesbach 43, 50677 Köln, Deutschland",https://www.openstreetmap.org/?mlat=50.924580&mlon=6.944302#map=18/50.924580/6.944302,osm_hausnummer 43–15,50.925072,6.944487,56,13,Neustadt/Süd,Neustadt/Süd,,https://www.openstreetmap.org/?mlat=50.925072&mlon=6.944487#map=18/50.925072/6.944487,
S-02,1987,Ossendorf,Frohnhofstr. Höhe Haus 58-68,in Fahrtrichtung Rochusstraße,hausnummer,50.966872,6.907614,"Frohnhofstraße 58, Ossendorf, 50827 Köln, Deutschland",https://www.openstreetmap.org/?mlat=50.966872&mlon=6.907614#map=18/50.966872/6.907614,osm_hausnummer 58–68,50.966937,6.907317,22,12,Ossendorf,Ossendorf,,https://www.openstreetmap.org/?mlat=50.966937&mlon=6.907317#map=18/50.966937/6.907317,
S-02,1988,Ossendorf,Frohnhofstr. Höhe Haus 68-58,in Fahrtrichtung Iltisstraße,hausnummer,50.967016,6.907025,"Frohnhofstraße 68, Ossendorf, 50827 Köln, Deutschland",https://www.openstreetmap.org/?mlat=50.967016&mlon=6.907025#map=18/50.967016/6.907025,osm_hausnummer 68–58,50.966937,6.907317,22,17,Ossendorf,Ossendorf,,https://www.openstreetmap.org/?mlat=50.966937&mlon=6.907317#map=18/50.966937/6.907317,
S-02,1995,Bickendorf,Sandweg Hausnr. 148-146,in Fahrtrichtung Mühlenweg,hausnummer,50.967723,6.896556,"Sandweg 148, Bickendorf, 50827 Köln, Deutschland",https://www.openstreetmap.org/?mlat=50.967723&mlon=6.896556#map=18/50.967723/6.896556,osm_hausnummer 148–146,50.967649,6.896641,10,18,Bickendorf,Bickendorf,,https://www.openstreetmap.org/?mlat=50.967649&mlon=6.896641#map=18/50.967649/6.896641,
S-02,1996,Kalk,Dillenburger Straße 91-65,in Fahrtrichtung Rolshover Straße,hausnummer,50.933958,7.01268,"Dillenburger Straße 91, Kalk, 51105 Köln, Deutschland",https://www.openstreetmap.org/?mlat=50.933958&mlon=7.012680#map=18/50.933958/7.012680,osm_hausnummer 91–65,50.934156,7.010092,183,13,Kalk,Kalk,183 m von OSM-Hausnummer,https://www.openstreetmap.org/?mlat=50.934156&mlon=7.010092#map=18/50.934156/7.010092,"50.934156,7.010092 · OSM-Abgleich: Geocoder-Punkt 183 m von der OSM-Adresse entfernt; ersetzt durch OSM-Adresse Nr. 91–65"
S-02,1999,Kalk,Dillenburger Straße 65-91,in Fahrtrichtung Ostheimer Straße,hausnummer,50.934349,7.007502,"Dillenburger Straße 65, Kalk, 51105 Köln, Deutschland",https://www.openstreetmap.org/?mlat=50.934349&mlon=7.007502#map=18/50.934349/7.007502,osm_hausnummer 65–91,50.934516,7.010193,190,18,Kalk,Kalk,190 m von OSM-Hausnummer,https://www.openstreetmap.org/?mlat=50.934516&mlon=7.010193#map=18/50.934516/7.010193,"50.934516,7.010193 · OSM-Abgleich: Geocoder-Punkt 190 m von der OSM-Adresse entfernt; ersetzt durch OSM-Adresse Nr. 65–91"
S-02,2000,Mülheim,Berg.Gladbacher Str.Lat.9-13,in Fahrtrichtung Eulenbergstraße,stadtteil,50.965903,7.0078,"Mülheim, Köln, NW, Deutschland",https://www.openstreetmap.org/?mlat=50.965903&mlon=7.007800#map=18/50.965903/7.007800,osm_strasse (±690 m),50.96285,7.012227,460,258,Mülheim,Mülheim,genauigkeit=stadtteil; 258 m neben der Straße,https://www.openstreetmap.org/?mlat=50.962850&mlon=7.012227#map=18/50.962850/7.012227,"50.962850,7.012227 · OSM-Abgleich: Geocoder fand nur den Stadtteil; ersetzt durch OSM-Straßenmitte im Stadtteil (±690 m)"
S-02,2008,Bilderstöckchen,Parkgürtel Höhe Laterne 57,in Fahrtrichtung Ehrenfeld,strasse,50.966623,6.936327,"Parkgürtel, Bilderstöckchen, 50739 Köln, Deutschland",https://www.openstreetmap.org/?mlat=50.966623&mlon=6.936327#map=18/50.966623/6.936327,osm_strasse (±730 m),50.963694,6.933041,399,0,Bilderstöckchen,Bilderstöckchen,genauigkeit=strasse,https://www.openstreetmap.org/?mlat=50.963694&mlon=6.933041#map=18/50.963694/6.933041,
S-02,2012,Marienburg,Goethestraße 38-28,in Fahrtrichtung Bayenthalgürtel,stadtteil,50.901489,6.977456,"Marienburg, Köln, NW, Deutschland",https://www.openstreetmap.org/?mlat=50.901489&mlon=6.977456#map=18/50.901489/6.977456,osm_hausnummer 38–28,50.901612,6.969753,540,489,Marienburg,Marienburg,genauigkeit=stadtteil; 540 m von OSM-Hausnummer; 489 m neben der Straße,https://www.openstreetmap.org/?mlat=50.901612&mlon=6.969753#map=18/50.901612/6.969753,"50.901612,6.969753 · OSM-Abgleich: Geocoder fand nur den Stadtteil; ersetzt durch OSM-Adresse Nr. 38–28"
S-02,2015,Marienburg,Goethestraße 28-38,in Fahrtrichtung Marienburger Str.,hausnummer,50.901955,6.969594,"Goethestraße 28, Marienburg, 50968 Köln, Deutschland",https://www.openstreetmap.org/?mlat=50.901955&mlon=6.969594#map=18/50.901955/6.969594,osm_hausnummer 28–38,50.901612,6.969753,40,27,Marienburg,Marienburg,,https://www.openstreetmap.org/?mlat=50.901612&mlon=6.969753#map=18/50.901612/6.969753,
S-02,2016,Neustadt/Süd,Sachsenring 10-28,in Fahrtrichtung Ulrepforte,hausnummer,50.922933,6.955759,"Sachsenring 10, 50677 Köln, Deutschland",https://www.openstreetmap.org/?mlat=50.922933&mlon=6.955759#map=18/50.922933/6.955759,osm_hausnummer 10–28,50.923277,6.955015,65,18,Neustadt/Süd,Neustadt/Süd,,https://www.openstreetmap.org/?mlat=50.923277&mlon=6.955015#map=18/50.923277/6.955015,
S-02,2023,Vogelsang,Kolkrabenweg Laterne 18-16,in Fahrtrichtung Venloer Straße,strasse,50.963581,6.877707,"Kolkrabenweg, Neu-Vogelsang, 50829 Köln, Deutschland",https://www.openstreetmap.org/?mlat=50.963581&mlon=6.877707#map=18/50.963581/6.877707,osm_strasse (±420 m),50.965214,6.879946,240,0,Vogelsang,Vogelsang,genauigkeit=strasse,https://www.openstreetmap.org/?mlat=50.965214&mlon=6.879946#map=18/50.965214/6.879946,
S-02,2024,Vogelsang,Kolkrabenweg Laterne 16-18,in Fahrtrichtung Steinkauzweg,strasse,50.963581,6.877707,"Kolkrabenweg, Neu-Vogelsang, 50829 Köln, Deutschland",https://www.openstreetmap.org/?mlat=50.963581&mlon=6.877707#map=18/50.963581/6.877707,osm_strasse (±420 m),50.965214,6.879946,240,0,Vogelsang,Vogelsang,genauigkeit=strasse,https://www.openstreetmap.org/?mlat=50.965214&mlon=6.879946#map=18/50.965214/6.879946,
S-02,2037,Humboldt-Gremberg,Rolshover Straße Höhe Haus 216,in Fahrtrichtung Gremberger Straße,stadtteil,50.930641,6.996476,"Wochenmarkt Humboldt-Gremberg, Odenwaldstraße, 51105 Köln, Deutschland",https://www.openstreetmap.org/?mlat=50.930641&mlon=6.996476#map=18/50.930641/6.996476,osm_hausnummer 216,50.927525,6.999382,402,240,Humboldt/Gremberg,Humboldt/Gremberg,genauigkeit=stadtteil; 402 m von OSM-Hausnummer; 240 m neben der Straße,https://www.openstreetmap.org/?mlat=50.927525&mlon=6.999382#map=18/50.927525/6.999382,"50.927525,6.999382 · OSM-Abgleich: Geocoder fand nur den Stadtteil; ersetzt durch OSM-Adresse Nr. 216"
S-02,2040,Ensen,Kölner Str. Höhe Haus 185-189,in Fahrtrichtung Westhoven,hausnummer,50.900821,7.028584,"Ensen, Kölner Straße 185, 51149 Köln, Deutschland",https://www.openstreetmap.org/?mlat=50.900821&mlon=7.028584#map=18/50.900821/7.028584,osm_hausnummer 185–189,50.900886,7.028405,14,17,Ensen,Ensen,,https://www.openstreetmap.org/?mlat=50.900886&mlon=7.028405#map=18/50.900886/7.028405,
S-02,2041,Zündorf,Hauptstrasse Hs.N.50-44,in Fahrtrichtung Langel,stadtteil,50.865926,7.042982,"Zündorf, Köln, NW, Deutschland",https://www.openstreetmap.org/?mlat=50.865926&mlon=7.042982#map=18/50.865926/7.042982,osm_strasse (±1250 m),50.869266,7.045565,413,101,Zündorf,Zündorf,genauigkeit=stadtteil; 101 m neben der Straße,https://www.openstreetmap.org/?mlat=50.869266&mlon=7.045565#map=18/50.869266/7.045565,", · OSM-Abgleich: Geocoder fand nur den Stadtteil; Straße im Stadtteil zu lang für einen verlässlichen Punkt (±1250 m) → weggelassen"
S-02,2047,Niehl,Friedrich-Karl-Straße 222-214,in Fahrtrichtung Niehler Straße,hausnummer,50.974113,6.96416,"Friedrich-Karl-Straße 222, Niehl, 50735 Köln, Deutschland",https://www.openstreetmap.org/?mlat=50.974113&mlon=6.964160#map=18/50.974113/6.964160,osm_hausnummer 222–214,50.974084,6.963269,63,14,Niehl,Niehl,,https://www.openstreetmap.org/?mlat=50.974084&mlon=6.963269#map=18/50.974084/6.963269,
S-02,2050,Rodenkirchen,Römer Straße Hausnr.66-28,in Fahrtrichtung Theodor-Heuss Str.,hausnummer,50.887287,6.989365,"Römerstraße 66, Rodenkirchen, 50996 Köln, Deutschland",https://www.openstreetmap.org/?mlat=50.887287&mlon=6.989365#map=18/50.887287/6.989365,osm_hausnummer 66–28,50.888109,6.988657,104,15,Rodenkirchen,Rodenkirchen,,https://www.openstreetmap.org/?mlat=50.888109&mlon=6.988657#map=18/50.888109/6.988657,
S-02,2058,Neustadt/Süd,Salierring Höhe Hausnr.45-21,in Fahrtrichtung Am Duffesbach,hausnummer,50.927883,6.943028,"Salierring 45, 50677 Köln, Deutschland",https://www.openstreetmap.org/?mlat=50.927883&mlon=6.943028#map=18/50.927883/6.943028,osm_hausnummer 45–21,50.927363,6.943917,85,22,Neustadt/Süd,Neustadt/Süd,,https://www.openstreetmap.org/?mlat=50.927363&mlon=6.943917#map=18/50.927363/6.943917,
S-02,2068,Rath/Heumar,Lützeratherstraße Höhe 128-134,in Fahrtrichtung Rather Mauspfad,stadtteil,50.921694,7.095352,"Versöhnungskirche Rath, Im Wasserblech, 51107 Köln, Deutschland",https://www.openstreetmap.org/?mlat=50.921694&mlon=7.095352#map=18/50.921694/7.095352,osm_hausnummer 128–134,50.925907,7.085942,810,722,Rath/Heumar,Rath/Heumar,genauigkeit=stadtteil; 810 m von OSM-Hausnummer; 722 m neben der Straße,https://www.openstreetmap.org/?mlat=50.925907&mlon=7.085942#map=18/50.925907/7.085942,"50.925907,7.085942 · OSM-Abgleich: Geocoder fand nur den Stadtteil; ersetzt durch OSM-Adresse Nr. 128–134"
S-02,2070,Westhoven,Andre-Citroen-Straße 24-20,in Fahrtrichtung Kölner Straße,hausnummer,50.901451,7.019874,"André-Citroën-Straße 24, Westhoven, 51149 Köln, Deutschland",https://www.openstreetmap.org/?mlat=50.901451&mlon=7.019874#map=18/50.901451/7.019874,osm_hausnummer 24–20,50.901646,7.020311,37,30,Westhoven,Westhoven,,https://www.openstreetmap.org/?mlat=50.901646&mlon=7.020311#map=18/50.901646/7.020311,
S-02,2084,Altstadt/Süd,Pipinstraße ggü.Laterne 10-12,in Fahrtrichtung Deutzer Brücke,stadtteil,50.929181,6.955329,"Altstadt-Süd, Köln, NW, Deutschland",https://www.openstreetmap.org/?mlat=50.929181&mlon=6.955329#map=18/50.929181/6.955329,osm_strasse (±160 m),50.935196,6.957982,694,652,Altstadt-Süd,Altstadt-Süd,genauigkeit=stadtteil; 652 m neben der Straße,https://www.openstreetmap.org/?mlat=50.935196&mlon=6.957982#map=18/50.935196/6.957982,"50.935196,6.957982 · OSM-Abgleich: Geocoder fand nur den Stadtteil; ersetzt durch OSM-Straßenmitte im Stadtteil (±160 m)"
S-02,2088,Weidenpesch,"Theklastraße, Höhe Haus 8-20",in Fahrtrichtung Merheimer Straße,hausnummer,50.977722,6.947909,"Theklastraße 8, Weidenpesch, 50737 Köln, Deutschland",https://www.openstreetmap.org/?mlat=50.977722&mlon=6.947909#map=18/50.977722/6.947909,osm_hausnummer 8–20,50.977715,6.947396,36,16,Weidenpesch,Weidenpesch,,https://www.openstreetmap.org/?mlat=50.977715&mlon=6.947396#map=18/50.977715/6.947396,
S-02,2089,Lindenthal,Universitätsstraße Höhe 57-53,in Fahrtrichtung Zollstock,hausnummer,50.930532,6.92639,"Universitätsstraße 57, Lindenthal, 50931 Köln, Deutschland",https://www.openstreetmap.org/?mlat=50.930532&mlon=6.926390#map=18/50.930532/6.926390,osm_hausnummer 57–53,50.930349,6.926488,22,17,Lindenthal,Lindenthal,,https://www.openstreetmap.org/?mlat=50.930349&mlon=6.926488#map=18/50.930349/6.926488,
S-02,2091,Buchforst,Bertoldistraße Laterne 10-14,in Fahrtrichtung Kreisverkehr,stadtteil,50.950562,7.005472,"Buchforst, Köln, NW, Deutschland",https://www.openstreetmap.org/?mlat=50.950562&mlon=7.005472#map=18/50.950562/7.005472,osm_strasse (±140 m),50.954386,7.004056,437,319,Buchforst,Buchforst,genauigkeit=stadtteil; 319 m neben der Straße,https://www.openstreetmap.org/?mlat=50.954386&mlon=7.004056#map=18/50.954386/7.004056,"50.954386,7.004056 · OSM-Abgleich: Geocoder fand nur den Stadtteil; ersetzt durch OSM-Straßenmitte im Stadtteil (±140 m)"
S-02,2108,Worringen,Neusser Landstr.379 - Lat.139,in Fahrtrichtung Fühlingen,hausnummer,51.069136,6.861277,"Neusser Landstraße 379, Worringen, 50769 Köln, Deutschland",https://www.openstreetmap.org/?mlat=51.069136&mlon=6.861277#map=18/51.069136/6.861277,osm_hausnummer 379,51.069139,6.861276,0,14,Worringen,Worringen,,https://www.openstreetmap.org/?mlat=51.069139&mlon=6.861276#map=18/51.069139/6.861276,
S-02,2109,Worringen,Lat.139 - Neusser Landstr.379,in Fahrtrichtung Dormagen,hausnummer,51.069136,6.861277,"Neusser Landstraße 379, Worringen, 50769 Köln, Deutschland",https://www.openstreetmap.org/?mlat=51.069136&mlon=6.861277#map=18/51.069136/6.861277,osm_hausnummer 379,51.069139,6.861276,0,14,Worringen,Worringen,,https://www.openstreetmap.org/?mlat=51.069139&mlon=6.861276#map=18/51.069139/6.861276,
S-02,2119,Deutz,"Deutzer Ring, Höhe Laterne 8-9",in Fahrtrichtung Kalk,strasse,50.9346,6.991991,"Deutzer Ring, 50679 Köln, Deutschland",https://www.openstreetmap.org/?mlat=50.934600&mlon=6.991991#map=18/50.934600/6.991991,osm_strasse (±970 m),50.930204,6.983797,755,0,Deutz,Deutz,genauigkeit=strasse,https://www.openstreetmap.org/?mlat=50.930204&mlon=6.983797#map=18/50.930204/6.983797,
S-02,2120,Ostheim,"Rösrather Straße,Höhe Haus 129",in Fahrtrichtung stadtauswärts,strasse,50.929583,7.051886,"Fröbel-Kindergarten & Familienzentrum Ostheim, Rösrather Straße 129, Ostheim, 51107 Köln, Deutschland",https://www.openstreetmap.org/?mlat=50.929583&mlon=7.051886#map=18/50.929583/7.051886,osm_hausnummer 129,50.929585,7.051889,0,26,Ostheim,Ostheim,genauigkeit=strasse,https://www.openstreetmap.org/?mlat=50.929585&mlon=7.051889#map=18/50.929585/7.051889,"50.929585,7.051889 · OSM-Abgleich: Geocoder fand nur die Straße; ersetzt durch OSM-Adresse Nr. 129"
S-02,2122,Marienburg,"Oberländer Ufer, Laterne 6A-6B",in Fahrtrichtung Rodenkirchen,strasse,50.905683,6.978771,"Oberländer Ufer, Marienburg, 50968 Köln, Deutschland",https://www.openstreetmap.org/?mlat=50.905683&mlon=6.978771#map=18/50.905683/6.978771,osm_strasse (±450 m),50.904268,6.980199,187,0,Marienburg,Marienburg,genauigkeit=strasse,https://www.openstreetmap.org/?mlat=50.904268&mlon=6.980199#map=18/50.904268/6.980199,
S-02,2125,Marienburg,"Oberländer Ufer, Laterne 6b-6a",in Fahrtrichtung Südbrücke,strasse,50.905683,6.978771,"Oberländer Ufer, Marienburg, 50968 Köln, Deutschland",https://www.openstreetmap.org/?mlat=50.905683&mlon=6.978771#map=18/50.905683/6.978771,osm_strasse (±450 m),50.904268,6.980199,187,0,Marienburg,Marienburg,genauigkeit=strasse,https://www.openstreetmap.org/?mlat=50.904268&mlon=6.980199#map=18/50.904268/6.980199,
S-02,2126,Neustadt/Süd,Hohenstaufenring Haus 64-78,in Fahrtrichtung Rudolfplatz,hausnummer,50.933836,6.939959,"Hohenstaufenring 64, 50674 Köln, Deutschland",https://www.openstreetmap.org/?mlat=50.933836&mlon=6.939959#map=18/50.933836/6.939959,osm_hausnummer 64–78,50.934112,6.939795,33,22,Neustadt/Süd,Neustadt/Süd,,https://www.openstreetmap.org/?mlat=50.934112&mlon=6.939795#map=18/50.934112/6.939795,
S-02,2127,Ostheim,"Rösrather Straße,Höhe Haus 129",in Fahrtrichtung Servatiusstraße,strasse,50.929583,7.051886,"Fröbel-Kindergarten & Familienzentrum Ostheim, Rösrather Straße 129, Ostheim, 51107 Köln, Deutschland",https://www.openstreetmap.org/?mlat=50.929583&mlon=7.051886#map=18/50.929583/7.051886,osm_hausnummer 129,50.929585,7.051889,0,26,Ostheim,Ostheim,genauigkeit=strasse,https://www.openstreetmap.org/?mlat=50.929585&mlon=7.051889#map=18/50.929585/7.051889,"50.929585,7.051889 · OSM-Abgleich: Geocoder fand nur die Straße; ersetzt durch OSM-Adresse Nr. 129"
S-02,2129,Heimersdorf,Volkhovener Weg Haus 90-120,in Fahrtrichtung Stallagsweg,hausnummer,51.003361,6.900125,"Volkhovener Weg 90, Heimersdorf, 50767 Köln, Deutschland",https://www.openstreetmap.org/?mlat=51.003361&mlon=6.900125#map=18/51.003361/6.900125,osm_hausnummer 90–120,51.004353,6.899775,113,18,Heimersdorf,Heimersdorf,,https://www.openstreetmap.org/?mlat=51.004353&mlon=6.899775#map=18/51.004353/6.899775,
S-02,2130,Heimersdorf,Volkhovener Weg Haus 120-90,in Fahrtrichtung Militärringstraße,hausnummer,51.005354,6.899422,"Volkhovener Weg 120, Heimersdorf, 50767 Köln, Deutschland",https://www.openstreetmap.org/?mlat=51.005354&mlon=6.899422#map=18/51.005354/6.899422,osm_hausnummer 120–90,51.004353,6.899775,114,19,Heimersdorf,Heimersdorf,,https://www.openstreetmap.org/?mlat=51.004353&mlon=6.899775#map=18/51.004353/6.899775,
S-02,2131,Wahnheide,Heidestraße Haus 224-240,in Fahrtrichtung Linder Mauspfad,hausnummer,50.858927,7.105288,"Heidestraße 224, Wahnheide, 51147 Köln, Deutschland",https://www.openstreetmap.org/?mlat=50.858927&mlon=7.105288#map=18/50.858927/7.105288,osm_hausnummer 224,50.858927,7.105288,0,18,Wahnheide,Wahnheide,,https://www.openstreetmap.org/?mlat=50.858927&mlon=7.105288#map=18/50.858927/7.105288,
S-02,2132,Wahnheide,Heidestraße Haus 243-237,in Fahrtrichtung Magazinstraße,hausnummer,50.859279,7.106076,"Heidestraße 243, Wahnheide, 51147 Köln, Deutschland",https://www.openstreetmap.org/?mlat=50.859279&mlon=7.106076#map=18/50.859279/7.106076,osm_hausnummer 243–237,50.85935,7.105837,19,18,Wahnheide,Wahnheide,,https://www.openstreetmap.org/?mlat=50.859350&mlon=7.105837#map=18/50.859350/7.105837,
S-02,2144,Ehrenfeld,Melatengürtel Höhe 104-112,in Fahrtrichtung Ehrenfeldgürtel,hausnummer,50.946852,6.913831,"Melatengürtel 104, Ehrenfeld, 50823 Köln, Deutschland",https://www.openstreetmap.org/?mlat=50.946852&mlon=6.913831#map=18/50.946852/6.913831,osm_hausnummer 104–112,50.947109,6.914037,32,17,Ehrenfeld,Ehrenfeld,,https://www.openstreetmap.org/?mlat=50.947109&mlon=6.914037#map=18/50.947109/6.914037,
S-02,2150,Deutz,Siegburger Straße 161-147,in Fahrtrichtung Severinsbrücke,hausnummer,50.929432,6.973818,"Siegburger Straße 161, Deutz, 50679 Köln, Deutschland",https://www.openstreetmap.org/?mlat=50.929432&mlon=6.973818#map=18/50.929432/6.973818,osm_hausnummer 161–147,50.929825,6.97342,52,14,Deutz,Deutz,,https://www.openstreetmap.org/?mlat=50.929825&mlon=6.973420#map=18/50.929825/6.973420,
S-02,2155,Deutz,Mindener Straße Haus Nr.4,in Fahrtrichtung Deutzer Bahnhof,hausnummer,50.938136,6.971863,"Mindener Straße 4, Deutz, 50679 Köln, Deutschland",https://www.openstreetmap.org/?mlat=50.938136&mlon=6.971863#map=18/50.938136/6.971863,osm_hausnummer 4,50.938291,6.971845,17,15,Deutz,Deutz,,https://www.openstreetmap.org/?mlat=50.938291&mlon=6.971845#map=18/50.938291/6.971845,
S-02,2157,Weidenpesch,"Etzelstraße, Laterne 150-106",in Fahrtrichtung Schmiedegasse,strasse,50.982854,6.925034,"Etzelstraße, Weidenpesch, 50739 Köln, Deutschland",https://www.openstreetmap.org/?mlat=50.982854&mlon=6.925034#map=18/50.982854/6.925034,osm_strasse (±1200 m),50.980234,6.929116,409,0,Weidenpesch,Weidenpesch,genauigkeit=strasse,https://www.openstreetmap.org/?mlat=50.980234&mlon=6.929116#map=18/50.980234/6.929116,", · OSM-Abgleich: Geocoder fand nur die Straße; Straße im Stadtteil zu lang für einen verlässlichen Punkt (±1200 m) → weggelassen"
S-02,2158,Lindenthal,Militärring v.Bachemer Landstr,in Fahrtrichtung Gleueler Straße,stadtteil,50.929897,6.9144,"Lindenthal, Köln, NW, Deutschland",https://www.openstreetmap.org/?mlat=50.929897&mlon=6.914400#map=18/50.929897/6.914400,osm_kreuzung Bachemer Landstraße,50.920394,6.891318,1934,5000,Lindenthal,Lindenthal,genauigkeit=stadtteil; 1934 m von OSM-Kreuzung; 5000 m neben der Straße,https://www.openstreetmap.org/?mlat=50.920394&mlon=6.891318#map=18/50.920394/6.891318,"50.920394,6.891318 · OSM-Abgleich: Geocoder fand nur den Stadtteil; ersetzt durch OSM-Kreuzung mit Bachemer Landstraße"
S-02,2160,Lindenthal,Gleueler Str. Haus 301-339,in Fahrtrichtung stadtauswärts,hausnummer,50.919367,6.90201,"Gleueler Straße 301, Lindenthal, 50935 Köln, Deutschland",https://www.openstreetmap.org/?mlat=50.919367&mlon=6.902010#map=18/50.919367/6.902010,osm_hausnummer 301–339,50.918542,6.901563,97,84,Lindenthal,Lindenthal,84 m neben der Straße,https://www.openstreetmap.org/?mlat=50.918542&mlon=6.901563#map=18/50.918542/6.901563,
S-02,2163,Lindenthal,Militärring v.Bachemer Landstr,in Fahrtrichtung Dürener Straße,stadtteil,50.929897,6.9144,"Lindenthal, Köln, NW, Deutschland",https://www.openstreetmap.org/?mlat=50.929897&mlon=6.914400#map=18/50.929897/6.914400,osm_kreuzung Bachemer Landstraße,50.920394,6.891318,1934,5000,Lindenthal,Lindenthal,genauigkeit=stadtteil; 1934 m von OSM-Kreuzung; 5000 m neben der Straße,https://www.openstreetmap.org/?mlat=50.920394&mlon=6.891318#map=18/50.920394/6.891318,"50.920394,6.891318 · OSM-Abgleich: Geocoder fand nur den Stadtteil; ersetzt durch OSM-Kreuzung mit Bachemer Landstraße"
S-02,2168,Bayenthal,Gustav-Heinemann-Ufer 72-88a,in Fahrtrichtung Tacitusstraße,hausnummer,50.913159,6.971343,"Gustav-Heinemann-Ufer 72, Bayenthal, 50968 Köln, Deutschland",https://www.openstreetmap.org/?mlat=50.913159&mlon=6.971343#map=18/50.913159/6.971343,osm_hausnummer 72–88a,50.912759,6.971886,59,40,Bayenthal,Bayenthal,,https://www.openstreetmap.org/?mlat=50.912759&mlon=6.971886#map=18/50.912759/6.971886,
S-02,2172,Neustadt/Nord,Hansaring 98a bis Ebertplatz 2,in Fahrtrichtung Ebertplatz,hausnummer,50.949798,6.95543,"Hansaring 98a, 50670 Köln, Deutschland",https://www.openstreetmap.org/?mlat=50.949798&mlon=6.955430#map=18/50.949798/6.955430,osm_hausnummer 98a,50.949795,6.95547,3,14,Neustadt/Nord,Neustadt/Nord,,https://www.openstreetmap.org/?mlat=50.949795&mlon=6.955470#map=18/50.949795/6.955470,
S-02,2174,Junkersdorf,Vogelsanger Weg Höhe Haus 16-8,in Fahrtrichtung Am Weidenpesch,hausnummer,50.933674,6.85365,"Vogelsanger Weg 16, Junkersdorf, 50858 Köln, Deutschland",https://www.openstreetmap.org/?mlat=50.933674&mlon=6.853650#map=18/50.933674/6.853650,osm_hausnummer 16–8,50.933476,6.853683,22,17,Junkersdorf,Junkersdorf,,https://www.openstreetmap.org/?mlat=50.933476&mlon=6.853683#map=18/50.933476/6.853683,
S-02,2175,Bickendorf,Venloer Str. 20mtr.vor Lat.238,in Fahrtr. Mathias-Brüggen-Straße,stadtteil,50.959889,6.901151,"Bickendorf, Köln, NW, Deutschland",https://www.openstreetmap.org/?mlat=50.959889&mlon=6.901151#map=18/50.959889/6.901151,osm_strasse (±1150 m),50.960919,6.893484,550,239,Bickendorf,Bickendorf,genauigkeit=stadtteil; 239 m neben der Straße,https://www.openstreetmap.org/?mlat=50.960919&mlon=6.893484#map=18/50.960919/6.893484,", · OSM-Abgleich: Geocoder fand nur den Stadtteil; Straße im Stadtteil zu lang für einen verlässlichen Punkt (±1150 m) → weggelassen"
S-02,2177,Klettenberg,Luxemburger Str. Höhe 447-429,in Fahrtrichtung stadteinwärts,hausnummer,50.906459,6.918291,"Luxemburger Straße 447, Klettenberg, 50939 Köln, Deutschland",https://www.openstreetmap.org/?mlat=50.906459&mlon=6.918291#map=18/50.906459/6.918291,osm_hausnummer 447–429,50.906905,6.918743,59,17,Klettenberg,Klettenberg,,https://www.openstreetmap.org/?mlat=50.906905&mlon=6.918743#map=18/50.906905/6.918743,
S-02,2181,Mülheim,Deutz-Mülheimer Straße 180-186,in Fahrtrichtung Auenweg,hausnummer,50.951269,6.989193,"Deutz-Mülheimer Straße 180, 51063 Köln, Deutschland",https://www.openstreetmap.org/?mlat=50.951269&mlon=6.989193#map=18/50.951269/6.989193,osm_hausnummer 180,50.951269,6.989193,0,19,Mülheim,Mülheim,,https://www.openstreetmap.org/?mlat=50.951269&mlon=6.989193#map=18/50.951269/6.989193,
S-02,2182,Braunsfeld,Stolberger Str. Höhe 114a-108,in Fahrtrichtung Maarweg,hausnummer,50.942902,6.896469,"Stolberger Straße 114a, Braunsfeld, 50933 Köln, Deutschland",https://www.openstreetmap.org/?mlat=50.942902&mlon=6.896469#map=18/50.942902/6.896469,osm_hausnummer 114a–108,50.942558,6.897092,58,90,Braunsfeld,Braunsfeld,90 m neben der Straße,https://www.openstreetmap.org/?mlat=50.942558&mlon=6.897092#map=18/50.942558/6.897092,
S-02,2189,Rodenkirchen,Ringstraße Höhe Haus 70-72,in Fahrtrichtung Sürther Straße,hausnummer,50.886026,6.997216,"Ringstraße 70, Rodenkirchen, 50996 Köln, Deutschland",https://www.openstreetmap.org/?mlat=50.886026&mlon=6.997216#map=18/50.886026/6.997216,osm_hausnummer 70–72,50.885965,6.997298,9,19,Rodenkirchen,Rodenkirchen,,https://www.openstreetmap.org/?mlat=50.885965&mlon=6.997298#map=18/50.885965/6.997298,
S-02,2190,Rodenkirchen,"Ringstraße, Höhe Haus 72-70",in Fahrtrichtung Brückenstraße,hausnummer,50.8859,6.99738,"Ringstraße 72, Rodenkirchen, 50996 Köln, Deutschland",https://www.openstreetmap.org/?mlat=50.885900&mlon=6.997380#map=18/50.885900/6.997380,osm_hausnummer 72–70,50.885965,6.997298,9,17,Rodenkirchen,Rodenkirchen,,https://www.openstreetmap.org/?mlat=50.885965&mlon=6.997298#map=18/50.885965/6.997298,
S-02,2193,Neustadt/Nord,"Hohenzollernring, Laterne 8-10",in Fahrtrichtung Friesenplatz,stadtteil,50.947923,6.941061,"Neustadt/Nord, Köln, NW, Deutschland",https://www.openstreetmap.org/?mlat=50.947923&mlon=6.941061#map=18/50.947923/6.941061,osm_strasse (±380 m),50.939763,6.93984,912,579,Neustadt/Nord,Neustadt/Nord,genauigkeit=stadtteil; 579 m neben der Straße,https://www.openstreetmap.org/?mlat=50.939763&mlon=6.939840#map=18/50.939763/6.939840,"50.939763,6.939840 · OSM-Abgleich: Geocoder fand nur den Stadtteil; ersetzt durch OSM-Straßenmitte im Stadtteil (±380 m)"
S-02,2198,Weiden,Aachener Straße Höhe 1356-1372,in Fahrtrichtung stadtauswärts,hausnummer,50.938726,6.822215,"Aachener Straße 1356, Weiden, 50859 Köln, Deutschland",https://www.openstreetmap.org/?mlat=50.938726&mlon=6.822215#map=18/50.938726/6.822215,osm_hausnummer 1356–1372,50.938783,6.821718,35,15,Weiden,Weiden,,https://www.openstreetmap.org/?mlat=50.938783&mlon=6.821718#map=18/50.938783/6.821718,
S-02,2201,Merheim,Ostmerheimer Str. ggü. 399-423,in Fahrtrichtung Kratzweg,hausnummer,50.947757,7.049918,"Ostmerheimer Straße 399, 51109 Köln, Deutschland",https://www.openstreetmap.org/?mlat=50.947757&mlon=7.049918#map=18/50.947757/7.049918,osm_hausnummer 399–423,50.948057,7.04986,34,17,Merheim,Merheim,,https://www.openstreetmap.org/?mlat=50.948057&mlon=7.049860#map=18/50.948057/7.049860,
S-02,2202,Altstadt/Nord,Turiner Str. Höhe Laterne 5-11,in Fahrtrichtung Ebertplatz,strasse,50.946128,6.95734,"Turiner Straße, 50668 Köln, Deutschland",https://www.openstreetmap.org/?mlat=50.946128&mlon=6.957340#map=18/50.946128/6.957340,osm_strasse (±320 m),50.947326,6.957967,140,0,Altstadt-Nord,Altstadt-Nord,genauigkeit=strasse,https://www.openstreetmap.org/?mlat=50.947326&mlon=6.957967#map=18/50.947326/6.957967,
S-02,2203,Merheim,Kratzweg ggü. Haus Nr. 106-76,in Fahrtrichtung Kieskaulerweg,hausnummer,50.94599,7.049001,"Kratzweg 106, Merheim, 51109 Köln, Deutschland",https://www.openstreetmap.org/?mlat=50.945990&mlon=7.049001#map=18/50.945990/7.049001,osm_hausnummer 106–76,50.945689,7.048278,61,20,Merheim,Merheim,,https://www.openstreetmap.org/?mlat=50.945689&mlon=7.048278#map=18/50.945689/7.048278,
S-02,2204,Merheim,Kratzweg ggü. Haus Nr. 76-106,in Fahrtr. Ostmerheimer Straße,hausnummer,50.945392,7.047551,"Kratzweg 76, Merheim, 51109 Köln, Deutschland",https://www.openstreetmap.org/?mlat=50.945392&mlon=7.047551#map=18/50.945392/7.047551,osm_hausnummer 76–106,50.945689,7.048278,61,18,Merheim,Merheim,,https://www.openstreetmap.org/?mlat=50.945689&mlon=7.048278#map=18/50.945689/7.048278,
S-02,2207,Niehl,Sebastianstraße Hausnr.203-217,in Fahrtrichtung Niehler Damm,hausnummer,50.991129,6.961388,"Sebastianstraße 203, Niehl, 50735 Köln, Deutschland",https://www.openstreetmap.org/?mlat=50.991129&mlon=6.961388#map=18/50.991129/6.961388,osm_hausnummer 203–217,50.991345,6.961479,25,23,Niehl,Niehl,,https://www.openstreetmap.org/?mlat=50.991345&mlon=6.961479#map=18/50.991345/6.961479,
S-02,2208,Niehl,"Sebastianstraße, Höhe 207-187",in Fahrtrichtung Niehler Straße,hausnummer,50.991304,6.96161,"Sebastianstraße 207, Niehl, 50735 Köln, Deutschland",https://www.openstreetmap.org/?mlat=50.991304&mlon=6.961610#map=18/50.991304/6.961610,osm_hausnummer 207–187,50.990826,6.961501,54,9,Niehl,Niehl,,https://www.openstreetmap.org/?mlat=50.990826&mlon=6.961501#map=18/50.990826/6.961501,
S-02,2209,Sürth,H.-Erpenbach-Str.i.H.Haus 34,in Fahrtrichtung Kölnstraße,stadtteil,50.862273,7.006773,"Sürth, Köln, NW, Deutschland",https://www.openstreetmap.org/?mlat=50.862273&mlon=7.006773#map=18/50.862273/7.006773,osm_hausnummer 34,50.866856,7.004893,527,339,Sürth,Sürth,genauigkeit=stadtteil; 527 m von OSM-Hausnummer; 339 m neben der Straße,https://www.openstreetmap.org/?mlat=50.866856&mlon=7.004893#map=18/50.866856/7.004893,"50.866856,7.004893 · OSM-Abgleich: Geocoder fand nur den Stadtteil; ersetzt durch OSM-Adresse Nr. 34"
S-02,2211,Merheim,Auf dem Eichenbrett Lat.7-11,in Fahrtrichtung Ostmerheimer Str.,strasse,50.942293,7.055431,"Auf dem Eichenbrett, Merheim, 51109 Köln, Deutschland",https://www.openstreetmap.org/?mlat=50.942293&mlon=7.055431#map=18/50.942293/7.055431,osm_strasse (±210 m),50.942001,7.054577,68,0,Merheim,Merheim,genauigkeit=strasse,https://www.openstreetmap.org/?mlat=50.942001&mlon=7.054577#map=18/50.942001/7.054577,
S-02,2213,Niehl,Boltenstern Str. ggü. 341-339,in Fahrtr. Friedrich-Karl-Straße,hausnummer,50.978798,6.970734,"Boltensternstraße 341, Niehl, 50735 Köln, Deutschland",https://www.openstreetmap.org/?mlat=50.978798&mlon=6.970734#map=18/50.978798/6.970734,osm_hausnummer 341–339,50.978705,6.970841,13,29,Niehl,Niehl,,https://www.openstreetmap.org/?mlat=50.978705&mlon=6.970841#map=18/50.978705/6.970841,
S-02,2214,Niehl,Boltenstern Str. ggü. 339-341,in Fahrtrichtung Amsterdamer Straße,hausnummer,50.978591,6.97097,"Boltensternstraße 339, Niehl, 50735 Köln, Deutschland",https://www.openstreetmap.org/?mlat=50.978591&mlon=6.970970#map=18/50.978591/6.970970,osm_hausnummer 339–341,50.978705,6.970841,16,26,Niehl,Niehl,,https://www.openstreetmap.org/?mlat=50.978705&mlon=6.970841#map=18/50.978705/6.970841,
S-02,2215,Humboldt-Gremberg,Am Grauen Stein Nr.14-6,in Fahrtrichtung Gremberger Straße,hausnummer,50.928298,6.993987,"Am Grauen Stein 14, 51105 Köln, Deutschland",https://www.openstreetmap.org/?mlat=50.928298&mlon=6.993987#map=18/50.928298/6.993987,osm_hausnummer 14–6,50.928584,6.994304,39,25,Humboldt/Gremberg,Humboldt/Gremberg,,https://www.openstreetmap.org/?mlat=50.928584&mlon=6.994304#map=18/50.928584/6.994304,
S-02,2216,Worringen,Üdesheimer Weg Haus 19-37,in Fahrtrichtung Hackhauser Weg,hausnummer,51.059517,6.857404,"Üdesheimer Weg 19, Worringen, 50769 Köln, Deutschland",https://www.openstreetmap.org/?mlat=51.059517&mlon=6.857404#map=18/51.059517/6.857404,osm_hausnummer 19–37,51.060099,6.857013,70,16,Worringen,Worringen,,https://www.openstreetmap.org/?mlat=51.060099&mlon=6.857013#map=18/51.060099/6.857013,
S-02,2217,Zollstock,Am Vorgebirgstor Höhe 37-19a,in Fahrtrichtung Vorgebirg Straße,hausnummer,50.916131,6.942292,"Am Vorgebirgstor 37, Zollstock, 50969 Köln, Deutschland",https://www.openstreetmap.org/?mlat=50.916131&mlon=6.942292#map=18/50.916131/6.942292,osm_hausnummer 37–19a,50.915793,6.943268,78,42,Zollstock,Zollstock,,https://www.openstreetmap.org/?mlat=50.915793&mlon=6.943268#map=18/50.915793/6.943268,
S-02,2221,Worringen,Üdesheimer Weg Hausnr.37-19,in Fahrtrichtumg Krebelspfad,hausnummer,51.060663,6.856634,"Üdesheimer Weg 37, Worringen, 50769 Köln, Deutschland",https://www.openstreetmap.org/?mlat=51.060663&mlon=6.856634#map=18/51.060663/6.856634,osm_hausnummer 37–19,51.060099,6.857013,68,15,Worringen,Worringen,,https://www.openstreetmap.org/?mlat=51.060099&mlon=6.857013#map=18/51.060099/6.857013,
S-02,2223,Riehl,Boltensternstr. Nr.95-25,in Fahrtrichtung Niederländer Ufer,hausnummer,50.96726,6.979192,"Boltensternstraße 95, Riehl, 50735 Köln, Deutschland",https://www.openstreetmap.org/?mlat=50.967260&mlon=6.979192#map=18/50.967260/6.979192,osm_hausnummer 95–25,50.965755,6.979976,176,14,Riehl,Riehl,176 m von OSM-Hausnummer,https://www.openstreetmap.org/?mlat=50.965755&mlon=6.979976#map=18/50.965755/6.979976,"50.965755,6.979976 · OSM-Abgleich: Geocoder-Punkt 176 m von der OSM-Adresse entfernt; ersetzt durch OSM-Adresse Nr. 95–25"
S-02,2228,Worringen,Hackenbroicher Straße 167-103,in Fahrtrichtung Bitterstraße,hausnummer,51.064202,6.848932,"Hackenbroicher Straße 167, Worringen, 50769 Köln, Deutschland",https://www.openstreetmap.org/?mlat=51.064202&mlon=6.848932#map=18/51.064202/6.848932,osm_hausnummer 167–103,51.064351,6.851833,204,18,Worringen,Worringen,204 m von OSM-Hausnummer,https://www.openstreetmap.org/?mlat=51.064351&mlon=6.851833#map=18/51.064351/6.851833,"51.064351,6.851833 · OSM-Abgleich: Geocoder-Punkt 204 m von der OSM-Adresse entfernt; ersetzt durch OSM-Adresse Nr. 167–103"
S-02,2230,Libur,Lib.Landstr.zw.Urbanusstr/Wall,in Fahrtrichtung Am Liburer Wall,stadtteil,50.838733,7.071327,"Libur, Köln, NW, Deutschland",https://www.openstreetmap.org/?mlat=50.838733&mlon=7.071327#map=18/50.838733/7.071327,osm_strasse (±1910 m),50.846816,7.077166,988,378,Libur,Libur,genauigkeit=stadtteil; 378 m neben der Straße,https://www.openstreetmap.org/?mlat=50.846816&mlon=7.077166#map=18/50.846816/7.077166,", · OSM-Abgleich: Geocoder fand nur den Stadtteil; Straße im Stadtteil zu lang für einen verlässlichen Punkt (±1910 m) → weggelassen"
S-02,2233,Worringen,Hackenbroicher Str.Höhe 77-167,in Fahrtrichtung Alte Straße,hausnummer,51.064712,6.857504,"Hackenbroicher Straße 77, Worringen, 50769 Köln, Deutschland",https://www.openstreetmap.org/?mlat=51.064712&mlon=6.857504#map=18/51.064712/6.857504,osm_hausnummer 77–167,51.064451,6.853218,302,17,Worringen,Worringen,302 m von OSM-Hausnummer,https://www.openstreetmap.org/?mlat=51.064451&mlon=6.853218#map=18/51.064451/6.853218,"51.064451,6.853218 · OSM-Abgleich: Geocoder-Punkt 302 m von der OSM-Adresse entfernt; ersetzt durch OSM-Adresse Nr. 77–167"
S-02,2234,Neustadt/Nord,Krefelder Str. Höhe Haus 16-74,in Fahrtrichtung Innere Kanalstraße,hausnummer,50.950679,6.952699,"Krefelder Straße 16, 50670 Köln, Deutschland",https://www.openstreetmap.org/?mlat=50.950679&mlon=6.952699#map=18/50.950679/6.952699,osm_hausnummer 16–74,50.952143,6.951952,171,13,Neustadt/Nord,Neustadt/Nord,171 m von OSM-Hausnummer,https://www.openstreetmap.org/?mlat=50.952143&mlon=6.951952#map=18/50.952143/6.951952,"50.952143,6.951952 · OSM-Abgleich: Geocoder-Punkt 171 m von der OSM-Adresse entfernt; ersetzt durch OSM-Adresse Nr. 16–74"
S-02,2236,Bilderstöckchen,Äußere Kanalstr. Lat.142-150,in Fahrtrichtung Escher Straße,stadtteil,50.968654,6.929361,"Bilderstöckchen, Köln, NW, Deutschland",https://www.openstreetmap.org/?mlat=50.968654&mlon=6.929361#map=18/50.968654/6.929361,osm_strasse (±270 m),50.971077,6.920049,707,675,Bilderstöckchen,Bilderstöckchen,genauigkeit=stadtteil; 675 m neben der Straße,https://www.openstreetmap.org/?mlat=50.971077&mlon=6.920049#map=18/50.971077/6.920049,"50.971077,6.920049 · OSM-Abgleich: Geocoder fand nur den Stadtteil; ersetzt durch OSM-Straßenmitte im Stadtteil (±270 m)"
S-02,2239,Neustadt/Nord,Krefelder Str. Höhe Haus 74-16,in Fahrtrichtung Hansaring,hausnummer,50.953606,6.951219,"Krefelder Straße 74, 50670 Köln, Deutschland",https://www.openstreetmap.org/?mlat=50.953606&mlon=6.951219#map=18/50.953606/6.951219,osm_hausnummer 74–16,50.952143,6.951952,171,19,Neustadt/Nord,Neustadt/Nord,171 m von OSM-Hausnummer,https://www.openstreetmap.org/?mlat=50.952143&mlon=6.951952#map=18/50.952143/6.951952,"50.952143,6.951952 · OSM-Abgleich: Geocoder-Punkt 171 m von der OSM-Adresse entfernt; ersetzt durch OSM-Adresse Nr. 74–16"
S-02,2246,Vingst,Ostheimer Str. Höhe Haus 30-48,in Fahrtrichtung Burgstraße,hausnummer,50.933329,7.019458,"Ostheimer Straße 30, Vingst, 51103 Köln, Deutschland",https://www.openstreetmap.org/?mlat=50.933329&mlon=7.019458#map=18/50.933329/7.019458,osm_hausnummer 30–48,50.933211,7.020146,50,12,Vingst,Vingst,,https://www.openstreetmap.org/?mlat=50.933211&mlon=7.020146#map=18/50.933211/7.020146,
S-02,2247,Neustadt/Nord,"Maybachstraße, Höhe Haus 8-12",in Fahrtrichtung Am Kümpchenshof,hausnummer,50.946487,6.943791,"Maybachstraße 8, 50670 Köln, Deutschland",https://www.openstreetmap.org/?mlat=50.946487&mlon=6.943791#map=18/50.946487/6.943791,osm_hausnummer 8–12,50.946567,6.9439,12,18,Neustadt/Nord,Neustadt/Nord,,https://www.openstreetmap.org/?mlat=50.946567&mlon=6.943900#map=18/50.946567/6.943900,
S-02,2249,Nippes,"Neusser Straße, Höhe 420-400",in Fahrtrichtung stadteinwärts,hausnummer,50.971412,6.952223,"Neusser Straße 420, Nippes, 50733 Köln, Deutschland",https://www.openstreetmap.org/?mlat=50.971412&mlon=6.952223#map=18/50.971412/6.952223,osm_hausnummer 420,50.971413,6.952223,0,30,Nippes,Nippes,,https://www.openstreetmap.org/?mlat=50.971413&mlon=6.952223#map=18/50.971413/6.952223,
S-02,2250,Nippes,"Neusser Straße, Höhe 400-420",in Fahrtrichtung stadtauswärts,hausnummer,50.970449,6.952191,"Neusser Straße 400, Nippes, 50733 Köln, Deutschland",https://www.openstreetmap.org/?mlat=50.970449&mlon=6.952191#map=18/50.970449/6.952191,osm_strasse (±1140 m),50.963413,6.953962,792,0,Nippes,Nippes,,https://www.openstreetmap.org/?mlat=50.963413&mlon=6.953962#map=18/50.963413/6.953962,
S-02,2251,Vingst,Ostheimer Str. Höhe Haus 48-30,in Fahrtrichtung Homarstraße,hausnummer,50.933147,7.020796,"Ostheimer Straße 48, Vingst, 51103 Köln, Deutschland",https://www.openstreetmap.org/?mlat=50.933147&mlon=7.020796#map=18/50.933147/7.020796,osm_hausnummer 48–30,50.933211,7.020146,46,16,Vingst,Vingst,,https://www.openstreetmap.org/?mlat=50.933211&mlon=7.020146#map=18/50.933211/7.020146,
S-02,2256,Wahnheide,Heidestraße Höhe Haus 197-187,in Fahrtrichtung Wahn,hausnummer,50.85919,7.102489,"Heidestraße 197, Wahnheide, 51147 Köln, Deutschland",https://www.openstreetmap.org/?mlat=50.859190&mlon=7.102489#map=18/50.859190/7.102489,osm_hausnummer 197–187,50.85915,7.101987,35,24,Wahnheide,Wahnheide,,https://www.openstreetmap.org/?mlat=50.859150&mlon=7.101987#map=18/50.859150/7.101987,
S-02,2259,Bilderstöckchen,"Escher Straße,Haus Nr.304-282",in fahrtrichtung SchiefersburgerWeg,hausnummer,50.972134,6.924123,"Escher Straße 304, Bilderstöckchen, 50739 Köln, Deutschland",https://www.openstreetmap.org/?mlat=50.972134&mlon=6.924123#map=18/50.972134/6.924123,osm_hausnummer 304–282,50.971316,6.925368,126,24,Bilderstöckchen,Bilderstöckchen,,https://www.openstreetmap.org/?mlat=50.971316&mlon=6.925368#map=18/50.971316/6.925368,
S-02,2262,Deutz,"Siegburger Straße, Höhe 57-103",in Fahrtrichtung Poll,hausnummer,50.934849,6.971082,"Siegburger Straße 57, Deutz, 50679 Köln, Deutschland",https://www.openstreetmap.org/?mlat=50.934849&mlon=6.971082#map=18/50.934849/6.971082,osm_hausnummer 57–103,50.934022,6.971171,92,18,Deutz,Deutz,,https://www.openstreetmap.org/?mlat=50.934022&mlon=6.971171#map=18/50.934022/6.971171,
S-02,2264,Vingst,Lustheider Str. Höhe Lat.32-36,in Fahrtrichtung Vingster Ring,strasse,50.935491,7.026673,"Lustheider Straße, Vingst, 51103 Köln, Deutschland",https://www.openstreetmap.org/?mlat=50.935491&mlon=7.026673#map=18/50.935491/7.026673,osm_strasse (±430 m),50.935843,7.02714,51,0,Vingst,Vingst,genauigkeit=strasse,https://www.openstreetmap.org/?mlat=50.935843&mlon=7.027140#map=18/50.935843/7.027140,
S-02,2265,Bilderstöckchen,Escher Str. Höhe Haus 282-304,in Fahrtrichtung Am Bilderstöckchen,hausnummer,50.970498,6.926614,"Escher Straße 282, Bilderstöckchen, 50739 Köln, Deutschland",https://www.openstreetmap.org/?mlat=50.970498&mlon=6.926614#map=18/50.970498/6.926614,osm_hausnummer 282–304,50.971316,6.925368,126,30,Bilderstöckchen,Bilderstöckchen,,https://www.openstreetmap.org/?mlat=50.971316&mlon=6.925368#map=18/50.971316/6.925368,
S-02,2270,Neustadt/Süd,"Salierring, Höhe Haus 26-38",in Fahrtrichtung Barbarossaplatz,hausnummer,50.927292,6.945058,"Salierring 26, 50677 Köln, Deutschland",https://www.openstreetmap.org/?mlat=50.927292&mlon=6.945058#map=18/50.927292/6.945058,osm_hausnummer 26–38,50.927664,6.944392,62,14,Neustadt/Süd,Neustadt/Süd,,https://www.openstreetmap.org/?mlat=50.927664&mlon=6.944392#map=18/50.927664/6.944392,
S-02,2274,Buchforst,"Bertoldistraße, Höhe Lat.14-10",in Fahrtrichtung Heidelberger Str.,stadtteil,50.950562,7.005472,"Buchforst, Köln, NW, Deutschland",https://www.openstreetmap.org/?mlat=50.950562&mlon=7.005472#map=18/50.950562/7.005472,osm_strasse (±140 m),50.954386,7.004056,437,319,Buchforst,Buchforst,genauigkeit=stadtteil; 319 m neben der Straße,https://www.openstreetmap.org/?mlat=50.954386&mlon=7.004056#map=18/50.954386/7.004056,"50.954386,7.004056 · OSM-Abgleich: Geocoder fand nur den Stadtteil; ersetzt durch OSM-Straßenmitte im Stadtteil (±140 m)"
S-02,2276,Sürth,"Kölnstraße, Höhe Haus Nr.19-53",in Fahrtrichtung Am Feldrain,hausnummer,50.866642,7.010411,"Sürth, Kölnstraße 19, 50999 Köln, Deutschland",https://www.openstreetmap.org/?mlat=50.866642&mlon=7.010411#map=18/50.866642/7.010411,osm_hausnummer 19–53,50.867603,7.009071,142,19,Sürth,Sürth,,https://www.openstreetmap.org/?mlat=50.867603&mlon=7.009071#map=18/50.867603/7.009071,
S-02,2288,Nippes,Neusser Str. Höhe Haus 327-377,in Fahrtrichtung Niehler Kirchweg,hausnummer,50.966824,6.953017,"Neusser Straße 327, Nippes, 50733 Köln, Deutschland",https://www.openstreetmap.org/?mlat=50.966824&mlon=6.953017#map=18/50.966824/6.953017,osm_hausnummer 327–377,50.9681,6.952673,144,19,Nippes,Nippes,,https://www.openstreetmap.org/?mlat=50.968100&mlon=6.952673#map=18/50.968100/6.952673,
S-02,2290,Braunsfeld,"Stolberger Str., Höhe 110-114a",in Fahrtrichtung Eupener Straße,hausnummer,50.942208,6.897425,"Stolberger Straße 110, Braunsfeld, 50933 Köln, Deutschland",https://www.openstreetmap.org/?mlat=50.942208&mlon=6.897425#map=18/50.942208/6.897425,osm_hausnummer 110–114a,50.942555,6.896913,53,18,Braunsfeld,Braunsfeld,,https://www.openstreetmap.org/?mlat=50.942555&mlon=6.896913#map=18/50.942555/6.896913,
S-02,2292,Niehl,Amsterdamer Str. Höhe Haus 192,in Fahrtrichtung Stadtauswärts,hausnummer,50.973673,6.970122,"Amsterdamer Straße 192, Niehl, 50735 Köln, Deutschland",https://www.openstreetmap.org/?mlat=50.973673&mlon=6.970122#map=18/50.973673/6.970122,osm_hausnummer 192,50.973673,6.970122,0,52,Niehl,Niehl,,https://www.openstreetmap.org/?mlat=50.973673&mlon=6.970122#map=18/50.973673/6.970122,
S-02,2293,Nippes,Neusser Str. Höhe Haus 377-327,in Fahrtrichtung Schillstraße,hausnummer,50.969384,6.952351,"Neusser Straße 377, Nippes, 50733 Köln, Deutschland",https://www.openstreetmap.org/?mlat=50.969384&mlon=6.952351#map=18/50.969384/6.952351,osm_hausnummer 377–327,50.9681,6.952673,145,19,Nippes,Nippes,,https://www.openstreetmap.org/?mlat=50.968100&mlon=6.952673#map=18/50.968100/6.952673,
S-02,2300,Roggendorf/Thenhoven,"Bruchstraße, Höhe Haus 98-76",in Fahrtrichtung Sankt-Tönnis-Str.,hausnummer,51.047435,6.854951,"Bruchstraße 98, 50769 Köln, Deutschland",https://www.openstreetmap.org/?mlat=51.047435&mlon=6.854951#map=18/51.047435/6.854951,osm_hausnummer 98–76,51.047897,6.854636,56,13,Roggendorf/Thenhoven,Roggendorf/Thenhoven,,https://www.openstreetmap.org/?mlat=51.047897&mlon=6.854636#map=18/51.047897/6.854636,
S-02,2301,Zollstock,"Kalscheurer Weg,Lat.17-41",in Fahrtrichtung Oberer Komarweg,strasse,50.900202,6.93425,"Kalscheurer Weg, Indianersiedlung Zollstock, 50969 Köln, Deutschland",https://www.openstreetmap.org/?mlat=50.900202&mlon=6.934250#map=18/50.900202/6.934250,osm_strasse (±630 m),50.902662,6.937371,350,1,Zollstock,Zollstock,genauigkeit=strasse,https://www.openstreetmap.org/?mlat=50.902662&mlon=6.937371#map=18/50.902662/6.937371,
S-02,2302,Bickendorf,"Vitalisstraße,ggüb Lat.62-46",in Fahrtrichtung Vogelsanger Straße,stadtteil,50.959889,6.901151,"Bickendorf, Köln, NW, Deutschland",https://www.openstreetmap.org/?mlat=50.959889&mlon=6.901151#map=18/50.959889/6.901151,osm_strasse (±800 m),50.951157,6.894548,1076,301,Bickendorf,Bickendorf,genauigkeit=stadtteil; 301 m neben der Straße,https://www.openstreetmap.org/?mlat=50.951157&mlon=6.894548#map=18/50.951157/6.894548,"50.951157,6.894548 · OSM-Abgleich: Geocoder fand nur den Stadtteil; ersetzt durch OSM-Straßenmitte im Stadtteil (±800 m)"
S-02,2307,Bickendorf,"Vitalisstraße,ggüb Lat.46-62",in Fahrtrichtung Girlitzweg,stadtteil,50.959889,6.901151,"Bickendorf, Köln, NW, Deutschland",https://www.openstreetmap.org/?mlat=50.959889&mlon=6.901151#map=18/50.959889/6.901151,osm_strasse (±800 m),50.951157,6.894548,1076,301,Bickendorf,Bickendorf,genauigkeit=stadtteil; 301 m neben der Straße,https://www.openstreetmap.org/?mlat=50.951157&mlon=6.894548#map=18/50.951157/6.894548,"50.951157,6.894548 · OSM-Abgleich: Geocoder fand nur den Stadtteil; ersetzt durch OSM-Straßenmitte im Stadtteil (±800 m)"
S-02,2313,Bilderstöckchen,Robert-Perthel-Str. Lat.1a-37,in Fahrtrichtung Longericher Straße,stadtteil,50.968654,6.929361,"Bilderstöckchen, Köln, NW, Deutschland",https://www.openstreetmap.org/?mlat=50.968654&mlon=6.929361#map=18/50.968654/6.929361,osm_strasse (±960 m),50.98046,6.918656,1513,701,Bilderstöckchen,Bilderstöckchen,genauigkeit=stadtteil; 701 m neben der Straße,https://www.openstreetmap.org/?mlat=50.980460&mlon=6.918656#map=18/50.980460/6.918656,"50.980460,6.918656 · OSM-Abgleich: Geocoder fand nur den Stadtteil; ersetzt durch OSM-Straßenmitte im Stadtteil (±960 m)"
S-02,2314,Bilderstöckchen,Robert-Perthel-Str. Lat.37-1a,in Fahrtrichtung Escher Straße,stadtteil,50.968654,6.929361,"Bilderstöckchen, Köln, NW, Deutschland",https://www.openstreetmap.org/?mlat=50.968654&mlon=6.929361#map=18/50.968654/6.929361,osm_strasse (±960 m),50.98046,6.918656,1513,701,Bilderstöckchen,Bilderstöckchen,genauigkeit=stadtteil; 701 m neben der Straße,https://www.openstreetmap.org/?mlat=50.980460&mlon=6.918656#map=18/50.980460/6.918656,"50.980460,6.918656 · OSM-Abgleich: Geocoder fand nur den Stadtteil; ersetzt durch OSM-Straßenmitte im Stadtteil (±960 m)"
S-02,2319,Holweide,"Buschfeldstraße, H.Nr.46a-28",in Fahrtrichtung Querstaße,hausnummer,50.970836,7.039648,"Buschfeldstraße 46a, Holweide, 51067 Köln, Deutschland",https://www.openstreetmap.org/?mlat=50.970836&mlon=7.039648#map=18/50.970836/7.039648,osm_hausnummer 46a–28,50.970306,7.039377,62,30,Holweide,Holweide,,https://www.openstreetmap.org/?mlat=50.970306&mlon=7.039377#map=18/50.970306/7.039377,
S-02,2327,Merkenich,Cohnenhofstraße Haus 22-24,in Fahrtrichtung Mohlenweg,hausnummer,51.046731,6.924121,"Cohnenhofstraße 22, Merkenich, 50769 Köln, Deutschland",https://www.openstreetmap.org/?mlat=51.046731&mlon=6.924121#map=18/51.046731/6.924121,osm_hausnummer 22–24,51.046763,6.924084,4,10,Merkenich,Merkenich,,https://www.openstreetmap.org/?mlat=51.046763&mlon=6.924084#map=18/51.046763/6.924084,
S-02,2328,Merkenich,Cohnenhofstraße Haus 24-22,in Fahrtrichtung Kuhlenweg,hausnummer,51.046799,6.924051,"Cohnenhofstraße 24, Merkenich, 50769 Köln, Deutschland",https://www.openstreetmap.org/?mlat=51.046799&mlon=6.924051#map=18/51.046799/6.924051,osm_hausnummer 24–22,51.046763,6.924084,5,13,Merkenich,Merkenich,,https://www.openstreetmap.org/?mlat=51.046763&mlon=6.924084#map=18/51.046763/6.924084,
S-02,2329,Raderthal,Markusstraße Höhe Laterne 13,in Fahrtrichtung Höninger Platz,strasse,50.900427,6.950539,"Markusstraße, Raderthal, 50968 Köln, Deutschland",https://www.openstreetmap.org/?mlat=50.900427&mlon=6.950539#map=18/50.900427/6.950539,osm_strasse (±300 m),50.900487,6.949479,75,0,Raderthal,Raderthal,genauigkeit=strasse,https://www.openstreetmap.org/?mlat=50.900487&mlon=6.949479#map=18/50.900487/6.949479,
S-02,2330,Raderthal,Markusstraße Höhe Laterne 13,in Fahrtrichtung Brühler Straße,strasse,50.900427,6.950539,"Markusstraße, Raderthal, 50968 Köln, Deutschland",https://www.openstreetmap.org/?mlat=50.900427&mlon=6.950539#map=18/50.900427/6.950539,osm_strasse (±300 m),50.900487,6.949479,75,0,Raderthal,Raderthal,genauigkeit=strasse,https://www.openstreetmap.org/?mlat=50.900487&mlon=6.949479#map=18/50.900487/6.949479,
S-02,2332,Ehrenfeld,Vogelsanger Str. Höhe 107-89,in Fahrtrichtung Innere Kanalstraße,hausnummer,50.946344,6.91893,"Vogelsanger Straße 107, Ehrenfeld, 50823 Köln, Deutschland",https://www.openstreetmap.org/?mlat=50.946344&mlon=6.918930#map=18/50.946344/6.918930,osm_hausnummer 107–89,50.945553,6.920293,130,14,Ehrenfeld,Ehrenfeld,,https://www.openstreetmap.org/?mlat=50.945553&mlon=6.920293#map=18/50.945553/6.920293,
S-02,2333,Ehrenfeld,Vogelsanger Str.Hs Nr. 84-106,in Fahrtrichtung Ehrenfeldgürtel,hausnummer,50.94559,6.92145,"Vogelsanger Straße 84, Ehrenfeld, 50823 Köln, Deutschland",https://www.openstreetmap.org/?mlat=50.945590&mlon=6.921450#map=18/50.945590/6.921450,osm_hausnummer 84–106,50.945942,6.920227,94,27,Ehrenfeld,Ehrenfeld,,https://www.openstreetmap.org/?mlat=50.945942&mlon=6.920227#map=18/50.945942/6.920227,
S-02,2339,Rath/Heumar,"Rösrather Straße, Höhe 343-303",in Fahrtrichtung Lützerathstraße,strasse,50.92638,7.066609,"Rösrather Straße 343, 51107 Köln, Deutschland",https://www.openstreetmap.org/?mlat=50.926380&mlon=7.066609#map=18/50.926380/7.066609,osm_hausnummer 343–303,50.926673,7.065224,102,21,Rath/Heumar,Rath/Heumar,genauigkeit=strasse,https://www.openstreetmap.org/?mlat=50.926673&mlon=7.065224#map=18/50.926673/7.065224,"50.926673,7.065224 · OSM-Abgleich: Geocoder fand nur die Straße; ersetzt durch OSM-Adresse Nr. 343–303"
S-02,2340,Rath/Heumar,"Rösrather Straße, Höhe 303-343",in Fahrtr. Pauline-Christmann-Str.,strasse,50.926966,7.063838,"Rösrather Straße 303, 51107 Köln, Deutschland",https://www.openstreetmap.org/?mlat=50.926966&mlon=7.063838#map=18/50.926966/7.063838,osm_hausnummer 303–343,50.926673,7.065224,103,11,Rath/Heumar,Rath/Heumar,genauigkeit=strasse,https://www.openstreetmap.org/?mlat=50.926673&mlon=7.065224#map=18/50.926673/7.065224,"50.926673,7.065224 · OSM-Abgleich: Geocoder fand nur die Straße; ersetzt durch OSM-Adresse Nr. 303–343"
S-02,2342,Müngersdorf,"Alter Militärring, Höhe 31-19",in Fahrtrichtung Aachener Straße,hausnummer,50.939501,6.880222,"Alter Militärring 31, Müngersdorf, 50933 Köln, Deutschland",https://www.openstreetmap.org/?mlat=50.939501&mlon=6.880222#map=18/50.939501/6.880222,osm_hausnummer 31–19,50.939176,6.880662,48,36,Müngersdorf,Müngersdorf,,https://www.openstreetmap.org/?mlat=50.939176&mlon=6.880662#map=18/50.939176/6.880662,
S-02,2343,Poll,Alfred-Schütte-Allee Lat.76-86,in Fahrtrichtung Müllergasse,stadtteil,50.912101,6.988889,"Poll, Köln, NW, Deutschland",https://www.openstreetmap.org/?mlat=50.912101&mlon=6.988889#map=18/50.912101/6.988889,osm_strasse (±850 m),50.915415,6.981046,662,262,Poll,Poll,genauigkeit=stadtteil; 262 m neben der Straße,https://www.openstreetmap.org/?mlat=50.915415&mlon=6.981046#map=18/50.915415/6.981046,"50.915415,6.981046 · OSM-Abgleich: Geocoder fand nur den Stadtteil; ersetzt durch OSM-Straßenmitte im Stadtteil (±850 m)"
S-02,2344,Poll,Alfred-Schütte-Allee Lat.86-76,in Fahrtrichtung Am Schnellert,stadtteil,50.912101,6.988889,"Poll, Köln, NW, Deutschland",https://www.openstreetmap.org/?mlat=50.912101&mlon=6.988889#map=18/50.912101/6.988889,osm_strasse (±850 m),50.915415,6.981046,662,262,Poll,Poll,genauigkeit=stadtteil; 262 m neben der Straße,https://www.openstreetmap.org/?mlat=50.915415&mlon=6.981046#map=18/50.915415/6.981046,"50.915415,6.981046 · OSM-Abgleich: Geocoder fand nur den Stadtteil; ersetzt durch OSM-Straßenmitte im Stadtteil (±850 m)"
S-02,2345,Neustadt/Nord,"Maybachstraße, Höhe Haus 10-22",in Fahrtrichtung Am Kümpchenshof,hausnummer,50.946555,6.943921,"Maybachstraße 10, 50670 Köln, Deutschland",https://www.openstreetmap.org/?mlat=50.946555&mlon=6.943921#map=18/50.946555/6.943921,osm_hausnummer 10–22,50.94671,6.944277,30,16,Neustadt/Nord,Neustadt/Nord,,https://www.openstreetmap.org/?mlat=50.946710&mlon=6.944277#map=18/50.946710/6.944277,
S-02,2347,Müngersdorf,"Alter Militärring, Höhe 19-31",in Fahrtrichtung Wendelinstraße,hausnummer,50.938895,6.881072,"Alter Militärring 19, Müngersdorf, 50933 Köln, Deutschland",https://www.openstreetmap.org/?mlat=50.938895&mlon=6.881072#map=18/50.938895/6.881072,osm_hausnummer 19–31,50.939176,6.880662,42,15,Müngersdorf,Müngersdorf,,https://www.openstreetmap.org/?mlat=50.939176&mlon=6.880662#map=18/50.939176/6.880662,
S-02,2352,Nippes,Niehler Str. Höhe Haus 221-193,in Fahrtrichtung stadteinwärts,hausnummer,50.970683,6.959061,"Niehler Straße 221, Nippes, 50733 Köln, Deutschland",https://www.openstreetmap.org/?mlat=50.970683&mlon=6.959061#map=18/50.970683/6.959061,osm_hausnummer 221–193,50.970006,6.958951,76,20,Nippes,Nippes,,https://www.openstreetmap.org/?mlat=50.970006&mlon=6.958951#map=18/50.970006/6.958951,
S-02,2353,Merheim,"Fußfallstraße, Höhe Haus 2-66",in Fahrtrichtung Hohensyburgstraße,hausnummer,50.949321,7.049037,"Fußfallstraße 2, Merheim, 51109 Köln, Deutschland",https://www.openstreetmap.org/?mlat=50.949321&mlon=7.049037#map=18/50.949321/7.049037,osm_hausnummer 2–66,50.949748,7.046468,186,23,Merheim,Merheim,186 m von OSM-Hausnummer,https://www.openstreetmap.org/?mlat=50.949748&mlon=7.046468#map=18/50.949748/7.046468,"50.949748,7.046468 · OSM-Abgleich: Geocoder-Punkt 186 m von der OSM-Adresse entfernt; ersetzt durch OSM-Adresse Nr. 2–66"
S-02,2357,Nippes,Niehler Str. Höhe Haus 193-221,in Fahrtrichtung stadtauswärts,hausnummer,50.969337,6.958845,"Niehler Straße 193, Nippes, 50733 Köln, Deutschland",https://www.openstreetmap.org/?mlat=50.969337&mlon=6.958845#map=18/50.969337/6.958845,osm_hausnummer 193–221,50.970006,6.958951,75,22,Nippes,Nippes,,https://www.openstreetmap.org/?mlat=50.970006&mlon=6.958951#map=18/50.970006/6.958951,
S-02,2366,Immendorf,Godorfer Str. Höhe Haus 18-32,in Fahrtrichtung Euskirchener Str.,hausnummer,50.857751,6.960247,"Godorfer Straße 18, Immendorf, 50997 Köln, Deutschland",https://www.openstreetmap.org/?mlat=50.857751&mlon=6.960247#map=18/50.857751/6.960247,osm_hausnummer 18–32,50.857539,6.960517,30,21,Immendorf,Immendorf,,https://www.openstreetmap.org/?mlat=50.857539&mlon=6.960517#map=18/50.857539/6.960517,
S-02,2367,Longerich,Militärringstraße Lat.70-74,in Fahrtrichtung Longericher Straße,stadtteil,50.997324,6.913713,"Longerich, Köln, NW, Deutschland",https://www.openstreetmap.org/?mlat=50.997324&mlon=6.913713#map=18/50.997324/6.913713,osm_strasse (±2000 m),50.999835,6.908802,443,289,Longerich,Longerich,genauigkeit=stadtteil; 289 m neben der Straße,https://www.openstreetmap.org/?mlat=50.999835&mlon=6.908802#map=18/50.999835/6.908802,", · OSM-Abgleich: Geocoder fand nur den Stadtteil; Straße im Stadtteil zu lang für einen verlässlichen Punkt (±2000 m) → weggelassen"
S-02,2368,Merheim,Auf dem Eichenbrett Lat.7-11,in Fahrtrichtung Hopfenstraße,strasse,50.942293,7.055431,"Auf dem Eichenbrett, Merheim, 51109 Köln, Deutschland",https://www.openstreetmap.org/?mlat=50.942293&mlon=7.055431#map=18/50.942293/7.055431,osm_strasse (±210 m),50.942001,7.054577,68,0,Merheim,Merheim,genauigkeit=strasse,https://www.openstreetmap.org/?mlat=50.942001&mlon=7.054577#map=18/50.942001/7.054577,
S-02,2369,Marienburg,An der Alteburger Mühle L2A-12,in Fahrtrichtung Oberländer Ufer,strasse,50.905497,6.978103,"An der Alteburger Mühle, Marienburg, 50968 Köln, Deutschland",https://www.openstreetmap.org/?mlat=50.905497&mlon=6.978103#map=18/50.905497/6.978103,osm_strasse (±160 m),50.905387,6.978296,18,0,Marienburg,Marienburg,genauigkeit=strasse,https://www.openstreetmap.org/?mlat=50.905387&mlon=6.978296#map=18/50.905387/6.978296,
S-02,2370,Marienburg,An der Alteburger Mühle L12-2A,in Fahrtrichtung Bayenthalgürtel,strasse,50.905497,6.978103,"An der Alteburger Mühle, Marienburg, 50968 Köln, Deutschland",https://www.openstreetmap.org/?mlat=50.905497&mlon=6.978103#map=18/50.905497/6.978103,osm_strasse (±160 m),50.905387,6.978296,18,0,Marienburg,Marienburg,genauigkeit=strasse,https://www.openstreetmap.org/?mlat=50.905387&mlon=6.978296#map=18/50.905387/6.978296,
S-02,2378,Neustadt/Nord,Venloer Straße Höhe Lat.38-24,in Fahrtrichtung Venloer Wall,stadtteil,50.947923,6.941061,"Neustadt/Nord, Köln, NW, Deutschland",https://www.openstreetmap.org/?mlat=50.947923&mlon=6.941061#map=18/50.947923/6.941061,osm_strasse (±560 m),50.944012,6.931672,789,733,Neustadt/Nord,Neustadt/Nord,genauigkeit=stadtteil; 733 m neben der Straße,https://www.openstreetmap.org/?mlat=50.944012&mlon=6.931672#map=18/50.944012/6.931672,"50.944012,6.931672 · OSM-Abgleich: Geocoder fand nur den Stadtteil; ersetzt durch OSM-Straßenmitte im Stadtteil (±560 m)"
S-02,2381,Humboldt/Gremberg,"Rolshover Straße,Höhe Haus 216",in Fahrtrichtung Autobahn,strasse,50.927527,6.999371,"Städtische Tageseinrichtung für Kinder, Rolshover Straße 216, 51105 Köln, Deutschland",https://www.openstreetmap.org/?mlat=50.927527&mlon=6.999371#map=18/50.927527/6.999371,osm_hausnummer 216,50.927525,6.999382,1,28,Humboldt/Gremberg,Humboldt/Gremberg,genauigkeit=strasse,https://www.openstreetmap.org/?mlat=50.927525&mlon=6.999382#map=18/50.927525/6.999382,"50.927525,6.999382 · OSM-Abgleich: Geocoder fand nur die Straße; ersetzt durch OSM-Adresse Nr. 216"
S-02,2382,Dellbrück,Walther Straße Höhe Lat.27-39,in Fahrtrichtung Kalkweg,strasse,50.983909,7.073527,"Waltherstraße, Dellbrück, 51069 Köln, Deutschland",https://www.openstreetmap.org/?mlat=50.983909&mlon=7.073527#map=18/50.983909/7.073527,osm_strasse (±500 m),50.983888,7.073575,4,0,Dellbrück,Dellbrück,genauigkeit=strasse,https://www.openstreetmap.org/?mlat=50.983888&mlon=7.073575#map=18/50.983888/7.073575,
S-02,2383,Chorweiler,Weichselring Haus Nr28-6a(10),in Fahrtrichtung Warthestraße,hausnummer,51.030903,6.893763,"Weichselring 28, Chorweiler, 50765 Köln, Deutschland",https://www.openstreetmap.org/?mlat=51.030903&mlon=6.893763#map=18/51.030903/6.893763,osm_hausnummer 28,51.030903,6.893763,0,15,Chorweiler,Chorweiler,,https://www.openstreetmap.org/?mlat=51.030903&mlon=6.893763#map=18/51.030903/6.893763,
S-02,2384,Chorweiler,Weichselring Höhe Haus 6a-28,in Fahrtrichtung Regastraße,hausnummer,51.029075,6.895076,"Weichselring 6a, Chorweiler, 50765 Köln, Deutschland",https://www.openstreetmap.org/?mlat=51.029075&mlon=6.895076#map=18/51.029075/6.895076,osm_hausnummer 6a–28,51.029939,6.894366,108,39,Chorweiler,Chorweiler,,https://www.openstreetmap.org/?mlat=51.029939&mlon=6.894366#map=18/51.029939/6.894366,
S-02,2386,Zollstock,Zollstockgürtel Haus Nr. 6,in Fahrtrichtung Höninger Weg,hausnummer,50.905039,6.943744,"Zollstockgürtel 6, 50969 Köln, Deutschland",https://www.openstreetmap.org/?mlat=50.905039&mlon=6.943744#map=18/50.905039/6.943744,osm_hausnummer 6,50.905027,6.943763,2,20,Zollstock,Zollstock,,https://www.openstreetmap.org/?mlat=50.905027&mlon=6.943763#map=18/50.905027/6.943763,
S-02,2396,Weidenpesch,Mönchsgasse Nr.21-13,in Fahrtrichtung Schmiedegasse,hausnummer,50.986218,6.942681,"Mönchsgasse 21, Weidenpesch, 50737 Köln, Deutschland",https://www.openstreetmap.org/?mlat=50.986218&mlon=6.942681#map=18/50.986218/6.942681,osm_hausnummer 21–13,50.985971,6.942801,29,13,Weidenpesch,Weidenpesch,,https://www.openstreetmap.org/?mlat=50.985971&mlon=6.942801#map=18/50.985971/6.942801,
S-02,2398,Bilderstöckchen,Parkgürtel Laterne 85-83,in Fahrtrichtung Ehrenfeldgürtel,strasse,50.966623,6.936327,"Parkgürtel, Bilderstöckchen, 50739 Köln, Deutschland",https://www.openstreetmap.org/?mlat=50.966623&mlon=6.936327#map=18/50.966623/6.936327,osm_strasse (±730 m),50.963694,6.933041,399,0,Bilderstöckchen,Bilderstöckchen,genauigkeit=strasse,https://www.openstreetmap.org/?mlat=50.963694&mlon=6.933041#map=18/50.963694/6.933041,
S-02,2399,Lövenich,Widdersdorfer Landstr.Lat24-20,in Fahrtrichtung stadteinwärts,strasse,50.947923,6.829491,"Widdersdorfer Landstraße, Lövenich, 50859 Köln, Deutschland",https://www.openstreetmap.org/?mlat=50.947923&mlon=6.829491#map=18/50.947923/6.829491,osm_strasse (±580 m),50.950967,6.828722,343,0,Lövenich,Lövenich,genauigkeit=strasse,https://www.openstreetmap.org/?mlat=50.950967&mlon=6.828722#map=18/50.950967/6.828722,
S-02,2400,Lövenich,Widdersdorfer Landstr.Lat20-24,in Fahrtrichtung stadtauswärts,strasse,50.947923,6.829491,"Widdersdorfer Landstraße, Lövenich, 50859 Köln, Deutschland",https://www.openstreetmap.org/?mlat=50.947923&mlon=6.829491#map=18/50.947923/6.829491,osm_strasse (±580 m),50.950967,6.828722,343,0,Lövenich,Lövenich,genauigkeit=strasse,https://www.openstreetmap.org/?mlat=50.950967&mlon=6.828722#map=18/50.950967/6.828722,
S-02,2401,Weidenpesch,Mönchsgasse Haus Nr. 13-21,in Fahrtrichtung Simonsgaul,hausnummer,50.985708,6.942912,"Mönchsgasse 13, Weidenpesch, 50737 Köln, Deutschland",https://www.openstreetmap.org/?mlat=50.985708&mlon=6.942912#map=18/50.985708/6.942912,osm_hausnummer 13–21,50.985971,6.942801,30,14,Weidenpesch,Weidenpesch,,https://www.openstreetmap.org/?mlat=50.985971&mlon=6.942801#map=18/50.985971/6.942801,
S-02,2405,Dellbrück,Waltherstr. Höhe Laterne 39-27,in Fahrtrichtung Paffrather Straße,strasse,50.983909,7.073527,"Waltherstraße, Dellbrück, 51069 Köln, Deutschland",https://www.openstreetmap.org/?mlat=50.983909&mlon=7.073527#map=18/50.983909/7.073527,osm_strasse (±500 m),50.983888,7.073575,4,0,Dellbrück,Dellbrück,genauigkeit=strasse,https://www.openstreetmap.org/?mlat=50.983888&mlon=7.073575#map=18/50.983888/7.073575,
S-02,2418,Dellbrück,Diepeschrather Str. Höhe 3-35,in Fahrtrichtung Kreisverkehr,hausnummer,50.982035,7.068333,"Diepeschrather Straße 3, Dellbrück, 51069 Köln, Deutschland",https://www.openstreetmap.org/?mlat=50.982035&mlon=7.068333#map=18/50.982035/7.068333,osm_hausnummer 3–35,50.98362,7.068004,178,14,Dellbrück,Dellbrück,178 m von OSM-Hausnummer,https://www.openstreetmap.org/?mlat=50.983620&mlon=7.068004#map=18/50.983620/7.068004,"50.983620,7.068004 · OSM-Abgleich: Geocoder-Punkt 178 m von der OSM-Adresse entfernt; ersetzt durch OSM-Adresse Nr. 3–35"
S-02,2424,Poll,Alfred-Schütte-Allee Lat.106,in Fahrtrichtung Am Schnellert,stadtteil,50.912101,6.988889,"Poll, Köln, NW, Deutschland",https://www.openstreetmap.org/?mlat=50.912101&mlon=6.988889#map=18/50.912101/6.988889,osm_strasse (±850 m),50.915415,6.981046,662,262,Poll,Poll,genauigkeit=stadtteil; 262 m neben der Straße,https://www.openstreetmap.org/?mlat=50.915415&mlon=6.981046#map=18/50.915415/6.981046,"50.915415,6.981046 · OSM-Abgleich: Geocoder fand nur den Stadtteil; ersetzt durch OSM-Straßenmitte im Stadtteil (±850 m)"
S-02,2425,Poll,Alfred-Schütte-Allee Lat.106,in Fahrtrichtung Poller Hauptstr.,stadtteil,50.912101,6.988889,"Poll, Köln, NW, Deutschland",https://www.openstreetmap.org/?mlat=50.912101&mlon=6.988889#map=18/50.912101/6.988889,osm_strasse (±850 m),50.915415,6.981046,662,262,Poll,Poll,genauigkeit=stadtteil; 262 m neben der Straße,https://www.openstreetmap.org/?mlat=50.915415&mlon=6.981046#map=18/50.915415/6.981046,"50.915415,6.981046 · OSM-Abgleich: Geocoder fand nur den Stadtteil; ersetzt durch OSM-Straßenmitte im Stadtteil (±850 m)"
S-02,2427,Dellbrück,Diepeschrather Str. Höhe 35-3,in Fahrtrichtung Anemonenweg,hausnummer,50.985204,7.067677,"Diepeschrather Straße 35, Dellbrück, 51069 Köln, Deutschland",https://www.openstreetmap.org/?mlat=50.985204&mlon=7.067677#map=18/50.985204/7.067677,osm_hausnummer 35–3,50.98362,7.068004,178,22,Dellbrück,Dellbrück,178 m von OSM-Hausnummer,https://www.openstreetmap.org/?mlat=50.983620&mlon=7.068004#map=18/50.983620/7.068004,"50.983620,7.068004 · OSM-Abgleich: Geocoder-Punkt 178 m von der OSM-Adresse entfernt; ersetzt durch OSM-Adresse Nr. 35–3"
S-02,2433,Poll,Alfred-Schütte Allee Lat. 114,in Fahrtrichtung Müllergasse,stadtteil,50.912101,6.988889,"Poll, Köln, NW, Deutschland",https://www.openstreetmap.org/?mlat=50.912101&mlon=6.988889#map=18/50.912101/6.988889,osm_strasse (±850 m),50.915415,6.981046,662,262,Poll,Poll,genauigkeit=stadtteil; 262 m neben der Straße,https://www.openstreetmap.org/?mlat=50.915415&mlon=6.981046#map=18/50.915415/6.981046,"50.915415,6.981046 · OSM-Abgleich: Geocoder fand nur den Stadtteil; ersetzt durch OSM-Straßenmitte im Stadtteil (±850 m)"
S-02,2434,Poll,Alfred-Schütte Allee Lat. 114,in Fahrtrichtung Maifischgasse,stadtteil,50.912101,6.988889,"Poll, Köln, NW, Deutschland",https://www.openstreetmap.org/?mlat=50.912101&mlon=6.988889#map=18/50.912101/6.988889,osm_strasse (±850 m),50.915415,6.981046,662,262,Poll,Poll,genauigkeit=stadtteil; 262 m neben der Straße,https://www.openstreetmap.org/?mlat=50.915415&mlon=6.981046#map=18/50.915415/6.981046,"50.915415,6.981046 · OSM-Abgleich: Geocoder fand nur den Stadtteil; ersetzt durch OSM-Straßenmitte im Stadtteil (±850 m)"
S-02,2435,Holweide,Piccoloministr. Höhe 523a-531,in Fahrtrichtung Wasserwerkstraße,hausnummer,50.973248,7.051228,"Piccoloministraße 523a, Holweide, 51067 Köln, Deutschland",https://www.openstreetmap.org/?mlat=50.973248&mlon=7.051228#map=18/50.973248/7.051228,osm_hausnummer 523a–531,50.97341,7.051461,24,22,Holweide,Holweide,,https://www.openstreetmap.org/?mlat=50.973410&mlon=7.051461#map=18/50.973410/7.051461,
S-02,2436,Rath-Heumar,Wikinger Str. 49-37,in Fahrtrichtung Eiler Str.,stadtteil,50.921694,7.095352,"Versöhnungskirche Rath, Im Wasserblech, 51107 Köln, Deutschland",https://www.openstreetmap.org/?mlat=50.921694&mlon=7.095352#map=18/50.921694/7.095352,osm_hausnummer 49–37,50.917426,7.074689,1525,5000,Rath/Heumar,Rath/Heumar,genauigkeit=stadtteil; 1525 m von OSM-Hausnummer; 5000 m neben der Straße,https://www.openstreetmap.org/?mlat=50.917426&mlon=7.074689#map=18/50.917426/7.074689,"50.917426,7.074689 · OSM-Abgleich: Geocoder fand nur den Stadtteil; ersetzt durch OSM-Adresse Nr. 49–37"
S-02,2439,Immendorf,Godorfer Str.Lat 21a-15,in Fahrtrichtung Immend.Haupt Str.,strasse,50.855601,6.963214,"Godorfer Straße, Immendorf, 50997 Köln, Deutschland",https://www.openstreetmap.org/?mlat=50.855601&mlon=6.963214#map=18/50.855601/6.963214,osm_strasse (±660 m),50.856255,6.962396,93,0,Immendorf,Immendorf,genauigkeit=strasse,https://www.openstreetmap.org/?mlat=50.856255&mlon=6.962396#map=18/50.856255/6.962396,
S-02,2449,Mülheim,Clevischer Ring Hs.Nr.113-87,in Fahrtrichtung Keupstrasse,hausnummer,50.968337,7.006277,"Clevischer Ring 113, Mülheim, 51063 Köln, Deutschland",https://www.openstreetmap.org/?mlat=50.968337&mlon=7.006277#map=18/50.968337/7.006277,osm_hausnummer 113–87,50.967925,7.00589,53,20,Mülheim,Mülheim,,https://www.openstreetmap.org/?mlat=50.967925&mlon=7.005890#map=18/50.967925/7.005890,
S-02,2450,Poll,Siegburger Str.Hs.Nr.527-481,in Fahrtrichtung Stadteinwärts,hausnummer,50.912191,7.000476,"Siegburger Straße 527, Poll, 51105 Köln, Deutschland",https://www.openstreetmap.org/?mlat=50.912191&mlon=7.000476#map=18/50.912191/7.000476,osm_hausnummer 527–481,50.91276,6.999386,99,26,Poll,Poll,,https://www.openstreetmap.org/?mlat=50.912760&mlon=6.999386#map=18/50.912760/6.999386,
S-02,2451,Nippes,Niehler Str. Höhe Haus 84-82,in Fahrtrichtung stadteinwärts,hausnummer,50.963119,6.958741,"Niehler Straße 84, Nippes, 50733 Köln, Deutschland",https://www.openstreetmap.org/?mlat=50.963119&mlon=6.958741#map=18/50.963119/6.958741,osm_hausnummer 84–82,50.963058,6.958731,7,13,Nippes,Nippes,,https://www.openstreetmap.org/?mlat=50.963058&mlon=6.958731#map=18/50.963058/6.958731,
S-02,2452,Holweide,Honschaftstr.Höhe Lat.42-38,in Fahrtrichtung Piccoloministraße,stadtteil,50.969303,7.049574,"Holweide, Köln, NW, Deutschland",https://www.openstreetmap.org/?mlat=50.969303&mlon=7.049574#map=18/50.969303/7.049574,osm_strasse (±560 m),50.971064,7.032138,1239,5000,Holweide,Holweide,genauigkeit=stadtteil; 5000 m neben der Straße,https://www.openstreetmap.org/?mlat=50.971064&mlon=7.032138#map=18/50.971064/7.032138,"50.971064,7.032138 · OSM-Abgleich: Geocoder fand nur den Stadtteil; ersetzt durch OSM-Straßenmitte im Stadtteil (±560 m)"
S-02,2453,Holweide,Honschaftstraße Laterne 38-42,in Fahrtrichtung Sigwinstraße,stadtteil,50.969303,7.049574,"Holweide, Köln, NW, Deutschland",https://www.openstreetmap.org/?mlat=50.969303&mlon=7.049574#map=18/50.969303/7.049574,osm_strasse (±560 m),50.971064,7.032138,1239,5000,Holweide,Holweide,genauigkeit=stadtteil; 5000 m neben der Straße,https://www.openstreetmap.org/?mlat=50.971064&mlon=7.032138#map=18/50.971064/7.032138,"50.971064,7.032138 · OSM-Abgleich: Geocoder fand nur den Stadtteil; ersetzt durch OSM-Straßenmitte im Stadtteil (±560 m)"
S-02,2460,Bickendorf,Sandweg Nr.130-124,in Fahrtrichtung Akazienweg,hausnummer,50.9671,6.897287,"Sandweg 130, Bickendorf, 50827 Köln, Deutschland",https://www.openstreetmap.org/?mlat=50.967100&mlon=6.897287#map=18/50.967100/6.897287,osm_hausnummer 130–124,50.96702,6.897353,10,15,Bickendorf,Bickendorf,,https://www.openstreetmap.org/?mlat=50.967020&mlon=6.897353#map=18/50.967020/6.897353,
S-02,2463,Altstadt/Süd,Mechtildisstr. Höhe Haus 10-4,in Fahrtrichtung Severinsbrücke,hausnummer,50.928339,6.96177,"Mechtildisstraße 10, Altstadt-Süd, 50678 Köln, Deutschland",https://www.openstreetmap.org/?mlat=50.928339&mlon=6.961770#map=18/50.928339/6.961770,osm_hausnummer 10–4,50.928322,6.961482,20,13,Altstadt-Süd,Altstadt-Süd,,https://www.openstreetmap.org/?mlat=50.928322&mlon=6.961482#map=18/50.928322/6.961482,
S-02,2464,Neustadt/Süd,Ubierring Hs.Nr.51-21,in Fahrtrichtung Karolingerring,hausnummer,50.922713,6.96555,"Ubierring 51, 50678 Köln, Deutschland",https://www.openstreetmap.org/?mlat=50.922713&mlon=6.965550#map=18/50.922713/6.965550,osm_hausnummer 51–21,50.922213,6.963925,127,21,Neustadt/Süd,Neustadt/Süd,,https://www.openstreetmap.org/?mlat=50.922213&mlon=6.963925#map=18/50.922213/6.963925,
S-02,2467,Deutz,Alfred Schütte Allee Lat.40-2,in Fahrtrichtung Drehbrücke,stadtteil,50.936759,6.973046,"Deutz, Köln, NW, Deutschland",https://www.openstreetmap.org/?mlat=50.936759&mlon=6.973046#map=18/50.936759/6.973046,osm_strasse (±660 m),50.923234,6.974861,1510,936,Deutz,Deutz,genauigkeit=stadtteil; 936 m neben der Straße,https://www.openstreetmap.org/?mlat=50.923234&mlon=6.974861#map=18/50.923234/6.974861,"50.923234,6.974861 · OSM-Abgleich: Geocoder fand nur den Stadtteil; ersetzt durch OSM-Straßenmitte im Stadtteil (±660 m)"
S-02,2468,Deutz,Alfred Schütte Allee Lat.2-40,in Fahrtrichtung Am Schnellert,stadtteil,50.936759,6.973046,"Deutz, Köln, NW, Deutschland",https://www.openstreetmap.org/?mlat=50.936759&mlon=6.973046#map=18/50.936759/6.973046,osm_strasse (±660 m),50.923234,6.974861,1510,936,Deutz,Deutz,genauigkeit=stadtteil; 936 m neben der Straße,https://www.openstreetmap.org/?mlat=50.923234&mlon=6.974861#map=18/50.923234/6.974861,"50.923234,6.974861 · OSM-Abgleich: Geocoder fand nur den Stadtteil; ersetzt durch OSM-Straßenmitte im Stadtteil (±660 m)"
S-02,2473,Poll,Siegburger Str. Hs.Nr.481-527,in Fahrtrichtung Stadtauswärts,hausnummer,50.913328,6.998298,"Siegburger Straße 481, Poll, 51105 Köln, Deutschland",https://www.openstreetmap.org/?mlat=50.913328&mlon=6.998298#map=18/50.913328/6.998298,osm_hausnummer 481–527,50.91276,6.999386,99,24,Poll,Poll,,https://www.openstreetmap.org/?mlat=50.912760&mlon=6.999386#map=18/50.912760/6.999386,
S-02,2476,Nippes,Neusser Str. HS NR.293-325a,"in Fahrtrichtung Blücher Str,",hausnummer,50.96495,6.953377,"Neusser Straße 293, Nippes, 50733 Köln, Deutschland",https://www.openstreetmap.org/?mlat=50.964950&mlon=6.953377#map=18/50.964950/6.953377,osm_hausnummer 293–325a,50.965722,6.953271,86,18,Nippes,Nippes,,https://www.openstreetmap.org/?mlat=50.965722&mlon=6.953271#map=18/50.965722/6.953271,
S-02,2482,Mülheim,Clevischer Ring Hs Nr 78-114,in Fahrtrichtung Berliner Str.,hausnummer,50.967222,7.006828,"Clevischer Ring 78, Mülheim, 51063 Köln, Deutschland",https://www.openstreetmap.org/?mlat=50.967222&mlon=7.006828#map=18/50.967222/7.006828,osm_hausnummer 78–114,50.967957,7.006919,82,16,Mülheim,Mülheim,,https://www.openstreetmap.org/?mlat=50.967957&mlon=7.006919#map=18/50.967957/7.006919,
S-02,2483,Rodenkirchen,Konrad-AdenauerStr.Hs Nr 15-49,in Fahrtrichtung Friedr.-Ebert-Str,strasse,50.892674,6.98542,"Konrad-Adenauer-Straße, Rodenkirchen, 50996 Köln, Deutschland",https://www.openstreetmap.org/?mlat=50.892674&mlon=6.985420#map=18/50.892674/6.985420,osm_hausnummer 15–49,50.892227,6.986001,64,0,Rodenkirchen,Rodenkirchen,genauigkeit=strasse,https://www.openstreetmap.org/?mlat=50.892227&mlon=6.986001#map=18/50.892227/6.986001,"50.892227,6.986001 · OSM-Abgleich: Geocoder fand nur die Straße; ersetzt durch OSM-Adresse Nr. 15–49"
S-02,2484,Rodenkirchen,Konrad-AdenauerStr.Hs Nr 49-15,in Fahrtrichtung Frankstraße,hausnummer,50.891384,6.986565,"Konrad-Adenauer-Straße 49, Rodenkirchen, 50996 Köln, Deutschland",https://www.openstreetmap.org/?mlat=50.891384&mlon=6.986565#map=18/50.891384/6.986565,osm_hausnummer 49–15,50.892227,6.986001,102,14,Rodenkirchen,Rodenkirchen,,https://www.openstreetmap.org/?mlat=50.892227&mlon=6.986001#map=18/50.892227/6.986001,
S-02,2490,Merheim,Olpener Str. Hs.Nr.550-610,in Fahrtrichtung Madausstr.,hausnummer,50.943301,7.052914,"Olpener Straße 550, Merheim, 51109 Köln, Deutschland",https://www.openstreetmap.org/?mlat=50.943301&mlon=7.052914#map=18/50.943301/7.052914,osm_hausnummer 550–610,50.943612,7.054746,133,20,Merheim,Merheim,,https://www.openstreetmap.org/?mlat=50.943612&mlon=7.054746#map=18/50.943612/7.054746,
S-02,2491,Merheim,Olpener Str. Hs.Nr.610-550,in Fahrtrichtung Ostmerheimer Str.,hausnummer,50.943925,7.056575,"Olpener Straße 610, Merheim, 51109 Köln, Deutschland",https://www.openstreetmap.org/?mlat=50.943925&mlon=7.056575#map=18/50.943925/7.056575,osm_hausnummer 610–550,50.943612,7.054746,133,28,Merheim,Merheim,,https://www.openstreetmap.org/?mlat=50.943612&mlon=7.054746#map=18/50.943612/7.054746,
S-02,2492,Kalk,Vietorstr. Höhe 104-72,in Fahrtrichtung Kalker Hauptstr.,hausnummer,50.942519,6.999932,"Vietorstraße 104, Kalk, 51103 Köln, Deutschland",https://www.openstreetmap.org/?mlat=50.942519&mlon=6.999932#map=18/50.942519/6.999932,osm_hausnummer 104–72,50.941689,6.999972,92,9,Kalk,Kalk,,https://www.openstreetmap.org/?mlat=50.941689&mlon=6.999972#map=18/50.941689/6.999972,
S-02,2495,Neustadt/Süd,Bonner Wall Hs.Nr.51-25,in Fahrtrichtung Bonner Str.,hausnummer,50.918164,6.950867,"Bonner Wall 51, 50677 Köln, Deutschland",https://www.openstreetmap.org/?mlat=50.918164&mlon=6.950867#map=18/50.918164/6.950867,osm_hausnummer 51–25,50.917534,6.952719,148,22,Neustadt/Süd,Neustadt/Süd,,https://www.openstreetmap.org/?mlat=50.917534&mlon=6.952719#map=18/50.917534/6.952719,
S-02,2496,Neustadt/Süd,Bonner Wall Hs.Nr.25-51,in Fahrtrichtung Vorgebirgstr.,hausnummer,50.916904,6.954571,"Bonner Wall 25, 50677 Köln, Deutschland",https://www.openstreetmap.org/?mlat=50.916904&mlon=6.954571#map=18/50.916904/6.954571,osm_hausnummer 25–51,50.917536,6.952749,146,21,Neustadt/Süd,Neustadt/Süd,,https://www.openstreetmap.org/?mlat=50.917536&mlon=6.952749#map=18/50.917536/6.952749,
S-02,2497,Wahn,Frankfurter Str. Hs.Nr.90-70,in Fahrtrichtung Troisdorf,stadtteil,50.858854,7.085497,"Wahn, Köln, NW, Deutschland",https://www.openstreetmap.org/?mlat=50.858854&mlon=7.085497#map=18/50.858854/7.085497,osm_hausnummer 90–70,50.850261,7.091904,1056,30,Wahn,Wahn,genauigkeit=stadtteil; 1056 m von OSM-Hausnummer,https://www.openstreetmap.org/?mlat=50.850261&mlon=7.091904#map=18/50.850261/7.091904,"50.850261,7.091904 · OSM-Abgleich: Geocoder fand nur den Stadtteil; ersetzt durch OSM-Adresse Nr. 90–70"
S-02,2498,Wahn,Frankfurter Str.Hs.Nr.70-90,in Fahrtrichtung Urbach,stadtteil,50.858854,7.085497,"Wahn, Köln, NW, Deutschland",https://www.openstreetmap.org/?mlat=50.858854&mlon=7.085497#map=18/50.858854/7.085497,osm_hausnummer 70–90,50.850261,7.091904,1056,30,Wahn,Wahn,genauigkeit=stadtteil; 1056 m von OSM-Hausnummer,https://www.openstreetmap.org/?mlat=50.850261&mlon=7.091904#map=18/50.850261/7.091904,"50.850261,7.091904 · OSM-Abgleich: Geocoder fand nur den Stadtteil; ersetzt durch OSM-Adresse Nr. 70–90"
S-02,2499,Rondorf,Rodenkirchener Str.Nr.160-162,in Fahrtrichtung Rondorfer Hauptstr,hausnummer,50.875906,6.957479,"Rodenkirchener Straße 160, Rondorf, 50997 Köln, Deutschland",https://www.openstreetmap.org/?mlat=50.875906&mlon=6.957479#map=18/50.875906/6.957479,osm_hausnummer 160–162,50.875922,6.957406,5,11,Rondorf,Rondorf,,https://www.openstreetmap.org/?mlat=50.875922&mlon=6.957406#map=18/50.875922/6.957406,
S-02,2500,Rondorf,Rodenkirchener Str.Nr.162-160,in Fahrtrichtung Zuckerberg,hausnummer,50.875946,6.957325,"Rodenkirchener Straße 162, Rondorf, 50997 Köln, Deutschland",https://www.openstreetmap.org/?mlat=50.875946&mlon=6.957325#map=18/50.875946/6.957325,osm_hausnummer 162–160,50.875922,6.957406,6,21,Rondorf,Rondorf,,https://www.openstreetmap.org/?mlat=50.875922&mlon=6.957406#map=18/50.875922/6.957406,
S-02,2501,Gremberghoven,Cimbernstr. Hs.Nr.42-28,in Fahrtrichtung Hohenstaufenstr.,hausnummer,50.898658,7.057517,"Cimbernstraße 42, Gremberghoven, 51149 Köln, Deutschland",https://www.openstreetmap.org/?mlat=50.898658&mlon=7.057517#map=18/50.898658/7.057517,osm_hausnummer 42–28,50.898656,7.057202,22,12,Gremberghoven,Gremberghoven,,https://www.openstreetmap.org/?mlat=50.898656&mlon=7.057202#map=18/50.898656/7.057202,
S-02,2505,Zollstock,Höninger Weg Hs.Nr.168-198,in Fahrtrichtung Gottesweg,hausnummer,50.912307,6.940609,"Höninger Weg 168, Zollstock, 50969 Köln, Deutschland",https://www.openstreetmap.org/?mlat=50.912307&mlon=6.940609#map=18/50.912307/6.940609,osm_hausnummer 168,50.912271,6.94062,4,15,Zollstock,Zollstock,,https://www.openstreetmap.org/?mlat=50.912271&mlon=6.940620#map=18/50.912271/6.940620,
S-02,2506,Altstadt Nord,Schwalbengasse Hs.Nr.6-32,in Fahrtrichtung Auf dem Berlich,hausnummer,50.94018,6.949835,"Schwalbengasse 6, 50667 Köln, Deutschland",https://www.openstreetmap.org/?mlat=50.940180&mlon=6.949835#map=18/50.940180/6.949835,osm_hausnummer 6–32,50.940199,6.949286,39,8,Altstadt-Nord,Altstadt-Nord,,https://www.openstreetmap.org/?mlat=50.940199&mlon=6.949286#map=18/50.940199/6.949286,
S-02,2509,Höhenhaus,Zeisbuschweg Lat.15-5,in Fahrtrichtung Leuchterstr.,strasse,50.994117,7.04079,"Zeisbuschweg, Höhenhaus, 51061 Köln, Deutschland",https://www.openstreetmap.org/?mlat=50.994117&mlon=7.040790#map=18/50.994117/7.040790,osm_strasse (±760 m),50.993228,7.042843,175,0,Höhenhaus,Höhenhaus,genauigkeit=strasse,https://www.openstreetmap.org/?mlat=50.993228&mlon=7.042843#map=18/50.993228/7.042843,
S-02,2510,Höhenhaus,Zeisbuschweg Lat.5-21,in Fahrtrichtung Imbacher Weg,strasse,50.994117,7.04079,"Zeisbuschweg, Höhenhaus, 51061 Köln, Deutschland",https://www.openstreetmap.org/?mlat=50.994117&mlon=7.040790#map=18/50.994117/7.040790,osm_strasse (±760 m),50.993228,7.042843,175,0,Höhenhaus,Höhenhaus,genauigkeit=strasse,https://www.openstreetmap.org/?mlat=50.993228&mlon=7.042843#map=18/50.993228/7.042843,
S-02,2511,Longerich,Lindweilerweg Hs Nr.88-102,in Fahrtrichtung Lützlongericherstr,hausnummer,50.992636,6.902874,"Lindweilerweg 88, Lützlongerich, 50739 Köln, Deutschland",https://www.openstreetmap.org/?mlat=50.992636&mlon=6.902874#map=18/50.992636/6.902874,osm_hausnummer 88–102,50.993092,6.902572,55,22,Longerich,Longerich,,https://www.openstreetmap.org/?mlat=50.993092&mlon=6.902572#map=18/50.993092/6.902572,
S-02,2512,Longerich,Lindweilerweg Hs Nr.102-88,in Fahrtrichtung Robert Perthelstr.,hausnummer,50.993554,6.902329,"Lindweilerweg 102, Lützlongerich, 50739 Köln, Deutschland",https://www.openstreetmap.org/?mlat=50.993554&mlon=6.902329#map=18/50.993554/6.902329,osm_hausnummer 102–88,50.993092,6.902572,54,39,Longerich,Longerich,,https://www.openstreetmap.org/?mlat=50.993092&mlon=6.902572#map=18/50.993092/6.902572,
S-02,2514,Poll,Poller Hauptstr.geg.50-50a,in Fahrtrichtung Mendener Str.,hausnummer,50.911581,6.991839,"Poller Hauptstraße 50, 51105 Köln, Deutschland",https://www.openstreetmap.org/?mlat=50.911581&mlon=6.991839#map=18/50.911581/6.991839,osm_hausnummer 50–50a,50.911579,6.991885,3,7,Poll,Poll,,https://www.openstreetmap.org/?mlat=50.911579&mlon=6.991885#map=18/50.911579/6.991885,
S-02,2518,Holweide,Schnellweider Str.Nr.12-100,in Fahrtrichtung Neufelder Str.,hausnummer,50.969071,7.046192,"Schnellweider Straße 12, Holweide, 51067 Köln, Deutschland",https://www.openstreetmap.org/?mlat=50.969071&mlon=7.046192#map=18/50.969071/7.046192,osm_hausnummer 12–100,50.969655,7.049092,214,30,Holweide,Holweide,214 m von OSM-Hausnummer,https://www.openstreetmap.org/?mlat=50.969655&mlon=7.049092#map=18/50.969655/7.049092,"50.969655,7.049092 · OSM-Abgleich: Geocoder-Punkt 214 m von der OSM-Adresse entfernt; ersetzt durch OSM-Adresse Nr. 12–100"
S-02,2519,Holweide,Schnellweider Str.Nr.100-12,in Fahrtrichtung Maria-Himmelf.Str.,hausnummer,50.970204,7.052,"Schnellweider Straße 100, Holweide, 51067 Köln, Deutschland",https://www.openstreetmap.org/?mlat=50.970204&mlon=7.052000#map=18/50.970204/7.052000,osm_hausnummer 100–12,50.969655,7.049092,213,9,Holweide,Holweide,213 m von OSM-Hausnummer,https://www.openstreetmap.org/?mlat=50.969655&mlon=7.049092#map=18/50.969655/7.049092,"50.969655,7.049092 · OSM-Abgleich: Geocoder-Punkt 213 m von der OSM-Adresse entfernt; ersetzt durch OSM-Adresse Nr. 100–12"
S-02,2520,Merkenich,Jungbluthstr.Hs.Nr.9-47,in Fahrtrichtung Spoerkelhof,hausnummer,51.025694,6.953769,"Jungbluthstraße 9, Merkenich, 50769 Köln, Deutschland",https://www.openstreetmap.org/?mlat=51.025694&mlon=6.953769#map=18/51.025694/6.953769,osm_hausnummer 9–47,51.026148,6.952799,85,14,Merkenich,Merkenich,,https://www.openstreetmap.org/?mlat=51.026148&mlon=6.952799#map=18/51.026148/6.952799,
S-02,2521,Merkenich,Jungbluthstr.Hs.Nr.47-9,in Fahrtrichtung MerkenicherRingstr,hausnummer,51.026598,6.951833,"Jungbluthstraße 47, Merkenich, 50769 Köln, Deutschland",https://www.openstreetmap.org/?mlat=51.026598&mlon=6.951833#map=18/51.026598/6.951833,osm_hausnummer 47–9,51.026148,6.952799,84,17,Merkenich,Merkenich,,https://www.openstreetmap.org/?mlat=51.026148&mlon=6.952799#map=18/51.026148/6.952799,
S-02,2523,Widdersdorf,Hauptstr.HS Nr.117-Lat73B,in Fahrtrichtung Freimersdorferweg,hausnummer,50.866516,7.041619,"Hauptstr. 117, 51143 Köln, Deutschland",https://www.openstreetmap.org/?mlat=50.866516&mlon=7.041619#map=18/50.866516/7.041619,osm_hausnummer 117,50.968379,6.841994,18013,14,Widdersdorf,Zündorf,"18013 m von OSM-Hausnummer; liegt in Zündorf, nicht in Widdersdorf",https://www.openstreetmap.org/?mlat=50.968379&mlon=6.841994#map=18/50.968379/6.841994,"50.968379,6.841994 · OSM-Abgleich: Geocoder-Punkt lag in Zündorf, nicht in Widdersdorf; ersetzt durch OSM-Adresse Nr. 117"
S-02,2524,Merheim,Olpener Str. Hs.Nr.364-374,in Fahrtrichtung Stadtauswärts,hausnummer,50.940737,7.03965,"Olpener Straße 364, Merheim, 51103 Köln, Deutschland",https://www.openstreetmap.org/?mlat=50.940737&mlon=7.039650#map=18/50.940737/7.039650,osm_hausnummer 364–374,50.940845,7.040387,53,14,Merheim,Merheim,,https://www.openstreetmap.org/?mlat=50.940845&mlon=7.040387#map=18/50.940845/7.040387,
S-02,2525,Merheim,Olpener Str. Hs.Nr.374-364,in Fahrtrichtung Stadteinwärts,hausnummer,50.94096,7.041122,"Olpener Straße 374, Merheim, 51103 Köln, Deutschland",https://www.openstreetmap.org/?mlat=50.940960&mlon=7.041122#map=18/50.940960/7.041122,osm_hausnummer 374–364,50.940845,7.040387,53,13,Merheim,Merheim,,https://www.openstreetmap.org/?mlat=50.940845&mlon=7.040387#map=18/50.940845/7.040387,
S-02,2526,Neustadt/Nord,Hohenzollernring Hs.Nr 2-24,in Fahrtrichtung Friesenplatz,hausnummer,50.936964,6.93946,"Hohenzollernring 2-10, 50672 Köln, Deutschland",https://www.openstreetmap.org/?mlat=50.936964&mlon=6.939460#map=18/50.936964/6.939460,osm_hausnummer 2–24,50.937444,6.939564,54,23,Neustadt/Nord,Neustadt/Nord,,https://www.openstreetmap.org/?mlat=50.937444&mlon=6.939564#map=18/50.937444/6.939564,
S-02,2527,Vogelsang,Girlitzweg v Nr.22b geg Nr 24,in Fahrtrichtung Wasseramselweg,hausnummer,50.950433,6.884633,"Girlitzweg 22, Vogelsang, 50829 Köln, Deutschland",https://www.openstreetmap.org/?mlat=50.950433&mlon=6.884633#map=18/50.950433/6.884633,osm_hausnummer 22b,50.948588,6.884481,205,216,Vogelsang,Vogelsang,205 m von OSM-Hausnummer; 216 m neben der Straße,https://www.openstreetmap.org/?mlat=50.948588&mlon=6.884481#map=18/50.948588/6.884481,"50.948588,6.884481 · OSM-Abgleich: Geocoder-Punkt 205 m von der OSM-Adresse entfernt; ersetzt durch OSM-Adresse Nr. 22b"
S-02,2528,Vogelsang,Girlitzweg geg.Nr.24 v.Hs.22b,in Fahrtrichtung Vitalisstr.,hausnummer,50.948547,6.883225,"Girlitzweg 24, Vogelsang, 50829 Köln, Deutschland",https://www.openstreetmap.org/?mlat=50.948547&mlon=6.883225#map=18/50.948547/6.883225,osm_hausnummer 24,50.948537,6.883232,1,41,Vogelsang,Vogelsang,,https://www.openstreetmap.org/?mlat=50.948537&mlon=6.883232#map=18/50.948537/6.883232,
S-02,2531,Rodenkirchen,Frankstraße HS.Nr.19-47,in Fahrtrichtung Konrad AdenauerStr,strasse,50.895328,6.990793,"Frankstraße, Rodenkirchen, 50996 Köln, Deutschland",https://www.openstreetmap.org/?mlat=50.895328&mlon=6.990793#map=18/50.895328/6.990793,osm_hausnummer 19–47,50.894622,6.987615,236,0,Rodenkirchen,Rodenkirchen,genauigkeit=strasse; 236 m von OSM-Hausnummer,https://www.openstreetmap.org/?mlat=50.894622&mlon=6.987615#map=18/50.894622/6.987615,"50.894622,6.987615 · OSM-Abgleich: Geocoder-Punkt 236 m von der OSM-Adresse entfernt; ersetzt durch OSM-Adresse Nr. 19–47"
S-02,2532,Rodenkirchen,Frankstraße HS.Nr.47-19,in Fahrtrichtung Brückenstraße,hausnummer,50.894397,6.985839,"Frankstraße 47, Rodenkirchen, 50996 Köln, Deutschland",https://www.openstreetmap.org/?mlat=50.894397&mlon=6.985839#map=18/50.894397/6.985839,osm_hausnummer 47–19,50.894622,6.987615,127,13,Rodenkirchen,Rodenkirchen,,https://www.openstreetmap.org/?mlat=50.894622&mlon=6.987615#map=18/50.894622/6.987615,
S-02,2533,Raderthal,Markusstr.ggüb.Lat.Nr.27-33,in Fahrtrichtung Hönninger Platz,strasse,50.900427,6.950539,"Markusstraße, Raderthal, 50968 Köln, Deutschland",https://www.openstreetmap.org/?mlat=50.900427&mlon=6.950539#map=18/50.900427/6.950539,osm_strasse (±300 m),50.900487,6.949479,75,0,Raderthal,Raderthal,genauigkeit=strasse,https://www.openstreetmap.org/?mlat=50.900487&mlon=6.949479#map=18/50.900487/6.949479,
S-02,2534,Raderthal,Markusstr. ggüb.Lat.33-27,in Fahrtrichtung Brühlerstr.,strasse,50.900427,6.950539,"Markusstraße, Raderthal, 50968 Köln, Deutschland",https://www.openstreetmap.org/?mlat=50.900427&mlon=6.950539#map=18/50.900427/6.950539,osm_strasse (±300 m),50.900487,6.949479,75,0,Raderthal,Raderthal,genauigkeit=strasse,https://www.openstreetmap.org/?mlat=50.900487&mlon=6.949479#map=18/50.900487/6.949479,
S-02,2535,Longerich,Longericher Str. geg.LNR 197,in Fahrtrichtung Lohmüllerstr.,stadtteil,50.997324,6.913713,"Longerich, Köln, NW, Deutschland",https://www.openstreetmap.org/?mlat=50.997324&mlon=6.913713#map=18/50.997324/6.913713,osm_strasse (±1010 m),50.994524,6.91432,314,13,Longerich,Longerich,genauigkeit=stadtteil,https://www.openstreetmap.org/?mlat=50.994524&mlon=6.914320#map=18/50.994524/6.914320,", · OSM-Abgleich: Geocoder fand nur den Stadtteil; Straße im Stadtteil zu lang für einen verlässlichen Punkt (±1010 m) → weggelassen"
S-02,2537,Fühlingen,Neusser Landstr.Hs.Nr.140-172,in Fahrtrichtung Kreisverkehr,hausnummer,51.040132,6.902034,"Neusser Landstraße 140, Fühlingen, 50769 Köln, Deutschland",https://www.openstreetmap.org/?mlat=51.040132&mlon=6.902034#map=18/51.040132/6.902034,osm_hausnummer 140–172,51.041033,6.901193,116,16,Fühlingen,Fühlingen,,https://www.openstreetmap.org/?mlat=51.041033&mlon=6.901193#map=18/51.041033/6.901193,
S-02,2538,Fühlingen,Neusser Landstr.Hs.Nr.109-77,in Fahrtrichtung Roggendorfer Weg,hausnummer,51.041345,6.899798,"Neusser Landstraße 109, Fühlingen, 50769 Köln, Deutschland",https://www.openstreetmap.org/?mlat=51.041345&mlon=6.899798#map=18/51.041345/6.899798,osm_hausnummer 109–77,51.040392,6.900889,131,29,Fühlingen,Fühlingen,,https://www.openstreetmap.org/?mlat=51.040392&mlon=6.900889#map=18/51.040392/6.900889,
S-02,2539,Kalk,Kalk-Mülheimer Str.HsNr 2-150,in Fahrtrichtung Wipperfürther Str.,hausnummer,50.937967,7.00064,"Kalk-Mülheimer Straße 2, 51103 Köln, Deutschland",https://www.openstreetmap.org/?mlat=50.937967&mlon=7.000640#map=18/50.937967/7.000640,osm_hausnummer 2–150,50.940658,7.00112,301,12,Kalk,Kalk,301 m von OSM-Hausnummer,https://www.openstreetmap.org/?mlat=50.940658&mlon=7.001120#map=18/50.940658/7.001120,"50.940658,7.001120 · OSM-Abgleich: Geocoder-Punkt 301 m von der OSM-Adresse entfernt; ersetzt durch OSM-Adresse Nr. 2–150"
S-02,2540,Mülheim,Deutz-MülheimerStr.geg.186-180,in Fahrtrichtung Messeallee Nord,hausnummer,50.953307,6.990629,"Deutz-Mülheimer Straße 186, 51063 Köln, Deutschland",https://www.openstreetmap.org/?mlat=50.953307&mlon=6.990629#map=18/50.953307/6.990629,osm_strasse (±1480 m),50.950581,6.988292,345,0,Mülheim,Mülheim,,https://www.openstreetmap.org/?mlat=50.950581&mlon=6.988292#map=18/50.950581/6.988292,
S-02,2541,Worringen,Alte Neusser Landstr.198-190,in Fahrtrichtung Neusser Landstr.,hausnummer,51.06134,6.872387,"Alte Neusser Landstraße 198, Worringen, 50769 Köln, Deutschland",https://www.openstreetmap.org/?mlat=51.061340&mlon=6.872387#map=18/51.061340/6.872387,osm_hausnummer 198–190,51.061171,6.872732,31,20,Worringen,Worringen,,https://www.openstreetmap.org/?mlat=51.061171&mlon=6.872732#map=18/51.061171/6.872732,
S-02,2542,Worringen,Alte Neusser Landstr. 190-198,in Fahrtrichtung Am Frohnweiher,hausnummer,51.061011,6.873101,"Alte Neusser Landstraße 190, Worringen, 50769 Köln, Deutschland",https://www.openstreetmap.org/?mlat=51.061011&mlon=6.873101#map=18/51.061011/6.873101,osm_hausnummer 190–198,51.061171,6.872732,31,24,Worringen,Worringen,,https://www.openstreetmap.org/?mlat=51.061171&mlon=6.872732#map=18/51.061171/6.872732,
